policy_name,policy_index,policy_file,statement_index,statement_id,statement_effect,statement_action,statement_resource,request_object_id,individual_request_id,action,resource,principal,condition,expected_effect,actual_result,solver_result,is_correct
policy_5_iter_1.json,,/home/bhall2/Documents/fixmypolicy/FL/Experiment-2/temp_validation/val-50-ollamaa/policy_5_iter_1.json,1,allow_a8fd7ef6,Allow,['sts:AssumeRoleWithWebIdentity'],arn:aws:iam::{account id}:role/{role name},allow_a8fd7ef6,allow_a8fd7ef6_combo_1,sts:AssumeRoleWithWebIdentity,arn:aws:iam::{account id}:role/{role name},arn:aws:iam::{account id}:oidc-provider/gitlab.com,{'StringLike': {'gitlab.com:sub': 'project_path:{redacted}/*:ref_type:branch:ref:*'}},allow,allow,sat,True
policy_5_iter_1.json,,/home/bhall2/Documents/fixmypolicy/FL/Experiment-2/temp_validation/val-50-ollamaa/policy_5_iter_1.json,1,allow_a8fd7ef6,Allow,['sts:AssumeRoleWithWebIdentity'],arn:aws:iam::{account id}:role/{role name},allow_e641a090,allow_e641a090_combo_1,sts:AssumeRoleWithWebIdentity,arn:aws:iam::{account id}:role/{role name},arn:aws:iam::{account id}:oidc-provider/gitlab.com,{'StringLike': {'gitlab.com:sub': 'project_path:{redacted}/*:ref_type:branch:ref:*'}},allow,allow,sat,True
policy_5_iter_1.json,,/home/bhall2/Documents/fixmypolicy/FL/Experiment-2/temp_validation/val-50-ollamaa/policy_5_iter_1.json,1,allow_a8fd7ef6,Allow,['sts:AssumeRoleWithWebIdentity'],arn:aws:iam::{account id}:role/{role name},deny_f13ef671,deny_f13ef671_combo_1,iam:CreateUser,arn:aws:iam::{account id}:role/{role name},arn:aws:iam::123456789012:user/alice,{'DateLessThan': {'aws:CurrentTime': '2025-12-31T23:59:59Z'}},deny,deny,unsat,True
policy_5_iter_1.json,,/home/bhall2/Documents/fixmypolicy/FL/Experiment-2/temp_validation/val-50-ollamaa/policy_5_iter_1.json,1,allow_a8fd7ef6,Allow,['sts:AssumeRoleWithWebIdentity'],arn:aws:iam::{account id}:role/{role name},allow_d28acd92,allow_d28acd92_combo_1,sts:TagSession,arn:aws:iam::{account id}:role/{role name},arn:aws:iam::123456789012:user/alice,{'DateGreaterThan': {'aws:CurrentTime': '2024-01-01T00:00:00Z'}},allow,deny,unsat,False
policy_5_iter_1.json,,/home/bhall2/Documents/fixmypolicy/FL/Experiment-2/temp_validation/val-50-ollamaa/policy_5_iter_1.json,1,allow_a8fd7ef6,Allow,['sts:AssumeRoleWithWebIdentity'],arn:aws:iam::{account id}:role/{role name},allow_d28acd92,allow_d28acd92_combo_2,sts:AssumeRoleWithWebIdentity,arn:aws:iam::{account id}:role/{role name},arn:aws:iam::123456789012:user/alice,{'DateGreaterThan': {'aws:CurrentTime': '2024-01-01T00:00:00Z'}},allow,deny,unsat,False
policy_5_iter_1.json,,/home/bhall2/Documents/fixmypolicy/FL/Experiment-2/temp_validation/val-50-ollamaa/policy_5_iter_1.json,1,allow_a8fd7ef6,Allow,['sts:AssumeRoleWithWebIdentity'],arn:aws:iam::{account id}:role/{role name},allow_ad67e7d3,allow_ad67e7d3_combo_1,sts:TagSession,arn:aws:iam::{account id}:role/{role name},arn:aws:iam::{account id}:oidc-provider/gitlab.com,{'StringLike': {'gitlab.com:sub': 'project_path:{redacted}/ref_type:branch:ref'}},allow,deny,unsat,False
policy_5_iter_1.json,,/home/bhall2/Documents/fixmypolicy/FL/Experiment-2/temp_validation/val-50-ollamaa/policy_5_iter_1.json,1,allow_a8fd7ef6,Allow,['sts:AssumeRoleWithWebIdentity'],arn:aws:iam::{account id}:role/{role name},allow_ad67e7d3,allow_ad67e7d3_combo_2,sts:AssumeRoleWithWebIdentity,arn:aws:iam::{account id}:role/{role name},arn:aws:iam::{account id}:oidc-provider/gitlab.com,{'StringLike': {'gitlab.com:sub': 'project_path:{redacted}/ref_type:branch:ref'}},allow,allow,sat,True
policy_5_iter_1.json,,/home/bhall2/Documents/fixmypolicy/FL/Experiment-2/temp_validation/val-50-ollamaa/policy_5_iter_1.json,1,allow_a8fd7ef6,Allow,['sts:AssumeRoleWithWebIdentity'],arn:aws:iam::{account id}:role/{role name},deny_51d9c228,deny_51d9c228_combo_1,ec2:RunInstances,arn:aws:iam::{account id}:role/{role name},arn:aws:iam::123456789012:user/alice,{'DateLessThan': {'aws:CurrentTime': '2025-12-31T23:59:59Z'}},deny,deny,unsat,True
policy_5_iter_1.json,,/home/bhall2/Documents/fixmypolicy/FL/Experiment-2/temp_validation/val-50-ollamaa/policy_5_iter_1.json,1,allow_a8fd7ef6,Allow,['sts:AssumeRoleWithWebIdentity'],arn:aws:iam::{account id}:role/{role name},deny_c81babfb,deny_c81babfb_combo_1,sts:TagSession,forbidden-arn:aws:iam::{account id}:role/{role name}-specific,arn:aws:iam::{account id}:oidc-provider/forbidden-gitlab.com,{'IpAddress': {'aws:SourceIp': '203.0.113.0/24'}},deny,deny,unsat,True
policy_5_iter_1.json,,/home/bhall2/Documents/fixmypolicy/FL/Experiment-2/temp_validation/val-50-ollamaa/policy_5_iter_1.json,1,allow_a8fd7ef6,Allow,['sts:AssumeRoleWithWebIdentity'],arn:aws:iam::{account id}:role/{role name},deny_c81babfb,deny_c81babfb_combo_2,sts:AssumeRoleWithWebIdentity,forbidden-arn:aws:iam::{account id}:role/{role name}-specific,arn:aws:iam::{account id}:oidc-provider/forbidden-gitlab.com,{'IpAddress': {'aws:SourceIp': '203.0.113.0/24'}},deny,deny,unsat,True
policy_5_iter_1.json,,/home/bhall2/Documents/fixmypolicy/FL/Experiment-2/temp_validation/val-50-ollamaa/policy_5_iter_1.json,1,allow_a8fd7ef6,Allow,['sts:AssumeRoleWithWebIdentity'],arn:aws:iam::{account id}:role/{role name},deny_d9e1c623,deny_d9e1c623_combo_1,sts:AssumeRoleWithWebIdentity,arn:aws:iam::{account id}:role/{role name}-forbidden-resource,arn:aws:iam::999888777666:oidc-provider/gitlab.com,{'StringEquals': {'aws:RequestedRegion': 'us-east-1'}},deny,deny,unsat,True
policy_5_iter_1.json,,/home/bhall2/Documents/fixmypolicy/FL/Experiment-2/temp_validation/val-50-ollamaa/policy_5_iter_1.json,1,allow_a8fd7ef6,Allow,['sts:AssumeRoleWithWebIdentity'],arn:aws:iam::{account id}:role/{role name},deny_eae39e7d,deny_eae39e7d_combo_1,lambda:CreateFunction,arn:aws:iam::{account id}:role/{role name},arn:aws:iam::{account id}:oidc-provider/forbidden-gitlab.com,{'DateLessThan': {'aws:CurrentTime': '2025-12-31T23:59:59Z'}},deny,deny,unsat,True
policy_5_iter_1.json,,/home/bhall2/Documents/fixmypolicy/FL/Experiment-2/temp_validation/val-50-ollamaa/policy_5_iter_1.json,1,allow_a8fd7ef6,Allow,['sts:AssumeRoleWithWebIdentity'],arn:aws:iam::{account id}:role/{role name},allow_277adc8e,allow_277adc8e_combo_1,sts:TagSession,arn:aws:iam::{account id}:role/{role name},arn:aws:iam::{account id}:oidc-provider/gitlab.com,{'StringLike': {'gitlab.com:sub': 'project_path:{redacted}/ref_type:branch:ref'}},allow,deny,unsat,False
policy_5_iter_1.json,,/home/bhall2/Documents/fixmypolicy/FL/Experiment-2/temp_validation/val-50-ollamaa/policy_5_iter_1.json,1,allow_a8fd7ef6,Allow,['sts:AssumeRoleWithWebIdentity'],arn:aws:iam::{account id}:role/{role name},allow_277adc8e,allow_277adc8e_combo_2,sts:AssumeRoleWithWebIdentity,arn:aws:iam::{account id}:role/{role name},arn:aws:iam::{account id}:oidc-provider/gitlab.com,{'StringLike': {'gitlab.com:sub': 'project_path:{redacted}/ref_type:branch:ref'}},allow,allow,sat,True
policy_5_iter_1.json,,/home/bhall2/Documents/fixmypolicy/FL/Experiment-2/temp_validation/val-50-ollamaa/policy_5_iter_1.json,1,allow_a8fd7ef6,Allow,['sts:AssumeRoleWithWebIdentity'],arn:aws:iam::{account id}:role/{role name},deny_2efa2500,deny_2efa2500_combo_1,sts:TagSession,arn:aws:iam::{account id}:role/{role name}-forbidden-resource,arn:aws:iam::{account id}:oidc-provider/gitlab.com,{'StringLike': {'gitlab.com:sub': 'project_path:{redacted}/*:ref_type:branch:ref:*'}},deny,deny,unsat,True
policy_5_iter_1.json,,/home/bhall2/Documents/fixmypolicy/FL/Experiment-2/temp_validation/val-50-ollamaa/policy_5_iter_1.json,1,allow_a8fd7ef6,Allow,['sts:AssumeRoleWithWebIdentity'],arn:aws:iam::{account id}:role/{role name},deny_2efa2500,deny_2efa2500_combo_2,sts:AssumeRoleWithWebIdentity,arn:aws:iam::{account id}:role/{role name}-forbidden-resource,arn:aws:iam::{account id}:oidc-provider/gitlab.com,{'StringLike': {'gitlab.com:sub': 'project_path:{redacted}/*:ref_type:branch:ref:*'}},deny,deny,unsat,True
policy_5_iter_1.json,,/home/bhall2/Documents/fixmypolicy/FL/Experiment-2/temp_validation/val-50-ollamaa/policy_5_iter_1.json,1,allow_a8fd7ef6,Allow,['sts:AssumeRoleWithWebIdentity'],arn:aws:iam::{account id}:role/{role name},allow_4b2e6812,allow_4b2e6812_combo_1,sts:TagSession,arn:aws:iam::{account id}:role/{role name},arn:aws:iam::999888777666:oidc-provider/gitlab.com,{'StringEquals': {'aws:RequestedRegion': 'us-west-2'}},allow,deny,unsat,False
policy_5_iter_1.json,,/home/bhall2/Documents/fixmypolicy/FL/Experiment-2/temp_validation/val-50-ollamaa/policy_5_iter_1.json,1,allow_a8fd7ef6,Allow,['sts:AssumeRoleWithWebIdentity'],arn:aws:iam::{account id}:role/{role name},allow_4b2e6812,allow_4b2e6812_combo_2,sts:AssumeRoleWithWebIdentity,arn:aws:iam::{account id}:role/{role name},arn:aws:iam::999888777666:oidc-provider/gitlab.com,{'StringEquals': {'aws:RequestedRegion': 'us-west-2'}},allow,deny,unsat,False
policy_5_iter_1.json,,/home/bhall2/Documents/fixmypolicy/FL/Experiment-2/temp_validation/val-50-ollamaa/policy_5_iter_1.json,1,allow_a8fd7ef6,Allow,['sts:AssumeRoleWithWebIdentity'],arn:aws:iam::{account id}:role/{role name},deny_2ccddee4,deny_2ccddee4_combo_1,iam:DeleteUser,arn:aws:iam::{account id}:role/{role name},arn:aws:iam::999888777666:oidc-provider/gitlab.com,{'DateLessThan': {'aws:CurrentTime': '2025-12-31T23:59:59Z'}},deny,deny,unsat,True
policy_5_iter_1.json,,/home/bhall2/Documents/fixmypolicy/FL/Experiment-2/temp_validation/val-50-ollamaa/policy_5_iter_1.json,1,allow_a8fd7ef6,Allow,['sts:AssumeRoleWithWebIdentity'],arn:aws:iam::{account id}:role/{role name},allow_8d6aad9f,allow_8d6aad9f_combo_1,sts:TagSession,arn:aws:iam::{account id}:role/{role name},arn:aws:iam::{account id}:oidc-provider/gitlab.com,{'StringLike': {'gitlab.com:sub': 'project_path:{redacted}/*:ref_type:branch:ref:*'}},allow,deny,unsat,False
policy_5_iter_1.json,,/home/bhall2/Documents/fixmypolicy/FL/Experiment-2/temp_validation/val-50-ollamaa/policy_5_iter_1.json,1,allow_a8fd7ef6,Allow,['sts:AssumeRoleWithWebIdentity'],arn:aws:iam::{account id}:role/{role name},allow_8d6aad9f,allow_8d6aad9f_combo_2,sts:AssumeRoleWithWebIdentity,arn:aws:iam::{account id}:role/{role name},arn:aws:iam::{account id}:oidc-provider/gitlab.com,{'StringLike': {'gitlab.com:sub': 'project_path:{redacted}/*:ref_type:branch:ref:*'}},allow,allow,sat,True
policy_5_iter_1.json,,/home/bhall2/Documents/fixmypolicy/FL/Experiment-2/temp_validation/val-50-ollamaa/policy_5_iter_1.json,1,allow_a8fd7ef6,Allow,['sts:AssumeRoleWithWebIdentity'],arn:aws:iam::{account id}:role/{role name},allow_46828ad7,allow_46828ad7_combo_1,sts:AssumeRoleWithWebIdentity,arn:aws:iam::{account id}:role/{role name},arn:aws:iam::123456789012:user/alice,{'DateGreaterThan': {'aws:CurrentTime': '2024-01-01T00:00:00Z'}},allow,deny,unsat,False
policy_5_iter_1.json,,/home/bhall2/Documents/fixmypolicy/FL/Experiment-2/temp_validation/val-50-ollamaa/policy_5_iter_1.json,1,allow_a8fd7ef6,Allow,['sts:AssumeRoleWithWebIdentity'],arn:aws:iam::{account id}:role/{role name},allow_46828ad7,allow_46828ad7_combo_2,sts:TagSession,arn:aws:iam::{account id}:role/{role name},arn:aws:iam::123456789012:user/alice,{'DateGreaterThan': {'aws:CurrentTime': '2024-01-01T00:00:00Z'}},allow,deny,unsat,False
policy_5_iter_1.json,,/home/bhall2/Documents/fixmypolicy/FL/Experiment-2/temp_validation/val-50-ollamaa/policy_5_iter_1.json,1,allow_a8fd7ef6,Allow,['sts:AssumeRoleWithWebIdentity'],arn:aws:iam::{account id}:role/{role name},deny_284a8d13,deny_284a8d13_combo_1,lambda:CreateFunction,arn:aws:iam::{account id}:role/{role name},arn:aws:iam::123456789012:user/alice,{'DateLessThan': {'aws:CurrentTime': '2025-12-31T23:59:59Z'}},deny,deny,unsat,True
policy_5_iter_1.json,,/home/bhall2/Documents/fixmypolicy/FL/Experiment-2/temp_validation/val-50-ollamaa/policy_5_iter_1.json,1,allow_a8fd7ef6,Allow,['sts:AssumeRoleWithWebIdentity'],arn:aws:iam::{account id}:role/{role name},allow_d296b21a,allow_d296b21a_combo_1,sts:TagSession,arn:aws:iam::{account id}:role/{role name},arn:aws:iam::999888777666:oidc-provider/gitlab.com,{'StringEquals': {'aws:RequestedRegion': 'us-east-1'}},allow,deny,unsat,False
policy_5_iter_1.json,,/home/bhall2/Documents/fixmypolicy/FL/Experiment-2/temp_validation/val-50-ollamaa/policy_5_iter_1.json,1,allow_a8fd7ef6,Allow,['sts:AssumeRoleWithWebIdentity'],arn:aws:iam::{account id}:role/{role name},allow_d296b21a,allow_d296b21a_combo_2,sts:AssumeRoleWithWebIdentity,arn:aws:iam::{account id}:role/{role name},arn:aws:iam::999888777666:oidc-provider/gitlab.com,{'StringEquals': {'aws:RequestedRegion': 'us-east-1'}},allow,deny,unsat,False
policy_5_iter_1.json,,/home/bhall2/Documents/fixmypolicy/FL/Experiment-2/temp_validation/val-50-ollamaa/policy_5_iter_1.json,1,allow_a8fd7ef6,Allow,['sts:AssumeRoleWithWebIdentity'],arn:aws:iam::{account id}:role/{role name},deny_0f38f412,deny_0f38f412_combo_1,ec2:RunInstances,arn:aws:iam::{account id}:role/{role name},arn:aws:iam::123456789012:user/alice,{'IpAddress': {'aws:SourceIp': '203.0.113.0/24'}},deny,deny,unsat,True
policy_5_iter_1.json,,/home/bhall2/Documents/fixmypolicy/FL/Experiment-2/temp_validation/val-50-ollamaa/policy_5_iter_1.json,1,allow_a8fd7ef6,Allow,['sts:AssumeRoleWithWebIdentity'],arn:aws:iam::{account id}:role/{role name},deny_dccafd42,deny_dccafd42_combo_1,sts:TagSession,forbidden-arn:aws:iam::{account id}:role/{role name}-specific,arn:aws:iam::{account id}:oidc-provider/forbidden-gitlab.com,{'DateLessThan': {'aws:CurrentTime': '2025-12-31T23:59:59Z'}},deny,deny,unsat,True
policy_5_iter_1.json,,/home/bhall2/Documents/fixmypolicy/FL/Experiment-2/temp_validation/val-50-ollamaa/policy_5_iter_1.json,1,allow_a8fd7ef6,Allow,['sts:AssumeRoleWithWebIdentity'],arn:aws:iam::{account id}:role/{role name},deny_dccafd42,deny_dccafd42_combo_2,sts:AssumeRoleWithWebIdentity,forbidden-arn:aws:iam::{account id}:role/{role name}-specific,arn:aws:iam::{account id}:oidc-provider/forbidden-gitlab.com,{'DateLessThan': {'aws:CurrentTime': '2025-12-31T23:59:59Z'}},deny,deny,unsat,True
policy_5_iter_1.json,,/home/bhall2/Documents/fixmypolicy/FL/Experiment-2/temp_validation/val-50-ollamaa/policy_5_iter_1.json,1,allow_a8fd7ef6,Allow,['sts:AssumeRoleWithWebIdentity'],arn:aws:iam::{account id}:role/{role name},allow_b3521fa7,allow_b3521fa7_combo_1,sts:AssumeRoleWithWebIdentity,arn:aws:iam::{account id}:role/{role name},arn:aws:iam::{account id}:oidc-provider/gitlab.com,{'StringLike': {'gitlab.com:sub': 'project_path:{redacted}/*:ref_type:branch:ref:*'}},allow,allow,sat,True
policy_5_iter_1.json,,/home/bhall2/Documents/fixmypolicy/FL/Experiment-2/temp_validation/val-50-ollamaa/policy_5_iter_1.json,1,allow_a8fd7ef6,Allow,['sts:AssumeRoleWithWebIdentity'],arn:aws:iam::{account id}:role/{role name},deny_5cdc410d,deny_5cdc410d_combo_1,sts:AssumeRoleWithWebIdentity,arn:aws:iam::{account id}:role/{role name}-forbidden-resource,arn:aws:iam::999888777666:oidc-provider/gitlab.com,{'DateLessThan': {'aws:CurrentTime': '2025-12-31T23:59:59Z'}},deny,deny,unsat,True
policy_5_iter_1.json,,/home/bhall2/Documents/fixmypolicy/FL/Experiment-2/temp_validation/val-50-ollamaa/policy_5_iter_1.json,1,allow_a8fd7ef6,Allow,['sts:AssumeRoleWithWebIdentity'],arn:aws:iam::{account id}:role/{role name},allow_1a3aa330,allow_1a3aa330_combo_1,sts:TagSession,arn:aws:iam::{account id}:role/{role name},arn:aws:iam::{account id}:oidc-provider/gitlab.com,{'StringLike': {'gitlab.com:sub': 'project_path:{redacted}/*:ref_type:branch:ref:*'}},allow,deny,unsat,False
policy_5_iter_1.json,,/home/bhall2/Documents/fixmypolicy/FL/Experiment-2/temp_validation/val-50-ollamaa/policy_5_iter_1.json,1,allow_a8fd7ef6,Allow,['sts:AssumeRoleWithWebIdentity'],arn:aws:iam::{account id}:role/{role name},allow_1a3aa330,allow_1a3aa330_combo_2,sts:AssumeRoleWithWebIdentity,arn:aws:iam::{account id}:role/{role name},arn:aws:iam::{account id}:oidc-provider/gitlab.com,{'StringLike': {'gitlab.com:sub': 'project_path:{redacted}/*:ref_type:branch:ref:*'}},allow,allow,sat,True
policy_5_iter_1.json,,/home/bhall2/Documents/fixmypolicy/FL/Experiment-2/temp_validation/val-50-ollamaa/policy_5_iter_1.json,1,allow_a8fd7ef6,Allow,['sts:AssumeRoleWithWebIdentity'],arn:aws:iam::{account id}:role/{role name},deny_8dc7e4d8,deny_8dc7e4d8_combo_1,sts:TagSession,arn:aws:iam::{account id}:role/{role name}-forbidden-resource,arn:aws:iam::{account id}:oidc-provider/gitlab.com,{'StringLike': {'gitlab.com:sub': 'project_path:{redacted}/*:ref_type:branch:ref:*'}},deny,deny,unsat,True
policy_5_iter_1.json,,/home/bhall2/Documents/fixmypolicy/FL/Experiment-2/temp_validation/val-50-ollamaa/policy_5_iter_1.json,1,allow_a8fd7ef6,Allow,['sts:AssumeRoleWithWebIdentity'],arn:aws:iam::{account id}:role/{role name},allow_a3073d0d,allow_a3073d0d_combo_1,sts:TagSession,arn:aws:iam::{account id}:role/{role name},arn:aws:iam::{account id}:oidc-provider/gitlab.com,{'StringLike': {'gitlab.com:sub': 'project_path:{redacted}/*:ref_type:branch:ref:*'}},allow,deny,unsat,False
policy_5_iter_1.json,,/home/bhall2/Documents/fixmypolicy/FL/Experiment-2/temp_validation/val-50-ollamaa/policy_5_iter_1.json,1,allow_a8fd7ef6,Allow,['sts:AssumeRoleWithWebIdentity'],arn:aws:iam::{account id}:role/{role name},allow_a3073d0d,allow_a3073d0d_combo_2,sts:AssumeRoleWithWebIdentity,arn:aws:iam::{account id}:role/{role name},arn:aws:iam::{account id}:oidc-provider/gitlab.com,{'StringLike': {'gitlab.com:sub': 'project_path:{redacted}/*:ref_type:branch:ref:*'}},allow,allow,sat,True
policy_5_iter_1.json,,/home/bhall2/Documents/fixmypolicy/FL/Experiment-2/temp_validation/val-50-ollamaa/policy_5_iter_1.json,1,allow_a8fd7ef6,Allow,['sts:AssumeRoleWithWebIdentity'],arn:aws:iam::{account id}:role/{role name},allow_39a49474,allow_39a49474_combo_1,sts:AssumeRoleWithWebIdentity,arn:aws:iam::{account id}:role/{role name},arn:aws:iam::{account id}:oidc-provider/gitlab.com,{'StringLike': {'gitlab.com:sub': 'project_path:{redacted}/*:ref_type:branch:ref:*'}},allow,allow,sat,True
policy_5_iter_1.json,,/home/bhall2/Documents/fixmypolicy/FL/Experiment-2/temp_validation/val-50-ollamaa/policy_5_iter_1.json,1,allow_a8fd7ef6,Allow,['sts:AssumeRoleWithWebIdentity'],arn:aws:iam::{account id}:role/{role name},allow_39a49474,allow_39a49474_combo_2,sts:TagSession,arn:aws:iam::{account id}:role/{role name},arn:aws:iam::{account id}:oidc-provider/gitlab.com,{'StringLike': {'gitlab.com:sub': 'project_path:{redacted}/*:ref_type:branch:ref:*'}},allow,deny,unsat,False
policy_5_iter_1.json,,/home/bhall2/Documents/fixmypolicy/FL/Experiment-2/temp_validation/val-50-ollamaa/policy_5_iter_1.json,1,allow_a8fd7ef6,Allow,['sts:AssumeRoleWithWebIdentity'],arn:aws:iam::{account id}:role/{role name},deny_b2a7386a,deny_b2a7386a_combo_1,iam:DeleteUser,arn:aws:iam::{account id}:role/{role name},arn:aws:iam::999888777666:oidc-provider/gitlab.com,{'StringEquals': {'aws:RequestedRegion': 'us-west-2'}},deny,deny,unsat,True
policy_5_iter_1.json,,/home/bhall2/Documents/fixmypolicy/FL/Experiment-2/temp_validation/val-50-ollamaa/policy_5_iter_1.json,1,allow_a8fd7ef6,Allow,['sts:AssumeRoleWithWebIdentity'],arn:aws:iam::{account id}:role/{role name},deny_200cd3bf,deny_200cd3bf_combo_1,sts:AssumeRoleWithWebIdentity,arn:aws:iam::{account id}:role/{role name}-forbidden-resource,arn:aws:iam::123456789012:user/alice,{'StringEquals': {'aws:RequestedRegion': 'us-east-1'}},deny,deny,unsat,True
policy_5_iter_1.json,,/home/bhall2/Documents/fixmypolicy/FL/Experiment-2/temp_validation/val-50-ollamaa/policy_5_iter_1.json,1,allow_a8fd7ef6,Allow,['sts:AssumeRoleWithWebIdentity'],arn:aws:iam::{account id}:role/{role name},allow_9e959d67,allow_9e959d67_combo_1,sts:TagSession,arn:aws:iam::{account id}:role/{role name},arn:aws:iam::{account id}:oidc-provider/gitlab.com,{'StringLike': {'gitlab.com:sub': 'project_path:{redacted}/*:ref_type:branch:ref:*'}},allow,deny,unsat,False
policy_5_iter_1.json,,/home/bhall2/Documents/fixmypolicy/FL/Experiment-2/temp_validation/val-50-ollamaa/policy_5_iter_1.json,1,allow_a8fd7ef6,Allow,['sts:AssumeRoleWithWebIdentity'],arn:aws:iam::{account id}:role/{role name},allow_8b2a35e8,allow_8b2a35e8_combo_1,sts:TagSession,arn:aws:iam::{account id}:role/{role name},arn:aws:iam::123456789012:user/alice,{'StringEquals': {'aws:RequestedRegion': 'us-east-1'}},allow,deny,unsat,False
policy_5_iter_1.json,,/home/bhall2/Documents/fixmypolicy/FL/Experiment-2/temp_validation/val-50-ollamaa/policy_5_iter_1.json,1,allow_a8fd7ef6,Allow,['sts:AssumeRoleWithWebIdentity'],arn:aws:iam::{account id}:role/{role name},allow_a7f5ef81,allow_a7f5ef81_combo_1,sts:TagSession,arn:aws:iam::{account id}:role/{role name},arn:aws:iam::{account id}:oidc-provider/gitlab.com,{'StringLike': {'gitlab.com:sub': 'project_path:{redacted}/*:ref_type:branch:ref:*'}},allow,deny,unsat,False
policy_5_iter_1.json,,/home/bhall2/Documents/fixmypolicy/FL/Experiment-2/temp_validation/val-50-ollamaa/policy_5_iter_1.json,1,allow_a8fd7ef6,Allow,['sts:AssumeRoleWithWebIdentity'],arn:aws:iam::{account id}:role/{role name},deny_a61a5c77,deny_a61a5c77_combo_1,ec2:DescribeInstances,arn:aws:iam::{account id}:role/{role name},arn:aws:iam::{account id}:oidc-provider/forbidden-gitlab.com,{'IpAddress': {'aws:SourceIp': '203.0.113.0/24'}},deny,deny,unsat,True
policy_5_iter_1.json,,/home/bhall2/Documents/fixmypolicy/FL/Experiment-2/temp_validation/val-50-ollamaa/policy_5_iter_1.json,1,allow_a8fd7ef6,Allow,['sts:AssumeRoleWithWebIdentity'],arn:aws:iam::{account id}:role/{role name},allow_8fe72846,allow_8fe72846_combo_1,sts:AssumeRoleWithWebIdentity,arn:aws:iam::{account id}:role/{role name},arn:aws:iam::{account id}:oidc-provider/gitlab.com,{'StringLike': {'gitlab.com:sub': 'project_path:{redacted}/*:ref_type:branch:ref:*'}},allow,allow,sat,True
policy_5_iter_1.json,,/home/bhall2/Documents/fixmypolicy/FL/Experiment-2/temp_validation/val-50-ollamaa/policy_5_iter_1.json,1,allow_a8fd7ef6,Allow,['sts:AssumeRoleWithWebIdentity'],arn:aws:iam::{account id}:role/{role name},allow_8fe72846,allow_8fe72846_combo_2,sts:TagSession,arn:aws:iam::{account id}:role/{role name},arn:aws:iam::{account id}:oidc-provider/gitlab.com,{'StringLike': {'gitlab.com:sub': 'project_path:{redacted}/*:ref_type:branch:ref:*'}},allow,deny,unsat,False
policy_5_iter_1.json,,/home/bhall2/Documents/fixmypolicy/FL/Experiment-2/temp_validation/val-50-ollamaa/policy_5_iter_1.json,1,allow_a8fd7ef6,Allow,['sts:AssumeRoleWithWebIdentity'],arn:aws:iam::{account id}:role/{role name},allow_b9703ac8,allow_b9703ac8_combo_1,sts:AssumeRoleWithWebIdentity,arn:aws:iam::{account id}:role/{role name},arn:aws:iam::{account id}:oidc-provider/gitlab.com,{'StringLike': {'gitlab.com:sub': 'project_path:{redacted}/*:ref_type:branch:ref:*'}},allow,allow,sat,True
policy_5_iter_1.json,,/home/bhall2/Documents/fixmypolicy/FL/Experiment-2/temp_validation/val-50-ollamaa/policy_5_iter_1.json,1,allow_a8fd7ef6,Allow,['sts:AssumeRoleWithWebIdentity'],arn:aws:iam::{account id}:role/{role name},allow_b9703ac8,allow_b9703ac8_combo_2,sts:TagSession,arn:aws:iam::{account id}:role/{role name},arn:aws:iam::{account id}:oidc-provider/gitlab.com,{'StringLike': {'gitlab.com:sub': 'project_path:{redacted}/*:ref_type:branch:ref:*'}},allow,deny,unsat,False
policy_5_iter_1.json,,/home/bhall2/Documents/fixmypolicy/FL/Experiment-2/temp_validation/val-50-ollamaa/policy_5_iter_1.json,1,allow_a8fd7ef6,Allow,['sts:AssumeRoleWithWebIdentity'],arn:aws:iam::{account id}:role/{role name},deny_fda03fc6,deny_fda03fc6_combo_1,sts:AssumeRoleWithWebIdentity,arn:aws:iam::{account id}:role/{role name}-forbidden-resource,arn:aws:iam::{account id}:oidc-provider/gitlab.com,{'StringLike': {'gitlab.com:sub': 'project_path:{redacted}/*:ref_type:branch:ref:*'}},deny,deny,unsat,True
policy_5_iter_1.json,,/home/bhall2/Documents/fixmypolicy/FL/Experiment-2/temp_validation/val-50-ollamaa/policy_5_iter_1.json,1,allow_a8fd7ef6,Allow,['sts:AssumeRoleWithWebIdentity'],arn:aws:iam::{account id}:role/{role name},deny_fda03fc6,deny_fda03fc6_combo_2,sts:TagSession,arn:aws:iam::{account id}:role/{role name}-forbidden-resource,arn:aws:iam::{account id}:oidc-provider/gitlab.com,{'StringLike': {'gitlab.com:sub': 'project_path:{redacted}/*:ref_type:branch:ref:*'}},deny,deny,unsat,True
policy_5_iter_1.json,,/home/bhall2/Documents/fixmypolicy/FL/Experiment-2/temp_validation/val-50-ollamaa/policy_5_iter_1.json,2,allow_e641a090,Allow,['sts:AssumeRoleWithWebIdentity'],arn:aws:iam::{account id}:role/{role name},allow_a8fd7ef6,allow_a8fd7ef6_combo_1,sts:AssumeRoleWithWebIdentity,arn:aws:iam::{account id}:role/{role name},arn:aws:iam::{account id}:oidc-provider/gitlab.com,{'StringLike': {'gitlab.com:sub': 'project_path:{redacted}/*:ref_type:branch:ref:*'}},allow,allow,sat,True
policy_5_iter_1.json,,/home/bhall2/Documents/fixmypolicy/FL/Experiment-2/temp_validation/val-50-ollamaa/policy_5_iter_1.json,2,allow_e641a090,Allow,['sts:AssumeRoleWithWebIdentity'],arn:aws:iam::{account id}:role/{role name},allow_e641a090,allow_e641a090_combo_1,sts:AssumeRoleWithWebIdentity,arn:aws:iam::{account id}:role/{role name},arn:aws:iam::{account id}:oidc-provider/gitlab.com,{'StringLike': {'gitlab.com:sub': 'project_path:{redacted}/*:ref_type:branch:ref:*'}},allow,allow,sat,True
policy_5_iter_1.json,,/home/bhall2/Documents/fixmypolicy/FL/Experiment-2/temp_validation/val-50-ollamaa/policy_5_iter_1.json,2,allow_e641a090,Allow,['sts:AssumeRoleWithWebIdentity'],arn:aws:iam::{account id}:role/{role name},deny_f13ef671,deny_f13ef671_combo_1,iam:CreateUser,arn:aws:iam::{account id}:role/{role name},arn:aws:iam::123456789012:user/alice,{'DateLessThan': {'aws:CurrentTime': '2025-12-31T23:59:59Z'}},deny,deny,unsat,True
policy_5_iter_1.json,,/home/bhall2/Documents/fixmypolicy/FL/Experiment-2/temp_validation/val-50-ollamaa/policy_5_iter_1.json,2,allow_e641a090,Allow,['sts:AssumeRoleWithWebIdentity'],arn:aws:iam::{account id}:role/{role name},allow_d28acd92,allow_d28acd92_combo_1,sts:TagSession,arn:aws:iam::{account id}:role/{role name},arn:aws:iam::123456789012:user/alice,{'DateGreaterThan': {'aws:CurrentTime': '2024-01-01T00:00:00Z'}},allow,deny,unsat,False
policy_5_iter_1.json,,/home/bhall2/Documents/fixmypolicy/FL/Experiment-2/temp_validation/val-50-ollamaa/policy_5_iter_1.json,2,allow_e641a090,Allow,['sts:AssumeRoleWithWebIdentity'],arn:aws:iam::{account id}:role/{role name},allow_d28acd92,allow_d28acd92_combo_2,sts:AssumeRoleWithWebIdentity,arn:aws:iam::{account id}:role/{role name},arn:aws:iam::123456789012:user/alice,{'DateGreaterThan': {'aws:CurrentTime': '2024-01-01T00:00:00Z'}},allow,deny,unsat,False
policy_5_iter_1.json,,/home/bhall2/Documents/fixmypolicy/FL/Experiment-2/temp_validation/val-50-ollamaa/policy_5_iter_1.json,2,allow_e641a090,Allow,['sts:AssumeRoleWithWebIdentity'],arn:aws:iam::{account id}:role/{role name},allow_ad67e7d3,allow_ad67e7d3_combo_1,sts:TagSession,arn:aws:iam::{account id}:role/{role name},arn:aws:iam::{account id}:oidc-provider/gitlab.com,{'StringLike': {'gitlab.com:sub': 'project_path:{redacted}/ref_type:branch:ref'}},allow,deny,unsat,False
policy_5_iter_1.json,,/home/bhall2/Documents/fixmypolicy/FL/Experiment-2/temp_validation/val-50-ollamaa/policy_5_iter_1.json,2,allow_e641a090,Allow,['sts:AssumeRoleWithWebIdentity'],arn:aws:iam::{account id}:role/{role name},allow_ad67e7d3,allow_ad67e7d3_combo_2,sts:AssumeRoleWithWebIdentity,arn:aws:iam::{account id}:role/{role name},arn:aws:iam::{account id}:oidc-provider/gitlab.com,{'StringLike': {'gitlab.com:sub': 'project_path:{redacted}/ref_type:branch:ref'}},allow,allow,sat,True
policy_5_iter_1.json,,/home/bhall2/Documents/fixmypolicy/FL/Experiment-2/temp_validation/val-50-ollamaa/policy_5_iter_1.json,2,allow_e641a090,Allow,['sts:AssumeRoleWithWebIdentity'],arn:aws:iam::{account id}:role/{role name},deny_51d9c228,deny_51d9c228_combo_1,ec2:RunInstances,arn:aws:iam::{account id}:role/{role name},arn:aws:iam::123456789012:user/alice,{'DateLessThan': {'aws:CurrentTime': '2025-12-31T23:59:59Z'}},deny,deny,unsat,True
policy_5_iter_1.json,,/home/bhall2/Documents/fixmypolicy/FL/Experiment-2/temp_validation/val-50-ollamaa/policy_5_iter_1.json,2,allow_e641a090,Allow,['sts:AssumeRoleWithWebIdentity'],arn:aws:iam::{account id}:role/{role name},deny_c81babfb,deny_c81babfb_combo_1,sts:TagSession,forbidden-arn:aws:iam::{account id}:role/{role name}-specific,arn:aws:iam::{account id}:oidc-provider/forbidden-gitlab.com,{'IpAddress': {'aws:SourceIp': '203.0.113.0/24'}},deny,deny,unsat,True
policy_5_iter_1.json,,/home/bhall2/Documents/fixmypolicy/FL/Experiment-2/temp_validation/val-50-ollamaa/policy_5_iter_1.json,2,allow_e641a090,Allow,['sts:AssumeRoleWithWebIdentity'],arn:aws:iam::{account id}:role/{role name},deny_c81babfb,deny_c81babfb_combo_2,sts:AssumeRoleWithWebIdentity,forbidden-arn:aws:iam::{account id}:role/{role name}-specific,arn:aws:iam::{account id}:oidc-provider/forbidden-gitlab.com,{'IpAddress': {'aws:SourceIp': '203.0.113.0/24'}},deny,deny,unsat,True
policy_5_iter_1.json,,/home/bhall2/Documents/fixmypolicy/FL/Experiment-2/temp_validation/val-50-ollamaa/policy_5_iter_1.json,2,allow_e641a090,Allow,['sts:AssumeRoleWithWebIdentity'],arn:aws:iam::{account id}:role/{role name},deny_d9e1c623,deny_d9e1c623_combo_1,sts:AssumeRoleWithWebIdentity,arn:aws:iam::{account id}:role/{role name}-forbidden-resource,arn:aws:iam::999888777666:oidc-provider/gitlab.com,{'StringEquals': {'aws:RequestedRegion': 'us-east-1'}},deny,deny,unsat,True
policy_5_iter_1.json,,/home/bhall2/Documents/fixmypolicy/FL/Experiment-2/temp_validation/val-50-ollamaa/policy_5_iter_1.json,2,allow_e641a090,Allow,['sts:AssumeRoleWithWebIdentity'],arn:aws:iam::{account id}:role/{role name},deny_eae39e7d,deny_eae39e7d_combo_1,lambda:CreateFunction,arn:aws:iam::{account id}:role/{role name},arn:aws:iam::{account id}:oidc-provider/forbidden-gitlab.com,{'DateLessThan': {'aws:CurrentTime': '2025-12-31T23:59:59Z'}},deny,deny,unsat,True
policy_5_iter_1.json,,/home/bhall2/Documents/fixmypolicy/FL/Experiment-2/temp_validation/val-50-ollamaa/policy_5_iter_1.json,2,allow_e641a090,Allow,['sts:AssumeRoleWithWebIdentity'],arn:aws:iam::{account id}:role/{role name},allow_277adc8e,allow_277adc8e_combo_1,sts:TagSession,arn:aws:iam::{account id}:role/{role name},arn:aws:iam::{account id}:oidc-provider/gitlab.com,{'StringLike': {'gitlab.com:sub': 'project_path:{redacted}/ref_type:branch:ref'}},allow,deny,unsat,False
policy_5_iter_1.json,,/home/bhall2/Documents/fixmypolicy/FL/Experiment-2/temp_validation/val-50-ollamaa/policy_5_iter_1.json,2,allow_e641a090,Allow,['sts:AssumeRoleWithWebIdentity'],arn:aws:iam::{account id}:role/{role name},allow_277adc8e,allow_277adc8e_combo_2,sts:AssumeRoleWithWebIdentity,arn:aws:iam::{account id}:role/{role name},arn:aws:iam::{account id}:oidc-provider/gitlab.com,{'StringLike': {'gitlab.com:sub': 'project_path:{redacted}/ref_type:branch:ref'}},allow,allow,sat,True
policy_5_iter_1.json,,/home/bhall2/Documents/fixmypolicy/FL/Experiment-2/temp_validation/val-50-ollamaa/policy_5_iter_1.json,2,allow_e641a090,Allow,['sts:AssumeRoleWithWebIdentity'],arn:aws:iam::{account id}:role/{role name},deny_2efa2500,deny_2efa2500_combo_1,sts:TagSession,arn:aws:iam::{account id}:role/{role name}-forbidden-resource,arn:aws:iam::{account id}:oidc-provider/gitlab.com,{'StringLike': {'gitlab.com:sub': 'project_path:{redacted}/*:ref_type:branch:ref:*'}},deny,deny,unsat,True
policy_5_iter_1.json,,/home/bhall2/Documents/fixmypolicy/FL/Experiment-2/temp_validation/val-50-ollamaa/policy_5_iter_1.json,2,allow_e641a090,Allow,['sts:AssumeRoleWithWebIdentity'],arn:aws:iam::{account id}:role/{role name},deny_2efa2500,deny_2efa2500_combo_2,sts:AssumeRoleWithWebIdentity,arn:aws:iam::{account id}:role/{role name}-forbidden-resource,arn:aws:iam::{account id}:oidc-provider/gitlab.com,{'StringLike': {'gitlab.com:sub': 'project_path:{redacted}/*:ref_type:branch:ref:*'}},deny,deny,unsat,True
policy_5_iter_1.json,,/home/bhall2/Documents/fixmypolicy/FL/Experiment-2/temp_validation/val-50-ollamaa/policy_5_iter_1.json,2,allow_e641a090,Allow,['sts:AssumeRoleWithWebIdentity'],arn:aws:iam::{account id}:role/{role name},allow_4b2e6812,allow_4b2e6812_combo_1,sts:TagSession,arn:aws:iam::{account id}:role/{role name},arn:aws:iam::999888777666:oidc-provider/gitlab.com,{'StringEquals': {'aws:RequestedRegion': 'us-west-2'}},allow,deny,unsat,False
policy_5_iter_1.json,,/home/bhall2/Documents/fixmypolicy/FL/Experiment-2/temp_validation/val-50-ollamaa/policy_5_iter_1.json,2,allow_e641a090,Allow,['sts:AssumeRoleWithWebIdentity'],arn:aws:iam::{account id}:role/{role name},allow_4b2e6812,allow_4b2e6812_combo_2,sts:AssumeRoleWithWebIdentity,arn:aws:iam::{account id}:role/{role name},arn:aws:iam::999888777666:oidc-provider/gitlab.com,{'StringEquals': {'aws:RequestedRegion': 'us-west-2'}},allow,deny,unsat,False
policy_5_iter_1.json,,/home/bhall2/Documents/fixmypolicy/FL/Experiment-2/temp_validation/val-50-ollamaa/policy_5_iter_1.json,2,allow_e641a090,Allow,['sts:AssumeRoleWithWebIdentity'],arn:aws:iam::{account id}:role/{role name},deny_2ccddee4,deny_2ccddee4_combo_1,iam:DeleteUser,arn:aws:iam::{account id}:role/{role name},arn:aws:iam::999888777666:oidc-provider/gitlab.com,{'DateLessThan': {'aws:CurrentTime': '2025-12-31T23:59:59Z'}},deny,deny,unsat,True
policy_5_iter_1.json,,/home/bhall2/Documents/fixmypolicy/FL/Experiment-2/temp_validation/val-50-ollamaa/policy_5_iter_1.json,2,allow_e641a090,Allow,['sts:AssumeRoleWithWebIdentity'],arn:aws:iam::{account id}:role/{role name},allow_8d6aad9f,allow_8d6aad9f_combo_1,sts:TagSession,arn:aws:iam::{account id}:role/{role name},arn:aws:iam::{account id}:oidc-provider/gitlab.com,{'StringLike': {'gitlab.com:sub': 'project_path:{redacted}/*:ref_type:branch:ref:*'}},allow,deny,unsat,False
policy_5_iter_1.json,,/home/bhall2/Documents/fixmypolicy/FL/Experiment-2/temp_validation/val-50-ollamaa/policy_5_iter_1.json,2,allow_e641a090,Allow,['sts:AssumeRoleWithWebIdentity'],arn:aws:iam::{account id}:role/{role name},allow_8d6aad9f,allow_8d6aad9f_combo_2,sts:AssumeRoleWithWebIdentity,arn:aws:iam::{account id}:role/{role name},arn:aws:iam::{account id}:oidc-provider/gitlab.com,{'StringLike': {'gitlab.com:sub': 'project_path:{redacted}/*:ref_type:branch:ref:*'}},allow,allow,sat,True
policy_5_iter_1.json,,/home/bhall2/Documents/fixmypolicy/FL/Experiment-2/temp_validation/val-50-ollamaa/policy_5_iter_1.json,2,allow_e641a090,Allow,['sts:AssumeRoleWithWebIdentity'],arn:aws:iam::{account id}:role/{role name},allow_46828ad7,allow_46828ad7_combo_1,sts:AssumeRoleWithWebIdentity,arn:aws:iam::{account id}:role/{role name},arn:aws:iam::123456789012:user/alice,{'DateGreaterThan': {'aws:CurrentTime': '2024-01-01T00:00:00Z'}},allow,deny,unsat,False
policy_5_iter_1.json,,/home/bhall2/Documents/fixmypolicy/FL/Experiment-2/temp_validation/val-50-ollamaa/policy_5_iter_1.json,2,allow_e641a090,Allow,['sts:AssumeRoleWithWebIdentity'],arn:aws:iam::{account id}:role/{role name},allow_46828ad7,allow_46828ad7_combo_2,sts:TagSession,arn:aws:iam::{account id}:role/{role name},arn:aws:iam::123456789012:user/alice,{'DateGreaterThan': {'aws:CurrentTime': '2024-01-01T00:00:00Z'}},allow,deny,unsat,False
policy_5_iter_1.json,,/home/bhall2/Documents/fixmypolicy/FL/Experiment-2/temp_validation/val-50-ollamaa/policy_5_iter_1.json,2,allow_e641a090,Allow,['sts:AssumeRoleWithWebIdentity'],arn:aws:iam::{account id}:role/{role name},deny_284a8d13,deny_284a8d13_combo_1,lambda:CreateFunction,arn:aws:iam::{account id}:role/{role name},arn:aws:iam::123456789012:user/alice,{'DateLessThan': {'aws:CurrentTime': '2025-12-31T23:59:59Z'}},deny,deny,unsat,True
policy_5_iter_1.json,,/home/bhall2/Documents/fixmypolicy/FL/Experiment-2/temp_validation/val-50-ollamaa/policy_5_iter_1.json,2,allow_e641a090,Allow,['sts:AssumeRoleWithWebIdentity'],arn:aws:iam::{account id}:role/{role name},allow_d296b21a,allow_d296b21a_combo_1,sts:TagSession,arn:aws:iam::{account id}:role/{role name},arn:aws:iam::999888777666:oidc-provider/gitlab.com,{'StringEquals': {'aws:RequestedRegion': 'us-east-1'}},allow,deny,unsat,False
policy_5_iter_1.json,,/home/bhall2/Documents/fixmypolicy/FL/Experiment-2/temp_validation/val-50-ollamaa/policy_5_iter_1.json,2,allow_e641a090,Allow,['sts:AssumeRoleWithWebIdentity'],arn:aws:iam::{account id}:role/{role name},allow_d296b21a,allow_d296b21a_combo_2,sts:AssumeRoleWithWebIdentity,arn:aws:iam::{account id}:role/{role name},arn:aws:iam::999888777666:oidc-provider/gitlab.com,{'StringEquals': {'aws:RequestedRegion': 'us-east-1'}},allow,deny,unsat,False
policy_5_iter_1.json,,/home/bhall2/Documents/fixmypolicy/FL/Experiment-2/temp_validation/val-50-ollamaa/policy_5_iter_1.json,2,allow_e641a090,Allow,['sts:AssumeRoleWithWebIdentity'],arn:aws:iam::{account id}:role/{role name},deny_0f38f412,deny_0f38f412_combo_1,ec2:RunInstances,arn:aws:iam::{account id}:role/{role name},arn:aws:iam::123456789012:user/alice,{'IpAddress': {'aws:SourceIp': '203.0.113.0/24'}},deny,deny,unsat,True
policy_5_iter_1.json,,/home/bhall2/Documents/fixmypolicy/FL/Experiment-2/temp_validation/val-50-ollamaa/policy_5_iter_1.json,2,allow_e641a090,Allow,['sts:AssumeRoleWithWebIdentity'],arn:aws:iam::{account id}:role/{role name},deny_dccafd42,deny_dccafd42_combo_1,sts:TagSession,forbidden-arn:aws:iam::{account id}:role/{role name}-specific,arn:aws:iam::{account id}:oidc-provider/forbidden-gitlab.com,{'DateLessThan': {'aws:CurrentTime': '2025-12-31T23:59:59Z'}},deny,deny,unsat,True
policy_5_iter_1.json,,/home/bhall2/Documents/fixmypolicy/FL/Experiment-2/temp_validation/val-50-ollamaa/policy_5_iter_1.json,2,allow_e641a090,Allow,['sts:AssumeRoleWithWebIdentity'],arn:aws:iam::{account id}:role/{role name},deny_dccafd42,deny_dccafd42_combo_2,sts:AssumeRoleWithWebIdentity,forbidden-arn:aws:iam::{account id}:role/{role name}-specific,arn:aws:iam::{account id}:oidc-provider/forbidden-gitlab.com,{'DateLessThan': {'aws:CurrentTime': '2025-12-31T23:59:59Z'}},deny,deny,unsat,True
policy_5_iter_1.json,,/home/bhall2/Documents/fixmypolicy/FL/Experiment-2/temp_validation/val-50-ollamaa/policy_5_iter_1.json,2,allow_e641a090,Allow,['sts:AssumeRoleWithWebIdentity'],arn:aws:iam::{account id}:role/{role name},allow_b3521fa7,allow_b3521fa7_combo_1,sts:AssumeRoleWithWebIdentity,arn:aws:iam::{account id}:role/{role name},arn:aws:iam::{account id}:oidc-provider/gitlab.com,{'StringLike': {'gitlab.com:sub': 'project_path:{redacted}/*:ref_type:branch:ref:*'}},allow,allow,sat,True
policy_5_iter_1.json,,/home/bhall2/Documents/fixmypolicy/FL/Experiment-2/temp_validation/val-50-ollamaa/policy_5_iter_1.json,2,allow_e641a090,Allow,['sts:AssumeRoleWithWebIdentity'],arn:aws:iam::{account id}:role/{role name},deny_5cdc410d,deny_5cdc410d_combo_1,sts:AssumeRoleWithWebIdentity,arn:aws:iam::{account id}:role/{role name}-forbidden-resource,arn:aws:iam::999888777666:oidc-provider/gitlab.com,{'DateLessThan': {'aws:CurrentTime': '2025-12-31T23:59:59Z'}},deny,deny,unsat,True
policy_5_iter_1.json,,/home/bhall2/Documents/fixmypolicy/FL/Experiment-2/temp_validation/val-50-ollamaa/policy_5_iter_1.json,2,allow_e641a090,Allow,['sts:AssumeRoleWithWebIdentity'],arn:aws:iam::{account id}:role/{role name},allow_1a3aa330,allow_1a3aa330_combo_1,sts:TagSession,arn:aws:iam::{account id}:role/{role name},arn:aws:iam::{account id}:oidc-provider/gitlab.com,{'StringLike': {'gitlab.com:sub': 'project_path:{redacted}/*:ref_type:branch:ref:*'}},allow,deny,unsat,False
policy_5_iter_1.json,,/home/bhall2/Documents/fixmypolicy/FL/Experiment-2/temp_validation/val-50-ollamaa/policy_5_iter_1.json,2,allow_e641a090,Allow,['sts:AssumeRoleWithWebIdentity'],arn:aws:iam::{account id}:role/{role name},allow_1a3aa330,allow_1a3aa330_combo_2,sts:AssumeRoleWithWebIdentity,arn:aws:iam::{account id}:role/{role name},arn:aws:iam::{account id}:oidc-provider/gitlab.com,{'StringLike': {'gitlab.com:sub': 'project_path:{redacted}/*:ref_type:branch:ref:*'}},allow,allow,sat,True
policy_5_iter_1.json,,/home/bhall2/Documents/fixmypolicy/FL/Experiment-2/temp_validation/val-50-ollamaa/policy_5_iter_1.json,2,allow_e641a090,Allow,['sts:AssumeRoleWithWebIdentity'],arn:aws:iam::{account id}:role/{role name},deny_8dc7e4d8,deny_8dc7e4d8_combo_1,sts:TagSession,arn:aws:iam::{account id}:role/{role name}-forbidden-resource,arn:aws:iam::{account id}:oidc-provider/gitlab.com,{'StringLike': {'gitlab.com:sub': 'project_path:{redacted}/*:ref_type:branch:ref:*'}},deny,deny,unsat,True
policy_5_iter_1.json,,/home/bhall2/Documents/fixmypolicy/FL/Experiment-2/temp_validation/val-50-ollamaa/policy_5_iter_1.json,2,allow_e641a090,Allow,['sts:AssumeRoleWithWebIdentity'],arn:aws:iam::{account id}:role/{role name},allow_a3073d0d,allow_a3073d0d_combo_1,sts:TagSession,arn:aws:iam::{account id}:role/{role name},arn:aws:iam::{account id}:oidc-provider/gitlab.com,{'StringLike': {'gitlab.com:sub': 'project_path:{redacted}/*:ref_type:branch:ref:*'}},allow,deny,unsat,False
policy_5_iter_1.json,,/home/bhall2/Documents/fixmypolicy/FL/Experiment-2/temp_validation/val-50-ollamaa/policy_5_iter_1.json,2,allow_e641a090,Allow,['sts:AssumeRoleWithWebIdentity'],arn:aws:iam::{account id}:role/{role name},allow_a3073d0d,allow_a3073d0d_combo_2,sts:AssumeRoleWithWebIdentity,arn:aws:iam::{account id}:role/{role name},arn:aws:iam::{account id}:oidc-provider/gitlab.com,{'StringLike': {'gitlab.com:sub': 'project_path:{redacted}/*:ref_type:branch:ref:*'}},allow,allow,sat,True
policy_5_iter_1.json,,/home/bhall2/Documents/fixmypolicy/FL/Experiment-2/temp_validation/val-50-ollamaa/policy_5_iter_1.json,2,allow_e641a090,Allow,['sts:AssumeRoleWithWebIdentity'],arn:aws:iam::{account id}:role/{role name},allow_39a49474,allow_39a49474_combo_1,sts:AssumeRoleWithWebIdentity,arn:aws:iam::{account id}:role/{role name},arn:aws:iam::{account id}:oidc-provider/gitlab.com,{'StringLike': {'gitlab.com:sub': 'project_path:{redacted}/*:ref_type:branch:ref:*'}},allow,allow,sat,True
policy_5_iter_1.json,,/home/bhall2/Documents/fixmypolicy/FL/Experiment-2/temp_validation/val-50-ollamaa/policy_5_iter_1.json,2,allow_e641a090,Allow,['sts:AssumeRoleWithWebIdentity'],arn:aws:iam::{account id}:role/{role name},allow_39a49474,allow_39a49474_combo_2,sts:TagSession,arn:aws:iam::{account id}:role/{role name},arn:aws:iam::{account id}:oidc-provider/gitlab.com,{'StringLike': {'gitlab.com:sub': 'project_path:{redacted}/*:ref_type:branch:ref:*'}},allow,deny,unsat,False
policy_5_iter_1.json,,/home/bhall2/Documents/fixmypolicy/FL/Experiment-2/temp_validation/val-50-ollamaa/policy_5_iter_1.json,2,allow_e641a090,Allow,['sts:AssumeRoleWithWebIdentity'],arn:aws:iam::{account id}:role/{role name},deny_b2a7386a,deny_b2a7386a_combo_1,iam:DeleteUser,arn:aws:iam::{account id}:role/{role name},arn:aws:iam::999888777666:oidc-provider/gitlab.com,{'StringEquals': {'aws:RequestedRegion': 'us-west-2'}},deny,deny,unsat,True
policy_5_iter_1.json,,/home/bhall2/Documents/fixmypolicy/FL/Experiment-2/temp_validation/val-50-ollamaa/policy_5_iter_1.json,2,allow_e641a090,Allow,['sts:AssumeRoleWithWebIdentity'],arn:aws:iam::{account id}:role/{role name},deny_200cd3bf,deny_200cd3bf_combo_1,sts:AssumeRoleWithWebIdentity,arn:aws:iam::{account id}:role/{role name}-forbidden-resource,arn:aws:iam::123456789012:user/alice,{'StringEquals': {'aws:RequestedRegion': 'us-east-1'}},deny,deny,unsat,True
policy_5_iter_1.json,,/home/bhall2/Documents/fixmypolicy/FL/Experiment-2/temp_validation/val-50-ollamaa/policy_5_iter_1.json,2,allow_e641a090,Allow,['sts:AssumeRoleWithWebIdentity'],arn:aws:iam::{account id}:role/{role name},allow_9e959d67,allow_9e959d67_combo_1,sts:TagSession,arn:aws:iam::{account id}:role/{role name},arn:aws:iam::{account id}:oidc-provider/gitlab.com,{'StringLike': {'gitlab.com:sub': 'project_path:{redacted}/*:ref_type:branch:ref:*'}},allow,deny,unsat,False
policy_5_iter_1.json,,/home/bhall2/Documents/fixmypolicy/FL/Experiment-2/temp_validation/val-50-ollamaa/policy_5_iter_1.json,2,allow_e641a090,Allow,['sts:AssumeRoleWithWebIdentity'],arn:aws:iam::{account id}:role/{role name},allow_8b2a35e8,allow_8b2a35e8_combo_1,sts:TagSession,arn:aws:iam::{account id}:role/{role name},arn:aws:iam::123456789012:user/alice,{'StringEquals': {'aws:RequestedRegion': 'us-east-1'}},allow,deny,unsat,False
policy_5_iter_1.json,,/home/bhall2/Documents/fixmypolicy/FL/Experiment-2/temp_validation/val-50-ollamaa/policy_5_iter_1.json,2,allow_e641a090,Allow,['sts:AssumeRoleWithWebIdentity'],arn:aws:iam::{account id}:role/{role name},allow_a7f5ef81,allow_a7f5ef81_combo_1,sts:TagSession,arn:aws:iam::{account id}:role/{role name},arn:aws:iam::{account id}:oidc-provider/gitlab.com,{'StringLike': {'gitlab.com:sub': 'project_path:{redacted}/*:ref_type:branch:ref:*'}},allow,deny,unsat,False
policy_5_iter_1.json,,/home/bhall2/Documents/fixmypolicy/FL/Experiment-2/temp_validation/val-50-ollamaa/policy_5_iter_1.json,2,allow_e641a090,Allow,['sts:AssumeRoleWithWebIdentity'],arn:aws:iam::{account id}:role/{role name},deny_a61a5c77,deny_a61a5c77_combo_1,ec2:DescribeInstances,arn:aws:iam::{account id}:role/{role name},arn:aws:iam::{account id}:oidc-provider/forbidden-gitlab.com,{'IpAddress': {'aws:SourceIp': '203.0.113.0/24'}},deny,deny,unsat,True
policy_5_iter_1.json,,/home/bhall2/Documents/fixmypolicy/FL/Experiment-2/temp_validation/val-50-ollamaa/policy_5_iter_1.json,2,allow_e641a090,Allow,['sts:AssumeRoleWithWebIdentity'],arn:aws:iam::{account id}:role/{role name},allow_8fe72846,allow_8fe72846_combo_1,sts:AssumeRoleWithWebIdentity,arn:aws:iam::{account id}:role/{role name},arn:aws:iam::{account id}:oidc-provider/gitlab.com,{'StringLike': {'gitlab.com:sub': 'project_path:{redacted}/*:ref_type:branch:ref:*'}},allow,allow,sat,True
policy_5_iter_1.json,,/home/bhall2/Documents/fixmypolicy/FL/Experiment-2/temp_validation/val-50-ollamaa/policy_5_iter_1.json,2,allow_e641a090,Allow,['sts:AssumeRoleWithWebIdentity'],arn:aws:iam::{account id}:role/{role name},allow_8fe72846,allow_8fe72846_combo_2,sts:TagSession,arn:aws:iam::{account id}:role/{role name},arn:aws:iam::{account id}:oidc-provider/gitlab.com,{'StringLike': {'gitlab.com:sub': 'project_path:{redacted}/*:ref_type:branch:ref:*'}},allow,deny,unsat,False
policy_5_iter_1.json,,/home/bhall2/Documents/fixmypolicy/FL/Experiment-2/temp_validation/val-50-ollamaa/policy_5_iter_1.json,2,allow_e641a090,Allow,['sts:AssumeRoleWithWebIdentity'],arn:aws:iam::{account id}:role/{role name},allow_b9703ac8,allow_b9703ac8_combo_1,sts:AssumeRoleWithWebIdentity,arn:aws:iam::{account id}:role/{role name},arn:aws:iam::{account id}:oidc-provider/gitlab.com,{'StringLike': {'gitlab.com:sub': 'project_path:{redacted}/*:ref_type:branch:ref:*'}},allow,allow,sat,True
policy_5_iter_1.json,,/home/bhall2/Documents/fixmypolicy/FL/Experiment-2/temp_validation/val-50-ollamaa/policy_5_iter_1.json,2,allow_e641a090,Allow,['sts:AssumeRoleWithWebIdentity'],arn:aws:iam::{account id}:role/{role name},allow_b9703ac8,allow_b9703ac8_combo_2,sts:TagSession,arn:aws:iam::{account id}:role/{role name},arn:aws:iam::{account id}:oidc-provider/gitlab.com,{'StringLike': {'gitlab.com:sub': 'project_path:{redacted}/*:ref_type:branch:ref:*'}},allow,deny,unsat,False
policy_5_iter_1.json,,/home/bhall2/Documents/fixmypolicy/FL/Experiment-2/temp_validation/val-50-ollamaa/policy_5_iter_1.json,2,allow_e641a090,Allow,['sts:AssumeRoleWithWebIdentity'],arn:aws:iam::{account id}:role/{role name},deny_fda03fc6,deny_fda03fc6_combo_1,sts:AssumeRoleWithWebIdentity,arn:aws:iam::{account id}:role/{role name}-forbidden-resource,arn:aws:iam::{account id}:oidc-provider/gitlab.com,{'StringLike': {'gitlab.com:sub': 'project_path:{redacted}/*:ref_type:branch:ref:*'}},deny,deny,unsat,True
policy_5_iter_1.json,,/home/bhall2/Documents/fixmypolicy/FL/Experiment-2/temp_validation/val-50-ollamaa/policy_5_iter_1.json,2,allow_e641a090,Allow,['sts:AssumeRoleWithWebIdentity'],arn:aws:iam::{account id}:role/{role name},deny_fda03fc6,deny_fda03fc6_combo_2,sts:TagSession,arn:aws:iam::{account id}:role/{role name}-forbidden-resource,arn:aws:iam::{account id}:oidc-provider/gitlab.com,{'StringLike': {'gitlab.com:sub': 'project_path:{redacted}/*:ref_type:branch:ref:*'}},deny,deny,unsat,True
policy_5_iter_1.json,,/home/bhall2/Documents/fixmypolicy/FL/Experiment-2/temp_validation/val-50-ollamaa/policy_5_iter_1.json,3,allow_d28acd92,Allow,"['sts:TagSession', 'sts:AssumeRoleWithWebIdentity']",arn:aws:iam::{account id}:role/{role name},allow_a8fd7ef6,allow_a8fd7ef6_combo_1,sts:AssumeRoleWithWebIdentity,arn:aws:iam::{account id}:role/{role name},arn:aws:iam::{account id}:oidc-provider/gitlab.com,{'StringLike': {'gitlab.com:sub': 'project_path:{redacted}/*:ref_type:branch:ref:*'}},allow,deny,unsat,False
policy_5_iter_1.json,,/home/bhall2/Documents/fixmypolicy/FL/Experiment-2/temp_validation/val-50-ollamaa/policy_5_iter_1.json,3,allow_d28acd92,Allow,"['sts:TagSession', 'sts:AssumeRoleWithWebIdentity']",arn:aws:iam::{account id}:role/{role name},allow_e641a090,allow_e641a090_combo_1,sts:AssumeRoleWithWebIdentity,arn:aws:iam::{account id}:role/{role name},arn:aws:iam::{account id}:oidc-provider/gitlab.com,{'StringLike': {'gitlab.com:sub': 'project_path:{redacted}/*:ref_type:branch:ref:*'}},allow,deny,unsat,False
policy_5_iter_1.json,,/home/bhall2/Documents/fixmypolicy/FL/Experiment-2/temp_validation/val-50-ollamaa/policy_5_iter_1.json,3,allow_d28acd92,Allow,"['sts:TagSession', 'sts:AssumeRoleWithWebIdentity']",arn:aws:iam::{account id}:role/{role name},deny_f13ef671,deny_f13ef671_combo_1,iam:CreateUser,arn:aws:iam::{account id}:role/{role name},arn:aws:iam::123456789012:user/alice,{'DateLessThan': {'aws:CurrentTime': '2025-12-31T23:59:59Z'}},deny,deny,unsat,True
policy_5_iter_1.json,,/home/bhall2/Documents/fixmypolicy/FL/Experiment-2/temp_validation/val-50-ollamaa/policy_5_iter_1.json,3,allow_d28acd92,Allow,"['sts:TagSession', 'sts:AssumeRoleWithWebIdentity']",arn:aws:iam::{account id}:role/{role name},allow_d28acd92,allow_d28acd92_combo_1,sts:TagSession,arn:aws:iam::{account id}:role/{role name},arn:aws:iam::123456789012:user/alice,{'DateGreaterThan': {'aws:CurrentTime': '2024-01-01T00:00:00Z'}},allow,allow,sat,True
policy_5_iter_1.json,,/home/bhall2/Documents/fixmypolicy/FL/Experiment-2/temp_validation/val-50-ollamaa/policy_5_iter_1.json,3,allow_d28acd92,Allow,"['sts:TagSession', 'sts:AssumeRoleWithWebIdentity']",arn:aws:iam::{account id}:role/{role name},allow_d28acd92,allow_d28acd92_combo_2,sts:AssumeRoleWithWebIdentity,arn:aws:iam::{account id}:role/{role name},arn:aws:iam::123456789012:user/alice,{'DateGreaterThan': {'aws:CurrentTime': '2024-01-01T00:00:00Z'}},allow,allow,sat,True
policy_5_iter_1.json,,/home/bhall2/Documents/fixmypolicy/FL/Experiment-2/temp_validation/val-50-ollamaa/policy_5_iter_1.json,3,allow_d28acd92,Allow,"['sts:TagSession', 'sts:AssumeRoleWithWebIdentity']",arn:aws:iam::{account id}:role/{role name},allow_ad67e7d3,allow_ad67e7d3_combo_1,sts:TagSession,arn:aws:iam::{account id}:role/{role name},arn:aws:iam::{account id}:oidc-provider/gitlab.com,{'StringLike': {'gitlab.com:sub': 'project_path:{redacted}/ref_type:branch:ref'}},allow,deny,unsat,False
policy_5_iter_1.json,,/home/bhall2/Documents/fixmypolicy/FL/Experiment-2/temp_validation/val-50-ollamaa/policy_5_iter_1.json,3,allow_d28acd92,Allow,"['sts:TagSession', 'sts:AssumeRoleWithWebIdentity']",arn:aws:iam::{account id}:role/{role name},allow_ad67e7d3,allow_ad67e7d3_combo_2,sts:AssumeRoleWithWebIdentity,arn:aws:iam::{account id}:role/{role name},arn:aws:iam::{account id}:oidc-provider/gitlab.com,{'StringLike': {'gitlab.com:sub': 'project_path:{redacted}/ref_type:branch:ref'}},allow,deny,unsat,False
policy_5_iter_1.json,,/home/bhall2/Documents/fixmypolicy/FL/Experiment-2/temp_validation/val-50-ollamaa/policy_5_iter_1.json,3,allow_d28acd92,Allow,"['sts:TagSession', 'sts:AssumeRoleWithWebIdentity']",arn:aws:iam::{account id}:role/{role name},deny_51d9c228,deny_51d9c228_combo_1,ec2:RunInstances,arn:aws:iam::{account id}:role/{role name},arn:aws:iam::123456789012:user/alice,{'DateLessThan': {'aws:CurrentTime': '2025-12-31T23:59:59Z'}},deny,deny,unsat,True
policy_5_iter_1.json,,/home/bhall2/Documents/fixmypolicy/FL/Experiment-2/temp_validation/val-50-ollamaa/policy_5_iter_1.json,3,allow_d28acd92,Allow,"['sts:TagSession', 'sts:AssumeRoleWithWebIdentity']",arn:aws:iam::{account id}:role/{role name},deny_c81babfb,deny_c81babfb_combo_1,sts:TagSession,forbidden-arn:aws:iam::{account id}:role/{role name}-specific,arn:aws:iam::{account id}:oidc-provider/forbidden-gitlab.com,{'IpAddress': {'aws:SourceIp': '203.0.113.0/24'}},deny,deny,unsat,True
policy_5_iter_1.json,,/home/bhall2/Documents/fixmypolicy/FL/Experiment-2/temp_validation/val-50-ollamaa/policy_5_iter_1.json,3,allow_d28acd92,Allow,"['sts:TagSession', 'sts:AssumeRoleWithWebIdentity']",arn:aws:iam::{account id}:role/{role name},deny_c81babfb,deny_c81babfb_combo_2,sts:AssumeRoleWithWebIdentity,forbidden-arn:aws:iam::{account id}:role/{role name}-specific,arn:aws:iam::{account id}:oidc-provider/forbidden-gitlab.com,{'IpAddress': {'aws:SourceIp': '203.0.113.0/24'}},deny,deny,unsat,True
policy_5_iter_1.json,,/home/bhall2/Documents/fixmypolicy/FL/Experiment-2/temp_validation/val-50-ollamaa/policy_5_iter_1.json,3,allow_d28acd92,Allow,"['sts:TagSession', 'sts:AssumeRoleWithWebIdentity']",arn:aws:iam::{account id}:role/{role name},deny_d9e1c623,deny_d9e1c623_combo_1,sts:AssumeRoleWithWebIdentity,arn:aws:iam::{account id}:role/{role name}-forbidden-resource,arn:aws:iam::999888777666:oidc-provider/gitlab.com,{'StringEquals': {'aws:RequestedRegion': 'us-east-1'}},deny,deny,unsat,True
policy_5_iter_1.json,,/home/bhall2/Documents/fixmypolicy/FL/Experiment-2/temp_validation/val-50-ollamaa/policy_5_iter_1.json,3,allow_d28acd92,Allow,"['sts:TagSession', 'sts:AssumeRoleWithWebIdentity']",arn:aws:iam::{account id}:role/{role name},deny_eae39e7d,deny_eae39e7d_combo_1,lambda:CreateFunction,arn:aws:iam::{account id}:role/{role name},arn:aws:iam::{account id}:oidc-provider/forbidden-gitlab.com,{'DateLessThan': {'aws:CurrentTime': '2025-12-31T23:59:59Z'}},deny,deny,unsat,True
policy_5_iter_1.json,,/home/bhall2/Documents/fixmypolicy/FL/Experiment-2/temp_validation/val-50-ollamaa/policy_5_iter_1.json,3,allow_d28acd92,Allow,"['sts:TagSession', 'sts:AssumeRoleWithWebIdentity']",arn:aws:iam::{account id}:role/{role name},allow_277adc8e,allow_277adc8e_combo_1,sts:TagSession,arn:aws:iam::{account id}:role/{role name},arn:aws:iam::{account id}:oidc-provider/gitlab.com,{'StringLike': {'gitlab.com:sub': 'project_path:{redacted}/ref_type:branch:ref'}},allow,deny,unsat,False
policy_5_iter_1.json,,/home/bhall2/Documents/fixmypolicy/FL/Experiment-2/temp_validation/val-50-ollamaa/policy_5_iter_1.json,3,allow_d28acd92,Allow,"['sts:TagSession', 'sts:AssumeRoleWithWebIdentity']",arn:aws:iam::{account id}:role/{role name},allow_277adc8e,allow_277adc8e_combo_2,sts:AssumeRoleWithWebIdentity,arn:aws:iam::{account id}:role/{role name},arn:aws:iam::{account id}:oidc-provider/gitlab.com,{'StringLike': {'gitlab.com:sub': 'project_path:{redacted}/ref_type:branch:ref'}},allow,deny,unsat,False
policy_5_iter_1.json,,/home/bhall2/Documents/fixmypolicy/FL/Experiment-2/temp_validation/val-50-ollamaa/policy_5_iter_1.json,3,allow_d28acd92,Allow,"['sts:TagSession', 'sts:AssumeRoleWithWebIdentity']",arn:aws:iam::{account id}:role/{role name},deny_2efa2500,deny_2efa2500_combo_1,sts:TagSession,arn:aws:iam::{account id}:role/{role name}-forbidden-resource,arn:aws:iam::{account id}:oidc-provider/gitlab.com,{'StringLike': {'gitlab.com:sub': 'project_path:{redacted}/*:ref_type:branch:ref:*'}},deny,deny,unsat,True
policy_5_iter_1.json,,/home/bhall2/Documents/fixmypolicy/FL/Experiment-2/temp_validation/val-50-ollamaa/policy_5_iter_1.json,3,allow_d28acd92,Allow,"['sts:TagSession', 'sts:AssumeRoleWithWebIdentity']",arn:aws:iam::{account id}:role/{role name},deny_2efa2500,deny_2efa2500_combo_2,sts:AssumeRoleWithWebIdentity,arn:aws:iam::{account id}:role/{role name}-forbidden-resource,arn:aws:iam::{account id}:oidc-provider/gitlab.com,{'StringLike': {'gitlab.com:sub': 'project_path:{redacted}/*:ref_type:branch:ref:*'}},deny,deny,unsat,True
policy_5_iter_1.json,,/home/bhall2/Documents/fixmypolicy/FL/Experiment-2/temp_validation/val-50-ollamaa/policy_5_iter_1.json,3,allow_d28acd92,Allow,"['sts:TagSession', 'sts:AssumeRoleWithWebIdentity']",arn:aws:iam::{account id}:role/{role name},allow_4b2e6812,allow_4b2e6812_combo_1,sts:TagSession,arn:aws:iam::{account id}:role/{role name},arn:aws:iam::999888777666:oidc-provider/gitlab.com,{'StringEquals': {'aws:RequestedRegion': 'us-west-2'}},allow,deny,unsat,False
policy_5_iter_1.json,,/home/bhall2/Documents/fixmypolicy/FL/Experiment-2/temp_validation/val-50-ollamaa/policy_5_iter_1.json,3,allow_d28acd92,Allow,"['sts:TagSession', 'sts:AssumeRoleWithWebIdentity']",arn:aws:iam::{account id}:role/{role name},allow_4b2e6812,allow_4b2e6812_combo_2,sts:AssumeRoleWithWebIdentity,arn:aws:iam::{account id}:role/{role name},arn:aws:iam::999888777666:oidc-provider/gitlab.com,{'StringEquals': {'aws:RequestedRegion': 'us-west-2'}},allow,deny,unsat,False
policy_5_iter_1.json,,/home/bhall2/Documents/fixmypolicy/FL/Experiment-2/temp_validation/val-50-ollamaa/policy_5_iter_1.json,3,allow_d28acd92,Allow,"['sts:TagSession', 'sts:AssumeRoleWithWebIdentity']",arn:aws:iam::{account id}:role/{role name},deny_2ccddee4,deny_2ccddee4_combo_1,iam:DeleteUser,arn:aws:iam::{account id}:role/{role name},arn:aws:iam::999888777666:oidc-provider/gitlab.com,{'DateLessThan': {'aws:CurrentTime': '2025-12-31T23:59:59Z'}},deny,deny,unsat,True
policy_5_iter_1.json,,/home/bhall2/Documents/fixmypolicy/FL/Experiment-2/temp_validation/val-50-ollamaa/policy_5_iter_1.json,3,allow_d28acd92,Allow,"['sts:TagSession', 'sts:AssumeRoleWithWebIdentity']",arn:aws:iam::{account id}:role/{role name},allow_8d6aad9f,allow_8d6aad9f_combo_1,sts:TagSession,arn:aws:iam::{account id}:role/{role name},arn:aws:iam::{account id}:oidc-provider/gitlab.com,{'StringLike': {'gitlab.com:sub': 'project_path:{redacted}/*:ref_type:branch:ref:*'}},allow,deny,unsat,False
policy_5_iter_1.json,,/home/bhall2/Documents/fixmypolicy/FL/Experiment-2/temp_validation/val-50-ollamaa/policy_5_iter_1.json,3,allow_d28acd92,Allow,"['sts:TagSession', 'sts:AssumeRoleWithWebIdentity']",arn:aws:iam::{account id}:role/{role name},allow_8d6aad9f,allow_8d6aad9f_combo_2,sts:AssumeRoleWithWebIdentity,arn:aws:iam::{account id}:role/{role name},arn:aws:iam::{account id}:oidc-provider/gitlab.com,{'StringLike': {'gitlab.com:sub': 'project_path:{redacted}/*:ref_type:branch:ref:*'}},allow,deny,unsat,False
policy_5_iter_1.json,,/home/bhall2/Documents/fixmypolicy/FL/Experiment-2/temp_validation/val-50-ollamaa/policy_5_iter_1.json,3,allow_d28acd92,Allow,"['sts:TagSession', 'sts:AssumeRoleWithWebIdentity']",arn:aws:iam::{account id}:role/{role name},allow_46828ad7,allow_46828ad7_combo_1,sts:AssumeRoleWithWebIdentity,arn:aws:iam::{account id}:role/{role name},arn:aws:iam::123456789012:user/alice,{'DateGreaterThan': {'aws:CurrentTime': '2024-01-01T00:00:00Z'}},allow,allow,sat,True
policy_5_iter_1.json,,/home/bhall2/Documents/fixmypolicy/FL/Experiment-2/temp_validation/val-50-ollamaa/policy_5_iter_1.json,3,allow_d28acd92,Allow,"['sts:TagSession', 'sts:AssumeRoleWithWebIdentity']",arn:aws:iam::{account id}:role/{role name},allow_46828ad7,allow_46828ad7_combo_2,sts:TagSession,arn:aws:iam::{account id}:role/{role name},arn:aws:iam::123456789012:user/alice,{'DateGreaterThan': {'aws:CurrentTime': '2024-01-01T00:00:00Z'}},allow,allow,sat,True
policy_5_iter_1.json,,/home/bhall2/Documents/fixmypolicy/FL/Experiment-2/temp_validation/val-50-ollamaa/policy_5_iter_1.json,3,allow_d28acd92,Allow,"['sts:TagSession', 'sts:AssumeRoleWithWebIdentity']",arn:aws:iam::{account id}:role/{role name},deny_284a8d13,deny_284a8d13_combo_1,lambda:CreateFunction,arn:aws:iam::{account id}:role/{role name},arn:aws:iam::123456789012:user/alice,{'DateLessThan': {'aws:CurrentTime': '2025-12-31T23:59:59Z'}},deny,deny,unsat,True
policy_5_iter_1.json,,/home/bhall2/Documents/fixmypolicy/FL/Experiment-2/temp_validation/val-50-ollamaa/policy_5_iter_1.json,3,allow_d28acd92,Allow,"['sts:TagSession', 'sts:AssumeRoleWithWebIdentity']",arn:aws:iam::{account id}:role/{role name},allow_d296b21a,allow_d296b21a_combo_1,sts:TagSession,arn:aws:iam::{account id}:role/{role name},arn:aws:iam::999888777666:oidc-provider/gitlab.com,{'StringEquals': {'aws:RequestedRegion': 'us-east-1'}},allow,deny,unsat,False
policy_5_iter_1.json,,/home/bhall2/Documents/fixmypolicy/FL/Experiment-2/temp_validation/val-50-ollamaa/policy_5_iter_1.json,3,allow_d28acd92,Allow,"['sts:TagSession', 'sts:AssumeRoleWithWebIdentity']",arn:aws:iam::{account id}:role/{role name},allow_d296b21a,allow_d296b21a_combo_2,sts:AssumeRoleWithWebIdentity,arn:aws:iam::{account id}:role/{role name},arn:aws:iam::999888777666:oidc-provider/gitlab.com,{'StringEquals': {'aws:RequestedRegion': 'us-east-1'}},allow,deny,unsat,False
policy_5_iter_1.json,,/home/bhall2/Documents/fixmypolicy/FL/Experiment-2/temp_validation/val-50-ollamaa/policy_5_iter_1.json,3,allow_d28acd92,Allow,"['sts:TagSession', 'sts:AssumeRoleWithWebIdentity']",arn:aws:iam::{account id}:role/{role name},deny_0f38f412,deny_0f38f412_combo_1,ec2:RunInstances,arn:aws:iam::{account id}:role/{role name},arn:aws:iam::123456789012:user/alice,{'IpAddress': {'aws:SourceIp': '203.0.113.0/24'}},deny,deny,unsat,True
policy_5_iter_1.json,,/home/bhall2/Documents/fixmypolicy/FL/Experiment-2/temp_validation/val-50-ollamaa/policy_5_iter_1.json,3,allow_d28acd92,Allow,"['sts:TagSession', 'sts:AssumeRoleWithWebIdentity']",arn:aws:iam::{account id}:role/{role name},deny_dccafd42,deny_dccafd42_combo_1,sts:TagSession,forbidden-arn:aws:iam::{account id}:role/{role name}-specific,arn:aws:iam::{account id}:oidc-provider/forbidden-gitlab.com,{'DateLessThan': {'aws:CurrentTime': '2025-12-31T23:59:59Z'}},deny,deny,unsat,True
policy_5_iter_1.json,,/home/bhall2/Documents/fixmypolicy/FL/Experiment-2/temp_validation/val-50-ollamaa/policy_5_iter_1.json,3,allow_d28acd92,Allow,"['sts:TagSession', 'sts:AssumeRoleWithWebIdentity']",arn:aws:iam::{account id}:role/{role name},deny_dccafd42,deny_dccafd42_combo_2,sts:AssumeRoleWithWebIdentity,forbidden-arn:aws:iam::{account id}:role/{role name}-specific,arn:aws:iam::{account id}:oidc-provider/forbidden-gitlab.com,{'DateLessThan': {'aws:CurrentTime': '2025-12-31T23:59:59Z'}},deny,deny,unsat,True
policy_5_iter_1.json,,/home/bhall2/Documents/fixmypolicy/FL/Experiment-2/temp_validation/val-50-ollamaa/policy_5_iter_1.json,3,allow_d28acd92,Allow,"['sts:TagSession', 'sts:AssumeRoleWithWebIdentity']",arn:aws:iam::{account id}:role/{role name},allow_b3521fa7,allow_b3521fa7_combo_1,sts:AssumeRoleWithWebIdentity,arn:aws:iam::{account id}:role/{role name},arn:aws:iam::{account id}:oidc-provider/gitlab.com,{'StringLike': {'gitlab.com:sub': 'project_path:{redacted}/*:ref_type:branch:ref:*'}},allow,deny,unsat,False
policy_5_iter_1.json,,/home/bhall2/Documents/fixmypolicy/FL/Experiment-2/temp_validation/val-50-ollamaa/policy_5_iter_1.json,3,allow_d28acd92,Allow,"['sts:TagSession', 'sts:AssumeRoleWithWebIdentity']",arn:aws:iam::{account id}:role/{role name},deny_5cdc410d,deny_5cdc410d_combo_1,sts:AssumeRoleWithWebIdentity,arn:aws:iam::{account id}:role/{role name}-forbidden-resource,arn:aws:iam::999888777666:oidc-provider/gitlab.com,{'DateLessThan': {'aws:CurrentTime': '2025-12-31T23:59:59Z'}},deny,deny,unsat,True
policy_5_iter_1.json,,/home/bhall2/Documents/fixmypolicy/FL/Experiment-2/temp_validation/val-50-ollamaa/policy_5_iter_1.json,3,allow_d28acd92,Allow,"['sts:TagSession', 'sts:AssumeRoleWithWebIdentity']",arn:aws:iam::{account id}:role/{role name},allow_1a3aa330,allow_1a3aa330_combo_1,sts:TagSession,arn:aws:iam::{account id}:role/{role name},arn:aws:iam::{account id}:oidc-provider/gitlab.com,{'StringLike': {'gitlab.com:sub': 'project_path:{redacted}/*:ref_type:branch:ref:*'}},allow,deny,unsat,False
policy_5_iter_1.json,,/home/bhall2/Documents/fixmypolicy/FL/Experiment-2/temp_validation/val-50-ollamaa/policy_5_iter_1.json,3,allow_d28acd92,Allow,"['sts:TagSession', 'sts:AssumeRoleWithWebIdentity']",arn:aws:iam::{account id}:role/{role name},allow_1a3aa330,allow_1a3aa330_combo_2,sts:AssumeRoleWithWebIdentity,arn:aws:iam::{account id}:role/{role name},arn:aws:iam::{account id}:oidc-provider/gitlab.com,{'StringLike': {'gitlab.com:sub': 'project_path:{redacted}/*:ref_type:branch:ref:*'}},allow,deny,unsat,False
policy_5_iter_1.json,,/home/bhall2/Documents/fixmypolicy/FL/Experiment-2/temp_validation/val-50-ollamaa/policy_5_iter_1.json,3,allow_d28acd92,Allow,"['sts:TagSession', 'sts:AssumeRoleWithWebIdentity']",arn:aws:iam::{account id}:role/{role name},deny_8dc7e4d8,deny_8dc7e4d8_combo_1,sts:TagSession,arn:aws:iam::{account id}:role/{role name}-forbidden-resource,arn:aws:iam::{account id}:oidc-provider/gitlab.com,{'StringLike': {'gitlab.com:sub': 'project_path:{redacted}/*:ref_type:branch:ref:*'}},deny,deny,unsat,True
policy_5_iter_1.json,,/home/bhall2/Documents/fixmypolicy/FL/Experiment-2/temp_validation/val-50-ollamaa/policy_5_iter_1.json,3,allow_d28acd92,Allow,"['sts:TagSession', 'sts:AssumeRoleWithWebIdentity']",arn:aws:iam::{account id}:role/{role name},allow_a3073d0d,allow_a3073d0d_combo_1,sts:TagSession,arn:aws:iam::{account id}:role/{role name},arn:aws:iam::{account id}:oidc-provider/gitlab.com,{'StringLike': {'gitlab.com:sub': 'project_path:{redacted}/*:ref_type:branch:ref:*'}},allow,deny,unsat,False
policy_5_iter_1.json,,/home/bhall2/Documents/fixmypolicy/FL/Experiment-2/temp_validation/val-50-ollamaa/policy_5_iter_1.json,3,allow_d28acd92,Allow,"['sts:TagSession', 'sts:AssumeRoleWithWebIdentity']",arn:aws:iam::{account id}:role/{role name},allow_a3073d0d,allow_a3073d0d_combo_2,sts:AssumeRoleWithWebIdentity,arn:aws:iam::{account id}:role/{role name},arn:aws:iam::{account id}:oidc-provider/gitlab.com,{'StringLike': {'gitlab.com:sub': 'project_path:{redacted}/*:ref_type:branch:ref:*'}},allow,deny,unsat,False
policy_5_iter_1.json,,/home/bhall2/Documents/fixmypolicy/FL/Experiment-2/temp_validation/val-50-ollamaa/policy_5_iter_1.json,3,allow_d28acd92,Allow,"['sts:TagSession', 'sts:AssumeRoleWithWebIdentity']",arn:aws:iam::{account id}:role/{role name},allow_39a49474,allow_39a49474_combo_1,sts:AssumeRoleWithWebIdentity,arn:aws:iam::{account id}:role/{role name},arn:aws:iam::{account id}:oidc-provider/gitlab.com,{'StringLike': {'gitlab.com:sub': 'project_path:{redacted}/*:ref_type:branch:ref:*'}},allow,deny,unsat,False
policy_5_iter_1.json,,/home/bhall2/Documents/fixmypolicy/FL/Experiment-2/temp_validation/val-50-ollamaa/policy_5_iter_1.json,3,allow_d28acd92,Allow,"['sts:TagSession', 'sts:AssumeRoleWithWebIdentity']",arn:aws:iam::{account id}:role/{role name},allow_39a49474,allow_39a49474_combo_2,sts:TagSession,arn:aws:iam::{account id}:role/{role name},arn:aws:iam::{account id}:oidc-provider/gitlab.com,{'StringLike': {'gitlab.com:sub': 'project_path:{redacted}/*:ref_type:branch:ref:*'}},allow,deny,unsat,False
policy_5_iter_1.json,,/home/bhall2/Documents/fixmypolicy/FL/Experiment-2/temp_validation/val-50-ollamaa/policy_5_iter_1.json,3,allow_d28acd92,Allow,"['sts:TagSession', 'sts:AssumeRoleWithWebIdentity']",arn:aws:iam::{account id}:role/{role name},deny_b2a7386a,deny_b2a7386a_combo_1,iam:DeleteUser,arn:aws:iam::{account id}:role/{role name},arn:aws:iam::999888777666:oidc-provider/gitlab.com,{'StringEquals': {'aws:RequestedRegion': 'us-west-2'}},deny,deny,unsat,True
policy_5_iter_1.json,,/home/bhall2/Documents/fixmypolicy/FL/Experiment-2/temp_validation/val-50-ollamaa/policy_5_iter_1.json,3,allow_d28acd92,Allow,"['sts:TagSession', 'sts:AssumeRoleWithWebIdentity']",arn:aws:iam::{account id}:role/{role name},deny_200cd3bf,deny_200cd3bf_combo_1,sts:AssumeRoleWithWebIdentity,arn:aws:iam::{account id}:role/{role name}-forbidden-resource,arn:aws:iam::123456789012:user/alice,{'StringEquals': {'aws:RequestedRegion': 'us-east-1'}},deny,deny,unsat,True
policy_5_iter_1.json,,/home/bhall2/Documents/fixmypolicy/FL/Experiment-2/temp_validation/val-50-ollamaa/policy_5_iter_1.json,3,allow_d28acd92,Allow,"['sts:TagSession', 'sts:AssumeRoleWithWebIdentity']",arn:aws:iam::{account id}:role/{role name},allow_9e959d67,allow_9e959d67_combo_1,sts:TagSession,arn:aws:iam::{account id}:role/{role name},arn:aws:iam::{account id}:oidc-provider/gitlab.com,{'StringLike': {'gitlab.com:sub': 'project_path:{redacted}/*:ref_type:branch:ref:*'}},allow,deny,unsat,False
policy_5_iter_1.json,,/home/bhall2/Documents/fixmypolicy/FL/Experiment-2/temp_validation/val-50-ollamaa/policy_5_iter_1.json,3,allow_d28acd92,Allow,"['sts:TagSession', 'sts:AssumeRoleWithWebIdentity']",arn:aws:iam::{account id}:role/{role name},allow_8b2a35e8,allow_8b2a35e8_combo_1,sts:TagSession,arn:aws:iam::{account id}:role/{role name},arn:aws:iam::123456789012:user/alice,{'StringEquals': {'aws:RequestedRegion': 'us-east-1'}},allow,allow,sat,True
policy_5_iter_1.json,,/home/bhall2/Documents/fixmypolicy/FL/Experiment-2/temp_validation/val-50-ollamaa/policy_5_iter_1.json,3,allow_d28acd92,Allow,"['sts:TagSession', 'sts:AssumeRoleWithWebIdentity']",arn:aws:iam::{account id}:role/{role name},allow_a7f5ef81,allow_a7f5ef81_combo_1,sts:TagSession,arn:aws:iam::{account id}:role/{role name},arn:aws:iam::{account id}:oidc-provider/gitlab.com,{'StringLike': {'gitlab.com:sub': 'project_path:{redacted}/*:ref_type:branch:ref:*'}},allow,deny,unsat,False
policy_5_iter_1.json,,/home/bhall2/Documents/fixmypolicy/FL/Experiment-2/temp_validation/val-50-ollamaa/policy_5_iter_1.json,3,allow_d28acd92,Allow,"['sts:TagSession', 'sts:AssumeRoleWithWebIdentity']",arn:aws:iam::{account id}:role/{role name},deny_a61a5c77,deny_a61a5c77_combo_1,ec2:DescribeInstances,arn:aws:iam::{account id}:role/{role name},arn:aws:iam::{account id}:oidc-provider/forbidden-gitlab.com,{'IpAddress': {'aws:SourceIp': '203.0.113.0/24'}},deny,deny,unsat,True
policy_5_iter_1.json,,/home/bhall2/Documents/fixmypolicy/FL/Experiment-2/temp_validation/val-50-ollamaa/policy_5_iter_1.json,3,allow_d28acd92,Allow,"['sts:TagSession', 'sts:AssumeRoleWithWebIdentity']",arn:aws:iam::{account id}:role/{role name},allow_8fe72846,allow_8fe72846_combo_1,sts:AssumeRoleWithWebIdentity,arn:aws:iam::{account id}:role/{role name},arn:aws:iam::{account id}:oidc-provider/gitlab.com,{'StringLike': {'gitlab.com:sub': 'project_path:{redacted}/*:ref_type:branch:ref:*'}},allow,deny,unsat,False
policy_5_iter_1.json,,/home/bhall2/Documents/fixmypolicy/FL/Experiment-2/temp_validation/val-50-ollamaa/policy_5_iter_1.json,3,allow_d28acd92,Allow,"['sts:TagSession', 'sts:AssumeRoleWithWebIdentity']",arn:aws:iam::{account id}:role/{role name},allow_8fe72846,allow_8fe72846_combo_2,sts:TagSession,arn:aws:iam::{account id}:role/{role name},arn:aws:iam::{account id}:oidc-provider/gitlab.com,{'StringLike': {'gitlab.com:sub': 'project_path:{redacted}/*:ref_type:branch:ref:*'}},allow,deny,unsat,False
policy_5_iter_1.json,,/home/bhall2/Documents/fixmypolicy/FL/Experiment-2/temp_validation/val-50-ollamaa/policy_5_iter_1.json,3,allow_d28acd92,Allow,"['sts:TagSession', 'sts:AssumeRoleWithWebIdentity']",arn:aws:iam::{account id}:role/{role name},allow_b9703ac8,allow_b9703ac8_combo_1,sts:AssumeRoleWithWebIdentity,arn:aws:iam::{account id}:role/{role name},arn:aws:iam::{account id}:oidc-provider/gitlab.com,{'StringLike': {'gitlab.com:sub': 'project_path:{redacted}/*:ref_type:branch:ref:*'}},allow,deny,unsat,False
policy_5_iter_1.json,,/home/bhall2/Documents/fixmypolicy/FL/Experiment-2/temp_validation/val-50-ollamaa/policy_5_iter_1.json,3,allow_d28acd92,Allow,"['sts:TagSession', 'sts:AssumeRoleWithWebIdentity']",arn:aws:iam::{account id}:role/{role name},allow_b9703ac8,allow_b9703ac8_combo_2,sts:TagSession,arn:aws:iam::{account id}:role/{role name},arn:aws:iam::{account id}:oidc-provider/gitlab.com,{'StringLike': {'gitlab.com:sub': 'project_path:{redacted}/*:ref_type:branch:ref:*'}},allow,deny,unsat,False
policy_5_iter_1.json,,/home/bhall2/Documents/fixmypolicy/FL/Experiment-2/temp_validation/val-50-ollamaa/policy_5_iter_1.json,3,allow_d28acd92,Allow,"['sts:TagSession', 'sts:AssumeRoleWithWebIdentity']",arn:aws:iam::{account id}:role/{role name},deny_fda03fc6,deny_fda03fc6_combo_1,sts:AssumeRoleWithWebIdentity,arn:aws:iam::{account id}:role/{role name}-forbidden-resource,arn:aws:iam::{account id}:oidc-provider/gitlab.com,{'StringLike': {'gitlab.com:sub': 'project_path:{redacted}/*:ref_type:branch:ref:*'}},deny,deny,unsat,True
policy_5_iter_1.json,,/home/bhall2/Documents/fixmypolicy/FL/Experiment-2/temp_validation/val-50-ollamaa/policy_5_iter_1.json,3,allow_d28acd92,Allow,"['sts:TagSession', 'sts:AssumeRoleWithWebIdentity']",arn:aws:iam::{account id}:role/{role name},deny_fda03fc6,deny_fda03fc6_combo_2,sts:TagSession,arn:aws:iam::{account id}:role/{role name}-forbidden-resource,arn:aws:iam::{account id}:oidc-provider/gitlab.com,{'StringLike': {'gitlab.com:sub': 'project_path:{redacted}/*:ref_type:branch:ref:*'}},deny,deny,unsat,True
policy_5_iter_1.json,,/home/bhall2/Documents/fixmypolicy/FL/Experiment-2/temp_validation/val-50-ollamaa/policy_5_iter_1.json,4,allow_ad67e7d3,Allow,"['sts:TagSession', 'sts:AssumeRoleWithWebIdentity']",arn:aws:iam::{account id}:role/{role name},allow_a8fd7ef6,allow_a8fd7ef6_combo_1,sts:AssumeRoleWithWebIdentity,arn:aws:iam::{account id}:role/{role name},arn:aws:iam::{account id}:oidc-provider/gitlab.com,{'StringLike': {'gitlab.com:sub': 'project_path:{redacted}/*:ref_type:branch:ref:*'}},allow,allow,sat,True
policy_5_iter_1.json,,/home/bhall2/Documents/fixmypolicy/FL/Experiment-2/temp_validation/val-50-ollamaa/policy_5_iter_1.json,4,allow_ad67e7d3,Allow,"['sts:TagSession', 'sts:AssumeRoleWithWebIdentity']",arn:aws:iam::{account id}:role/{role name},allow_e641a090,allow_e641a090_combo_1,sts:AssumeRoleWithWebIdentity,arn:aws:iam::{account id}:role/{role name},arn:aws:iam::{account id}:oidc-provider/gitlab.com,{'StringLike': {'gitlab.com:sub': 'project_path:{redacted}/*:ref_type:branch:ref:*'}},allow,allow,sat,True
policy_5_iter_1.json,,/home/bhall2/Documents/fixmypolicy/FL/Experiment-2/temp_validation/val-50-ollamaa/policy_5_iter_1.json,4,allow_ad67e7d3,Allow,"['sts:TagSession', 'sts:AssumeRoleWithWebIdentity']",arn:aws:iam::{account id}:role/{role name},deny_f13ef671,deny_f13ef671_combo_1,iam:CreateUser,arn:aws:iam::{account id}:role/{role name},arn:aws:iam::123456789012:user/alice,{'DateLessThan': {'aws:CurrentTime': '2025-12-31T23:59:59Z'}},deny,deny,unsat,True
policy_5_iter_1.json,,/home/bhall2/Documents/fixmypolicy/FL/Experiment-2/temp_validation/val-50-ollamaa/policy_5_iter_1.json,4,allow_ad67e7d3,Allow,"['sts:TagSession', 'sts:AssumeRoleWithWebIdentity']",arn:aws:iam::{account id}:role/{role name},allow_d28acd92,allow_d28acd92_combo_1,sts:TagSession,arn:aws:iam::{account id}:role/{role name},arn:aws:iam::123456789012:user/alice,{'DateGreaterThan': {'aws:CurrentTime': '2024-01-01T00:00:00Z'}},allow,deny,unsat,False
policy_5_iter_1.json,,/home/bhall2/Documents/fixmypolicy/FL/Experiment-2/temp_validation/val-50-ollamaa/policy_5_iter_1.json,4,allow_ad67e7d3,Allow,"['sts:TagSession', 'sts:AssumeRoleWithWebIdentity']",arn:aws:iam::{account id}:role/{role name},allow_d28acd92,allow_d28acd92_combo_2,sts:AssumeRoleWithWebIdentity,arn:aws:iam::{account id}:role/{role name},arn:aws:iam::123456789012:user/alice,{'DateGreaterThan': {'aws:CurrentTime': '2024-01-01T00:00:00Z'}},allow,deny,unsat,False
policy_5_iter_1.json,,/home/bhall2/Documents/fixmypolicy/FL/Experiment-2/temp_validation/val-50-ollamaa/policy_5_iter_1.json,4,allow_ad67e7d3,Allow,"['sts:TagSession', 'sts:AssumeRoleWithWebIdentity']",arn:aws:iam::{account id}:role/{role name},allow_ad67e7d3,allow_ad67e7d3_combo_1,sts:TagSession,arn:aws:iam::{account id}:role/{role name},arn:aws:iam::{account id}:oidc-provider/gitlab.com,{'StringLike': {'gitlab.com:sub': 'project_path:{redacted}/ref_type:branch:ref'}},allow,allow,sat,True
policy_5_iter_1.json,,/home/bhall2/Documents/fixmypolicy/FL/Experiment-2/temp_validation/val-50-ollamaa/policy_5_iter_1.json,4,allow_ad67e7d3,Allow,"['sts:TagSession', 'sts:AssumeRoleWithWebIdentity']",arn:aws:iam::{account id}:role/{role name},allow_ad67e7d3,allow_ad67e7d3_combo_2,sts:AssumeRoleWithWebIdentity,arn:aws:iam::{account id}:role/{role name},arn:aws:iam::{account id}:oidc-provider/gitlab.com,{'StringLike': {'gitlab.com:sub': 'project_path:{redacted}/ref_type:branch:ref'}},allow,allow,sat,True
policy_5_iter_1.json,,/home/bhall2/Documents/fixmypolicy/FL/Experiment-2/temp_validation/val-50-ollamaa/policy_5_iter_1.json,4,allow_ad67e7d3,Allow,"['sts:TagSession', 'sts:AssumeRoleWithWebIdentity']",arn:aws:iam::{account id}:role/{role name},deny_51d9c228,deny_51d9c228_combo_1,ec2:RunInstances,arn:aws:iam::{account id}:role/{role name},arn:aws:iam::123456789012:user/alice,{'DateLessThan': {'aws:CurrentTime': '2025-12-31T23:59:59Z'}},deny,deny,unsat,True
policy_5_iter_1.json,,/home/bhall2/Documents/fixmypolicy/FL/Experiment-2/temp_validation/val-50-ollamaa/policy_5_iter_1.json,4,allow_ad67e7d3,Allow,"['sts:TagSession', 'sts:AssumeRoleWithWebIdentity']",arn:aws:iam::{account id}:role/{role name},deny_c81babfb,deny_c81babfb_combo_1,sts:TagSession,forbidden-arn:aws:iam::{account id}:role/{role name}-specific,arn:aws:iam::{account id}:oidc-provider/forbidden-gitlab.com,{'IpAddress': {'aws:SourceIp': '203.0.113.0/24'}},deny,deny,unsat,True
policy_5_iter_1.json,,/home/bhall2/Documents/fixmypolicy/FL/Experiment-2/temp_validation/val-50-ollamaa/policy_5_iter_1.json,4,allow_ad67e7d3,Allow,"['sts:TagSession', 'sts:AssumeRoleWithWebIdentity']",arn:aws:iam::{account id}:role/{role name},deny_c81babfb,deny_c81babfb_combo_2,sts:AssumeRoleWithWebIdentity,forbidden-arn:aws:iam::{account id}:role/{role name}-specific,arn:aws:iam::{account id}:oidc-provider/forbidden-gitlab.com,{'IpAddress': {'aws:SourceIp': '203.0.113.0/24'}},deny,deny,unsat,True
policy_5_iter_1.json,,/home/bhall2/Documents/fixmypolicy/FL/Experiment-2/temp_validation/val-50-ollamaa/policy_5_iter_1.json,4,allow_ad67e7d3,Allow,"['sts:TagSession', 'sts:AssumeRoleWithWebIdentity']",arn:aws:iam::{account id}:role/{role name},deny_d9e1c623,deny_d9e1c623_combo_1,sts:AssumeRoleWithWebIdentity,arn:aws:iam::{account id}:role/{role name}-forbidden-resource,arn:aws:iam::999888777666:oidc-provider/gitlab.com,{'StringEquals': {'aws:RequestedRegion': 'us-east-1'}},deny,deny,unsat,True
policy_5_iter_1.json,,/home/bhall2/Documents/fixmypolicy/FL/Experiment-2/temp_validation/val-50-ollamaa/policy_5_iter_1.json,4,allow_ad67e7d3,Allow,"['sts:TagSession', 'sts:AssumeRoleWithWebIdentity']",arn:aws:iam::{account id}:role/{role name},deny_eae39e7d,deny_eae39e7d_combo_1,lambda:CreateFunction,arn:aws:iam::{account id}:role/{role name},arn:aws:iam::{account id}:oidc-provider/forbidden-gitlab.com,{'DateLessThan': {'aws:CurrentTime': '2025-12-31T23:59:59Z'}},deny,deny,unsat,True
policy_5_iter_1.json,,/home/bhall2/Documents/fixmypolicy/FL/Experiment-2/temp_validation/val-50-ollamaa/policy_5_iter_1.json,4,allow_ad67e7d3,Allow,"['sts:TagSession', 'sts:AssumeRoleWithWebIdentity']",arn:aws:iam::{account id}:role/{role name},allow_277adc8e,allow_277adc8e_combo_1,sts:TagSession,arn:aws:iam::{account id}:role/{role name},arn:aws:iam::{account id}:oidc-provider/gitlab.com,{'StringLike': {'gitlab.com:sub': 'project_path:{redacted}/ref_type:branch:ref'}},allow,allow,sat,True
policy_5_iter_1.json,,/home/bhall2/Documents/fixmypolicy/FL/Experiment-2/temp_validation/val-50-ollamaa/policy_5_iter_1.json,4,allow_ad67e7d3,Allow,"['sts:TagSession', 'sts:AssumeRoleWithWebIdentity']",arn:aws:iam::{account id}:role/{role name},allow_277adc8e,allow_277adc8e_combo_2,sts:AssumeRoleWithWebIdentity,arn:aws:iam::{account id}:role/{role name},arn:aws:iam::{account id}:oidc-provider/gitlab.com,{'StringLike': {'gitlab.com:sub': 'project_path:{redacted}/ref_type:branch:ref'}},allow,allow,sat,True
policy_5_iter_1.json,,/home/bhall2/Documents/fixmypolicy/FL/Experiment-2/temp_validation/val-50-ollamaa/policy_5_iter_1.json,4,allow_ad67e7d3,Allow,"['sts:TagSession', 'sts:AssumeRoleWithWebIdentity']",arn:aws:iam::{account id}:role/{role name},deny_2efa2500,deny_2efa2500_combo_1,sts:TagSession,arn:aws:iam::{account id}:role/{role name}-forbidden-resource,arn:aws:iam::{account id}:oidc-provider/gitlab.com,{'StringLike': {'gitlab.com:sub': 'project_path:{redacted}/*:ref_type:branch:ref:*'}},deny,deny,unsat,True
policy_5_iter_1.json,,/home/bhall2/Documents/fixmypolicy/FL/Experiment-2/temp_validation/val-50-ollamaa/policy_5_iter_1.json,4,allow_ad67e7d3,Allow,"['sts:TagSession', 'sts:AssumeRoleWithWebIdentity']",arn:aws:iam::{account id}:role/{role name},deny_2efa2500,deny_2efa2500_combo_2,sts:AssumeRoleWithWebIdentity,arn:aws:iam::{account id}:role/{role name}-forbidden-resource,arn:aws:iam::{account id}:oidc-provider/gitlab.com,{'StringLike': {'gitlab.com:sub': 'project_path:{redacted}/*:ref_type:branch:ref:*'}},deny,deny,unsat,True
policy_5_iter_1.json,,/home/bhall2/Documents/fixmypolicy/FL/Experiment-2/temp_validation/val-50-ollamaa/policy_5_iter_1.json,4,allow_ad67e7d3,Allow,"['sts:TagSession', 'sts:AssumeRoleWithWebIdentity']",arn:aws:iam::{account id}:role/{role name},allow_4b2e6812,allow_4b2e6812_combo_1,sts:TagSession,arn:aws:iam::{account id}:role/{role name},arn:aws:iam::999888777666:oidc-provider/gitlab.com,{'StringEquals': {'aws:RequestedRegion': 'us-west-2'}},allow,deny,unsat,False
policy_5_iter_1.json,,/home/bhall2/Documents/fixmypolicy/FL/Experiment-2/temp_validation/val-50-ollamaa/policy_5_iter_1.json,4,allow_ad67e7d3,Allow,"['sts:TagSession', 'sts:AssumeRoleWithWebIdentity']",arn:aws:iam::{account id}:role/{role name},allow_4b2e6812,allow_4b2e6812_combo_2,sts:AssumeRoleWithWebIdentity,arn:aws:iam::{account id}:role/{role name},arn:aws:iam::999888777666:oidc-provider/gitlab.com,{'StringEquals': {'aws:RequestedRegion': 'us-west-2'}},allow,deny,unsat,False
policy_5_iter_1.json,,/home/bhall2/Documents/fixmypolicy/FL/Experiment-2/temp_validation/val-50-ollamaa/policy_5_iter_1.json,4,allow_ad67e7d3,Allow,"['sts:TagSession', 'sts:AssumeRoleWithWebIdentity']",arn:aws:iam::{account id}:role/{role name},deny_2ccddee4,deny_2ccddee4_combo_1,iam:DeleteUser,arn:aws:iam::{account id}:role/{role name},arn:aws:iam::999888777666:oidc-provider/gitlab.com,{'DateLessThan': {'aws:CurrentTime': '2025-12-31T23:59:59Z'}},deny,deny,unsat,True
policy_5_iter_1.json,,/home/bhall2/Documents/fixmypolicy/FL/Experiment-2/temp_validation/val-50-ollamaa/policy_5_iter_1.json,4,allow_ad67e7d3,Allow,"['sts:TagSession', 'sts:AssumeRoleWithWebIdentity']",arn:aws:iam::{account id}:role/{role name},allow_8d6aad9f,allow_8d6aad9f_combo_1,sts:TagSession,arn:aws:iam::{account id}:role/{role name},arn:aws:iam::{account id}:oidc-provider/gitlab.com,{'StringLike': {'gitlab.com:sub': 'project_path:{redacted}/*:ref_type:branch:ref:*'}},allow,allow,sat,True
policy_5_iter_1.json,,/home/bhall2/Documents/fixmypolicy/FL/Experiment-2/temp_validation/val-50-ollamaa/policy_5_iter_1.json,4,allow_ad67e7d3,Allow,"['sts:TagSession', 'sts:AssumeRoleWithWebIdentity']",arn:aws:iam::{account id}:role/{role name},allow_8d6aad9f,allow_8d6aad9f_combo_2,sts:AssumeRoleWithWebIdentity,arn:aws:iam::{account id}:role/{role name},arn:aws:iam::{account id}:oidc-provider/gitlab.com,{'StringLike': {'gitlab.com:sub': 'project_path:{redacted}/*:ref_type:branch:ref:*'}},allow,allow,sat,True
policy_5_iter_1.json,,/home/bhall2/Documents/fixmypolicy/FL/Experiment-2/temp_validation/val-50-ollamaa/policy_5_iter_1.json,4,allow_ad67e7d3,Allow,"['sts:TagSession', 'sts:AssumeRoleWithWebIdentity']",arn:aws:iam::{account id}:role/{role name},allow_46828ad7,allow_46828ad7_combo_1,sts:AssumeRoleWithWebIdentity,arn:aws:iam::{account id}:role/{role name},arn:aws:iam::123456789012:user/alice,{'DateGreaterThan': {'aws:CurrentTime': '2024-01-01T00:00:00Z'}},allow,deny,unsat,False
policy_5_iter_1.json,,/home/bhall2/Documents/fixmypolicy/FL/Experiment-2/temp_validation/val-50-ollamaa/policy_5_iter_1.json,4,allow_ad67e7d3,Allow,"['sts:TagSession', 'sts:AssumeRoleWithWebIdentity']",arn:aws:iam::{account id}:role/{role name},allow_46828ad7,allow_46828ad7_combo_2,sts:TagSession,arn:aws:iam::{account id}:role/{role name},arn:aws:iam::123456789012:user/alice,{'DateGreaterThan': {'aws:CurrentTime': '2024-01-01T00:00:00Z'}},allow,deny,unsat,False
policy_5_iter_1.json,,/home/bhall2/Documents/fixmypolicy/FL/Experiment-2/temp_validation/val-50-ollamaa/policy_5_iter_1.json,4,allow_ad67e7d3,Allow,"['sts:TagSession', 'sts:AssumeRoleWithWebIdentity']",arn:aws:iam::{account id}:role/{role name},deny_284a8d13,deny_284a8d13_combo_1,lambda:CreateFunction,arn:aws:iam::{account id}:role/{role name},arn:aws:iam::123456789012:user/alice,{'DateLessThan': {'aws:CurrentTime': '2025-12-31T23:59:59Z'}},deny,deny,unsat,True
policy_5_iter_1.json,,/home/bhall2/Documents/fixmypolicy/FL/Experiment-2/temp_validation/val-50-ollamaa/policy_5_iter_1.json,4,allow_ad67e7d3,Allow,"['sts:TagSession', 'sts:AssumeRoleWithWebIdentity']",arn:aws:iam::{account id}:role/{role name},allow_d296b21a,allow_d296b21a_combo_1,sts:TagSession,arn:aws:iam::{account id}:role/{role name},arn:aws:iam::999888777666:oidc-provider/gitlab.com,{'StringEquals': {'aws:RequestedRegion': 'us-east-1'}},allow,deny,unsat,False
policy_5_iter_1.json,,/home/bhall2/Documents/fixmypolicy/FL/Experiment-2/temp_validation/val-50-ollamaa/policy_5_iter_1.json,4,allow_ad67e7d3,Allow,"['sts:TagSession', 'sts:AssumeRoleWithWebIdentity']",arn:aws:iam::{account id}:role/{role name},allow_d296b21a,allow_d296b21a_combo_2,sts:AssumeRoleWithWebIdentity,arn:aws:iam::{account id}:role/{role name},arn:aws:iam::999888777666:oidc-provider/gitlab.com,{'StringEquals': {'aws:RequestedRegion': 'us-east-1'}},allow,deny,unsat,False
policy_5_iter_1.json,,/home/bhall2/Documents/fixmypolicy/FL/Experiment-2/temp_validation/val-50-ollamaa/policy_5_iter_1.json,4,allow_ad67e7d3,Allow,"['sts:TagSession', 'sts:AssumeRoleWithWebIdentity']",arn:aws:iam::{account id}:role/{role name},deny_0f38f412,deny_0f38f412_combo_1,ec2:RunInstances,arn:aws:iam::{account id}:role/{role name},arn:aws:iam::123456789012:user/alice,{'IpAddress': {'aws:SourceIp': '203.0.113.0/24'}},deny,deny,unsat,True
policy_5_iter_1.json,,/home/bhall2/Documents/fixmypolicy/FL/Experiment-2/temp_validation/val-50-ollamaa/policy_5_iter_1.json,4,allow_ad67e7d3,Allow,"['sts:TagSession', 'sts:AssumeRoleWithWebIdentity']",arn:aws:iam::{account id}:role/{role name},deny_dccafd42,deny_dccafd42_combo_1,sts:TagSession,forbidden-arn:aws:iam::{account id}:role/{role name}-specific,arn:aws:iam::{account id}:oidc-provider/forbidden-gitlab.com,{'DateLessThan': {'aws:CurrentTime': '2025-12-31T23:59:59Z'}},deny,deny,unsat,True
policy_5_iter_1.json,,/home/bhall2/Documents/fixmypolicy/FL/Experiment-2/temp_validation/val-50-ollamaa/policy_5_iter_1.json,4,allow_ad67e7d3,Allow,"['sts:TagSession', 'sts:AssumeRoleWithWebIdentity']",arn:aws:iam::{account id}:role/{role name},deny_dccafd42,deny_dccafd42_combo_2,sts:AssumeRoleWithWebIdentity,forbidden-arn:aws:iam::{account id}:role/{role name}-specific,arn:aws:iam::{account id}:oidc-provider/forbidden-gitlab.com,{'DateLessThan': {'aws:CurrentTime': '2025-12-31T23:59:59Z'}},deny,deny,unsat,True
policy_5_iter_1.json,,/home/bhall2/Documents/fixmypolicy/FL/Experiment-2/temp_validation/val-50-ollamaa/policy_5_iter_1.json,4,allow_ad67e7d3,Allow,"['sts:TagSession', 'sts:AssumeRoleWithWebIdentity']",arn:aws:iam::{account id}:role/{role name},allow_b3521fa7,allow_b3521fa7_combo_1,sts:AssumeRoleWithWebIdentity,arn:aws:iam::{account id}:role/{role name},arn:aws:iam::{account id}:oidc-provider/gitlab.com,{'StringLike': {'gitlab.com:sub': 'project_path:{redacted}/*:ref_type:branch:ref:*'}},allow,allow,sat,True
policy_5_iter_1.json,,/home/bhall2/Documents/fixmypolicy/FL/Experiment-2/temp_validation/val-50-ollamaa/policy_5_iter_1.json,4,allow_ad67e7d3,Allow,"['sts:TagSession', 'sts:AssumeRoleWithWebIdentity']",arn:aws:iam::{account id}:role/{role name},deny_5cdc410d,deny_5cdc410d_combo_1,sts:AssumeRoleWithWebIdentity,arn:aws:iam::{account id}:role/{role name}-forbidden-resource,arn:aws:iam::999888777666:oidc-provider/gitlab.com,{'DateLessThan': {'aws:CurrentTime': '2025-12-31T23:59:59Z'}},deny,deny,unsat,True
policy_5_iter_1.json,,/home/bhall2/Documents/fixmypolicy/FL/Experiment-2/temp_validation/val-50-ollamaa/policy_5_iter_1.json,4,allow_ad67e7d3,Allow,"['sts:TagSession', 'sts:AssumeRoleWithWebIdentity']",arn:aws:iam::{account id}:role/{role name},allow_1a3aa330,allow_1a3aa330_combo_1,sts:TagSession,arn:aws:iam::{account id}:role/{role name},arn:aws:iam::{account id}:oidc-provider/gitlab.com,{'StringLike': {'gitlab.com:sub': 'project_path:{redacted}/*:ref_type:branch:ref:*'}},allow,allow,sat,True
policy_5_iter_1.json,,/home/bhall2/Documents/fixmypolicy/FL/Experiment-2/temp_validation/val-50-ollamaa/policy_5_iter_1.json,4,allow_ad67e7d3,Allow,"['sts:TagSession', 'sts:AssumeRoleWithWebIdentity']",arn:aws:iam::{account id}:role/{role name},allow_1a3aa330,allow_1a3aa330_combo_2,sts:AssumeRoleWithWebIdentity,arn:aws:iam::{account id}:role/{role name},arn:aws:iam::{account id}:oidc-provider/gitlab.com,{'StringLike': {'gitlab.com:sub': 'project_path:{redacted}/*:ref_type:branch:ref:*'}},allow,allow,sat,True
policy_5_iter_1.json,,/home/bhall2/Documents/fixmypolicy/FL/Experiment-2/temp_validation/val-50-ollamaa/policy_5_iter_1.json,4,allow_ad67e7d3,Allow,"['sts:TagSession', 'sts:AssumeRoleWithWebIdentity']",arn:aws:iam::{account id}:role/{role name},deny_8dc7e4d8,deny_8dc7e4d8_combo_1,sts:TagSession,arn:aws:iam::{account id}:role/{role name}-forbidden-resource,arn:aws:iam::{account id}:oidc-provider/gitlab.com,{'StringLike': {'gitlab.com:sub': 'project_path:{redacted}/*:ref_type:branch:ref:*'}},deny,deny,unsat,True
policy_5_iter_1.json,,/home/bhall2/Documents/fixmypolicy/FL/Experiment-2/temp_validation/val-50-ollamaa/policy_5_iter_1.json,4,allow_ad67e7d3,Allow,"['sts:TagSession', 'sts:AssumeRoleWithWebIdentity']",arn:aws:iam::{account id}:role/{role name},allow_a3073d0d,allow_a3073d0d_combo_1,sts:TagSession,arn:aws:iam::{account id}:role/{role name},arn:aws:iam::{account id}:oidc-provider/gitlab.com,{'StringLike': {'gitlab.com:sub': 'project_path:{redacted}/*:ref_type:branch:ref:*'}},allow,allow,sat,True
policy_5_iter_1.json,,/home/bhall2/Documents/fixmypolicy/FL/Experiment-2/temp_validation/val-50-ollamaa/policy_5_iter_1.json,4,allow_ad67e7d3,Allow,"['sts:TagSession', 'sts:AssumeRoleWithWebIdentity']",arn:aws:iam::{account id}:role/{role name},allow_a3073d0d,allow_a3073d0d_combo_2,sts:AssumeRoleWithWebIdentity,arn:aws:iam::{account id}:role/{role name},arn:aws:iam::{account id}:oidc-provider/gitlab.com,{'StringLike': {'gitlab.com:sub': 'project_path:{redacted}/*:ref_type:branch:ref:*'}},allow,allow,sat,True
policy_5_iter_1.json,,/home/bhall2/Documents/fixmypolicy/FL/Experiment-2/temp_validation/val-50-ollamaa/policy_5_iter_1.json,4,allow_ad67e7d3,Allow,"['sts:TagSession', 'sts:AssumeRoleWithWebIdentity']",arn:aws:iam::{account id}:role/{role name},allow_39a49474,allow_39a49474_combo_1,sts:AssumeRoleWithWebIdentity,arn:aws:iam::{account id}:role/{role name},arn:aws:iam::{account id}:oidc-provider/gitlab.com,{'StringLike': {'gitlab.com:sub': 'project_path:{redacted}/*:ref_type:branch:ref:*'}},allow,allow,sat,True
policy_5_iter_1.json,,/home/bhall2/Documents/fixmypolicy/FL/Experiment-2/temp_validation/val-50-ollamaa/policy_5_iter_1.json,4,allow_ad67e7d3,Allow,"['sts:TagSession', 'sts:AssumeRoleWithWebIdentity']",arn:aws:iam::{account id}:role/{role name},allow_39a49474,allow_39a49474_combo_2,sts:TagSession,arn:aws:iam::{account id}:role/{role name},arn:aws:iam::{account id}:oidc-provider/gitlab.com,{'StringLike': {'gitlab.com:sub': 'project_path:{redacted}/*:ref_type:branch:ref:*'}},allow,allow,sat,True
policy_5_iter_1.json,,/home/bhall2/Documents/fixmypolicy/FL/Experiment-2/temp_validation/val-50-ollamaa/policy_5_iter_1.json,4,allow_ad67e7d3,Allow,"['sts:TagSession', 'sts:AssumeRoleWithWebIdentity']",arn:aws:iam::{account id}:role/{role name},deny_b2a7386a,deny_b2a7386a_combo_1,iam:DeleteUser,arn:aws:iam::{account id}:role/{role name},arn:aws:iam::999888777666:oidc-provider/gitlab.com,{'StringEquals': {'aws:RequestedRegion': 'us-west-2'}},deny,deny,unsat,True
policy_5_iter_1.json,,/home/bhall2/Documents/fixmypolicy/FL/Experiment-2/temp_validation/val-50-ollamaa/policy_5_iter_1.json,4,allow_ad67e7d3,Allow,"['sts:TagSession', 'sts:AssumeRoleWithWebIdentity']",arn:aws:iam::{account id}:role/{role name},deny_200cd3bf,deny_200cd3bf_combo_1,sts:AssumeRoleWithWebIdentity,arn:aws:iam::{account id}:role/{role name}-forbidden-resource,arn:aws:iam::123456789012:user/alice,{'StringEquals': {'aws:RequestedRegion': 'us-east-1'}},deny,deny,unsat,True
policy_5_iter_1.json,,/home/bhall2/Documents/fixmypolicy/FL/Experiment-2/temp_validation/val-50-ollamaa/policy_5_iter_1.json,4,allow_ad67e7d3,Allow,"['sts:TagSession', 'sts:AssumeRoleWithWebIdentity']",arn:aws:iam::{account id}:role/{role name},allow_9e959d67,allow_9e959d67_combo_1,sts:TagSession,arn:aws:iam::{account id}:role/{role name},arn:aws:iam::{account id}:oidc-provider/gitlab.com,{'StringLike': {'gitlab.com:sub': 'project_path:{redacted}/*:ref_type:branch:ref:*'}},allow,allow,sat,True
policy_5_iter_1.json,,/home/bhall2/Documents/fixmypolicy/FL/Experiment-2/temp_validation/val-50-ollamaa/policy_5_iter_1.json,4,allow_ad67e7d3,Allow,"['sts:TagSession', 'sts:AssumeRoleWithWebIdentity']",arn:aws:iam::{account id}:role/{role name},allow_8b2a35e8,allow_8b2a35e8_combo_1,sts:TagSession,arn:aws:iam::{account id}:role/{role name},arn:aws:iam::123456789012:user/alice,{'StringEquals': {'aws:RequestedRegion': 'us-east-1'}},allow,deny,unsat,False
policy_5_iter_1.json,,/home/bhall2/Documents/fixmypolicy/FL/Experiment-2/temp_validation/val-50-ollamaa/policy_5_iter_1.json,4,allow_ad67e7d3,Allow,"['sts:TagSession', 'sts:AssumeRoleWithWebIdentity']",arn:aws:iam::{account id}:role/{role name},allow_a7f5ef81,allow_a7f5ef81_combo_1,sts:TagSession,arn:aws:iam::{account id}:role/{role name},arn:aws:iam::{account id}:oidc-provider/gitlab.com,{'StringLike': {'gitlab.com:sub': 'project_path:{redacted}/*:ref_type:branch:ref:*'}},allow,allow,sat,True
policy_5_iter_1.json,,/home/bhall2/Documents/fixmypolicy/FL/Experiment-2/temp_validation/val-50-ollamaa/policy_5_iter_1.json,4,allow_ad67e7d3,Allow,"['sts:TagSession', 'sts:AssumeRoleWithWebIdentity']",arn:aws:iam::{account id}:role/{role name},deny_a61a5c77,deny_a61a5c77_combo_1,ec2:DescribeInstances,arn:aws:iam::{account id}:role/{role name},arn:aws:iam::{account id}:oidc-provider/forbidden-gitlab.com,{'IpAddress': {'aws:SourceIp': '203.0.113.0/24'}},deny,deny,unsat,True
policy_5_iter_1.json,,/home/bhall2/Documents/fixmypolicy/FL/Experiment-2/temp_validation/val-50-ollamaa/policy_5_iter_1.json,4,allow_ad67e7d3,Allow,"['sts:TagSession', 'sts:AssumeRoleWithWebIdentity']",arn:aws:iam::{account id}:role/{role name},allow_8fe72846,allow_8fe72846_combo_1,sts:AssumeRoleWithWebIdentity,arn:aws:iam::{account id}:role/{role name},arn:aws:iam::{account id}:oidc-provider/gitlab.com,{'StringLike': {'gitlab.com:sub': 'project_path:{redacted}/*:ref_type:branch:ref:*'}},allow,allow,sat,True
policy_5_iter_1.json,,/home/bhall2/Documents/fixmypolicy/FL/Experiment-2/temp_validation/val-50-ollamaa/policy_5_iter_1.json,4,allow_ad67e7d3,Allow,"['sts:TagSession', 'sts:AssumeRoleWithWebIdentity']",arn:aws:iam::{account id}:role/{role name},allow_8fe72846,allow_8fe72846_combo_2,sts:TagSession,arn:aws:iam::{account id}:role/{role name},arn:aws:iam::{account id}:oidc-provider/gitlab.com,{'StringLike': {'gitlab.com:sub': 'project_path:{redacted}/*:ref_type:branch:ref:*'}},allow,allow,sat,True
policy_5_iter_1.json,,/home/bhall2/Documents/fixmypolicy/FL/Experiment-2/temp_validation/val-50-ollamaa/policy_5_iter_1.json,4,allow_ad67e7d3,Allow,"['sts:TagSession', 'sts:AssumeRoleWithWebIdentity']",arn:aws:iam::{account id}:role/{role name},allow_b9703ac8,allow_b9703ac8_combo_1,sts:AssumeRoleWithWebIdentity,arn:aws:iam::{account id}:role/{role name},arn:aws:iam::{account id}:oidc-provider/gitlab.com,{'StringLike': {'gitlab.com:sub': 'project_path:{redacted}/*:ref_type:branch:ref:*'}},allow,allow,sat,True
policy_5_iter_1.json,,/home/bhall2/Documents/fixmypolicy/FL/Experiment-2/temp_validation/val-50-ollamaa/policy_5_iter_1.json,4,allow_ad67e7d3,Allow,"['sts:TagSession', 'sts:AssumeRoleWithWebIdentity']",arn:aws:iam::{account id}:role/{role name},allow_b9703ac8,allow_b9703ac8_combo_2,sts:TagSession,arn:aws:iam::{account id}:role/{role name},arn:aws:iam::{account id}:oidc-provider/gitlab.com,{'StringLike': {'gitlab.com:sub': 'project_path:{redacted}/*:ref_type:branch:ref:*'}},allow,allow,sat,True
policy_5_iter_1.json,,/home/bhall2/Documents/fixmypolicy/FL/Experiment-2/temp_validation/val-50-ollamaa/policy_5_iter_1.json,4,allow_ad67e7d3,Allow,"['sts:TagSession', 'sts:AssumeRoleWithWebIdentity']",arn:aws:iam::{account id}:role/{role name},deny_fda03fc6,deny_fda03fc6_combo_1,sts:AssumeRoleWithWebIdentity,arn:aws:iam::{account id}:role/{role name}-forbidden-resource,arn:aws:iam::{account id}:oidc-provider/gitlab.com,{'StringLike': {'gitlab.com:sub': 'project_path:{redacted}/*:ref_type:branch:ref:*'}},deny,deny,unsat,True
policy_5_iter_1.json,,/home/bhall2/Documents/fixmypolicy/FL/Experiment-2/temp_validation/val-50-ollamaa/policy_5_iter_1.json,4,allow_ad67e7d3,Allow,"['sts:TagSession', 'sts:AssumeRoleWithWebIdentity']",arn:aws:iam::{account id}:role/{role name},deny_fda03fc6,deny_fda03fc6_combo_2,sts:TagSession,arn:aws:iam::{account id}:role/{role name}-forbidden-resource,arn:aws:iam::{account id}:oidc-provider/gitlab.com,{'StringLike': {'gitlab.com:sub': 'project_path:{redacted}/*:ref_type:branch:ref:*'}},deny,deny,unsat,True
policy_5_iter_1.json,,/home/bhall2/Documents/fixmypolicy/FL/Experiment-2/temp_validation/val-50-ollamaa/policy_5_iter_1.json,5,allow_277adc8e,Allow,"['sts:TagSession', 'sts:AssumeRoleWithWebIdentity']",arn:aws:iam::{account id}:role/{role name},allow_a8fd7ef6,allow_a8fd7ef6_combo_1,sts:AssumeRoleWithWebIdentity,arn:aws:iam::{account id}:role/{role name},arn:aws:iam::{account id}:oidc-provider/gitlab.com,{'StringLike': {'gitlab.com:sub': 'project_path:{redacted}/*:ref_type:branch:ref:*'}},allow,allow,sat,True
policy_5_iter_1.json,,/home/bhall2/Documents/fixmypolicy/FL/Experiment-2/temp_validation/val-50-ollamaa/policy_5_iter_1.json,5,allow_277adc8e,Allow,"['sts:TagSession', 'sts:AssumeRoleWithWebIdentity']",arn:aws:iam::{account id}:role/{role name},allow_e641a090,allow_e641a090_combo_1,sts:AssumeRoleWithWebIdentity,arn:aws:iam::{account id}:role/{role name},arn:aws:iam::{account id}:oidc-provider/gitlab.com,{'StringLike': {'gitlab.com:sub': 'project_path:{redacted}/*:ref_type:branch:ref:*'}},allow,allow,sat,True
policy_5_iter_1.json,,/home/bhall2/Documents/fixmypolicy/FL/Experiment-2/temp_validation/val-50-ollamaa/policy_5_iter_1.json,5,allow_277adc8e,Allow,"['sts:TagSession', 'sts:AssumeRoleWithWebIdentity']",arn:aws:iam::{account id}:role/{role name},deny_f13ef671,deny_f13ef671_combo_1,iam:CreateUser,arn:aws:iam::{account id}:role/{role name},arn:aws:iam::123456789012:user/alice,{'DateLessThan': {'aws:CurrentTime': '2025-12-31T23:59:59Z'}},deny,deny,unsat,True
policy_5_iter_1.json,,/home/bhall2/Documents/fixmypolicy/FL/Experiment-2/temp_validation/val-50-ollamaa/policy_5_iter_1.json,5,allow_277adc8e,Allow,"['sts:TagSession', 'sts:AssumeRoleWithWebIdentity']",arn:aws:iam::{account id}:role/{role name},allow_d28acd92,allow_d28acd92_combo_1,sts:TagSession,arn:aws:iam::{account id}:role/{role name},arn:aws:iam::123456789012:user/alice,{'DateGreaterThan': {'aws:CurrentTime': '2024-01-01T00:00:00Z'}},allow,deny,unsat,False
policy_5_iter_1.json,,/home/bhall2/Documents/fixmypolicy/FL/Experiment-2/temp_validation/val-50-ollamaa/policy_5_iter_1.json,5,allow_277adc8e,Allow,"['sts:TagSession', 'sts:AssumeRoleWithWebIdentity']",arn:aws:iam::{account id}:role/{role name},allow_d28acd92,allow_d28acd92_combo_2,sts:AssumeRoleWithWebIdentity,arn:aws:iam::{account id}:role/{role name},arn:aws:iam::123456789012:user/alice,{'DateGreaterThan': {'aws:CurrentTime': '2024-01-01T00:00:00Z'}},allow,deny,unsat,False
policy_5_iter_1.json,,/home/bhall2/Documents/fixmypolicy/FL/Experiment-2/temp_validation/val-50-ollamaa/policy_5_iter_1.json,5,allow_277adc8e,Allow,"['sts:TagSession', 'sts:AssumeRoleWithWebIdentity']",arn:aws:iam::{account id}:role/{role name},allow_ad67e7d3,allow_ad67e7d3_combo_1,sts:TagSession,arn:aws:iam::{account id}:role/{role name},arn:aws:iam::{account id}:oidc-provider/gitlab.com,{'StringLike': {'gitlab.com:sub': 'project_path:{redacted}/ref_type:branch:ref'}},allow,allow,sat,True
policy_5_iter_1.json,,/home/bhall2/Documents/fixmypolicy/FL/Experiment-2/temp_validation/val-50-ollamaa/policy_5_iter_1.json,5,allow_277adc8e,Allow,"['sts:TagSession', 'sts:AssumeRoleWithWebIdentity']",arn:aws:iam::{account id}:role/{role name},allow_ad67e7d3,allow_ad67e7d3_combo_2,sts:AssumeRoleWithWebIdentity,arn:aws:iam::{account id}:role/{role name},arn:aws:iam::{account id}:oidc-provider/gitlab.com,{'StringLike': {'gitlab.com:sub': 'project_path:{redacted}/ref_type:branch:ref'}},allow,allow,sat,True
policy_5_iter_1.json,,/home/bhall2/Documents/fixmypolicy/FL/Experiment-2/temp_validation/val-50-ollamaa/policy_5_iter_1.json,5,allow_277adc8e,Allow,"['sts:TagSession', 'sts:AssumeRoleWithWebIdentity']",arn:aws:iam::{account id}:role/{role name},deny_51d9c228,deny_51d9c228_combo_1,ec2:RunInstances,arn:aws:iam::{account id}:role/{role name},arn:aws:iam::123456789012:user/alice,{'DateLessThan': {'aws:CurrentTime': '2025-12-31T23:59:59Z'}},deny,deny,unsat,True
policy_5_iter_1.json,,/home/bhall2/Documents/fixmypolicy/FL/Experiment-2/temp_validation/val-50-ollamaa/policy_5_iter_1.json,5,allow_277adc8e,Allow,"['sts:TagSession', 'sts:AssumeRoleWithWebIdentity']",arn:aws:iam::{account id}:role/{role name},deny_c81babfb,deny_c81babfb_combo_1,sts:TagSession,forbidden-arn:aws:iam::{account id}:role/{role name}-specific,arn:aws:iam::{account id}:oidc-provider/forbidden-gitlab.com,{'IpAddress': {'aws:SourceIp': '203.0.113.0/24'}},deny,deny,unsat,True
policy_5_iter_1.json,,/home/bhall2/Documents/fixmypolicy/FL/Experiment-2/temp_validation/val-50-ollamaa/policy_5_iter_1.json,5,allow_277adc8e,Allow,"['sts:TagSession', 'sts:AssumeRoleWithWebIdentity']",arn:aws:iam::{account id}:role/{role name},deny_c81babfb,deny_c81babfb_combo_2,sts:AssumeRoleWithWebIdentity,forbidden-arn:aws:iam::{account id}:role/{role name}-specific,arn:aws:iam::{account id}:oidc-provider/forbidden-gitlab.com,{'IpAddress': {'aws:SourceIp': '203.0.113.0/24'}},deny,deny,unsat,True
policy_5_iter_1.json,,/home/bhall2/Documents/fixmypolicy/FL/Experiment-2/temp_validation/val-50-ollamaa/policy_5_iter_1.json,5,allow_277adc8e,Allow,"['sts:TagSession', 'sts:AssumeRoleWithWebIdentity']",arn:aws:iam::{account id}:role/{role name},deny_d9e1c623,deny_d9e1c623_combo_1,sts:AssumeRoleWithWebIdentity,arn:aws:iam::{account id}:role/{role name}-forbidden-resource,arn:aws:iam::999888777666:oidc-provider/gitlab.com,{'StringEquals': {'aws:RequestedRegion': 'us-east-1'}},deny,deny,unsat,True
policy_5_iter_1.json,,/home/bhall2/Documents/fixmypolicy/FL/Experiment-2/temp_validation/val-50-ollamaa/policy_5_iter_1.json,5,allow_277adc8e,Allow,"['sts:TagSession', 'sts:AssumeRoleWithWebIdentity']",arn:aws:iam::{account id}:role/{role name},deny_eae39e7d,deny_eae39e7d_combo_1,lambda:CreateFunction,arn:aws:iam::{account id}:role/{role name},arn:aws:iam::{account id}:oidc-provider/forbidden-gitlab.com,{'DateLessThan': {'aws:CurrentTime': '2025-12-31T23:59:59Z'}},deny,deny,unsat,True
policy_5_iter_1.json,,/home/bhall2/Documents/fixmypolicy/FL/Experiment-2/temp_validation/val-50-ollamaa/policy_5_iter_1.json,5,allow_277adc8e,Allow,"['sts:TagSession', 'sts:AssumeRoleWithWebIdentity']",arn:aws:iam::{account id}:role/{role name},allow_277adc8e,allow_277adc8e_combo_1,sts:TagSession,arn:aws:iam::{account id}:role/{role name},arn:aws:iam::{account id}:oidc-provider/gitlab.com,{'StringLike': {'gitlab.com:sub': 'project_path:{redacted}/ref_type:branch:ref'}},allow,allow,sat,True
policy_5_iter_1.json,,/home/bhall2/Documents/fixmypolicy/FL/Experiment-2/temp_validation/val-50-ollamaa/policy_5_iter_1.json,5,allow_277adc8e,Allow,"['sts:TagSession', 'sts:AssumeRoleWithWebIdentity']",arn:aws:iam::{account id}:role/{role name},allow_277adc8e,allow_277adc8e_combo_2,sts:AssumeRoleWithWebIdentity,arn:aws:iam::{account id}:role/{role name},arn:aws:iam::{account id}:oidc-provider/gitlab.com,{'StringLike': {'gitlab.com:sub': 'project_path:{redacted}/ref_type:branch:ref'}},allow,allow,sat,True
policy_5_iter_1.json,,/home/bhall2/Documents/fixmypolicy/FL/Experiment-2/temp_validation/val-50-ollamaa/policy_5_iter_1.json,5,allow_277adc8e,Allow,"['sts:TagSession', 'sts:AssumeRoleWithWebIdentity']",arn:aws:iam::{account id}:role/{role name},deny_2efa2500,deny_2efa2500_combo_1,sts:TagSession,arn:aws:iam::{account id}:role/{role name}-forbidden-resource,arn:aws:iam::{account id}:oidc-provider/gitlab.com,{'StringLike': {'gitlab.com:sub': 'project_path:{redacted}/*:ref_type:branch:ref:*'}},deny,deny,unsat,True
policy_5_iter_1.json,,/home/bhall2/Documents/fixmypolicy/FL/Experiment-2/temp_validation/val-50-ollamaa/policy_5_iter_1.json,5,allow_277adc8e,Allow,"['sts:TagSession', 'sts:AssumeRoleWithWebIdentity']",arn:aws:iam::{account id}:role/{role name},deny_2efa2500,deny_2efa2500_combo_2,sts:AssumeRoleWithWebIdentity,arn:aws:iam::{account id}:role/{role name}-forbidden-resource,arn:aws:iam::{account id}:oidc-provider/gitlab.com,{'StringLike': {'gitlab.com:sub': 'project_path:{redacted}/*:ref_type:branch:ref:*'}},deny,deny,unsat,True
policy_5_iter_1.json,,/home/bhall2/Documents/fixmypolicy/FL/Experiment-2/temp_validation/val-50-ollamaa/policy_5_iter_1.json,5,allow_277adc8e,Allow,"['sts:TagSession', 'sts:AssumeRoleWithWebIdentity']",arn:aws:iam::{account id}:role/{role name},allow_4b2e6812,allow_4b2e6812_combo_1,sts:TagSession,arn:aws:iam::{account id}:role/{role name},arn:aws:iam::999888777666:oidc-provider/gitlab.com,{'StringEquals': {'aws:RequestedRegion': 'us-west-2'}},allow,deny,unsat,False
policy_5_iter_1.json,,/home/bhall2/Documents/fixmypolicy/FL/Experiment-2/temp_validation/val-50-ollamaa/policy_5_iter_1.json,5,allow_277adc8e,Allow,"['sts:TagSession', 'sts:AssumeRoleWithWebIdentity']",arn:aws:iam::{account id}:role/{role name},allow_4b2e6812,allow_4b2e6812_combo_2,sts:AssumeRoleWithWebIdentity,arn:aws:iam::{account id}:role/{role name},arn:aws:iam::999888777666:oidc-provider/gitlab.com,{'StringEquals': {'aws:RequestedRegion': 'us-west-2'}},allow,deny,unsat,False
policy_5_iter_1.json,,/home/bhall2/Documents/fixmypolicy/FL/Experiment-2/temp_validation/val-50-ollamaa/policy_5_iter_1.json,5,allow_277adc8e,Allow,"['sts:TagSession', 'sts:AssumeRoleWithWebIdentity']",arn:aws:iam::{account id}:role/{role name},deny_2ccddee4,deny_2ccddee4_combo_1,iam:DeleteUser,arn:aws:iam::{account id}:role/{role name},arn:aws:iam::999888777666:oidc-provider/gitlab.com,{'DateLessThan': {'aws:CurrentTime': '2025-12-31T23:59:59Z'}},deny,deny,unsat,True
policy_5_iter_1.json,,/home/bhall2/Documents/fixmypolicy/FL/Experiment-2/temp_validation/val-50-ollamaa/policy_5_iter_1.json,5,allow_277adc8e,Allow,"['sts:TagSession', 'sts:AssumeRoleWithWebIdentity']",arn:aws:iam::{account id}:role/{role name},allow_8d6aad9f,allow_8d6aad9f_combo_1,sts:TagSession,arn:aws:iam::{account id}:role/{role name},arn:aws:iam::{account id}:oidc-provider/gitlab.com,{'StringLike': {'gitlab.com:sub': 'project_path:{redacted}/*:ref_type:branch:ref:*'}},allow,allow,sat,True
policy_5_iter_1.json,,/home/bhall2/Documents/fixmypolicy/FL/Experiment-2/temp_validation/val-50-ollamaa/policy_5_iter_1.json,5,allow_277adc8e,Allow,"['sts:TagSession', 'sts:AssumeRoleWithWebIdentity']",arn:aws:iam::{account id}:role/{role name},allow_8d6aad9f,allow_8d6aad9f_combo_2,sts:AssumeRoleWithWebIdentity,arn:aws:iam::{account id}:role/{role name},arn:aws:iam::{account id}:oidc-provider/gitlab.com,{'StringLike': {'gitlab.com:sub': 'project_path:{redacted}/*:ref_type:branch:ref:*'}},allow,allow,sat,True
policy_5_iter_1.json,,/home/bhall2/Documents/fixmypolicy/FL/Experiment-2/temp_validation/val-50-ollamaa/policy_5_iter_1.json,5,allow_277adc8e,Allow,"['sts:TagSession', 'sts:AssumeRoleWithWebIdentity']",arn:aws:iam::{account id}:role/{role name},allow_46828ad7,allow_46828ad7_combo_1,sts:AssumeRoleWithWebIdentity,arn:aws:iam::{account id}:role/{role name},arn:aws:iam::123456789012:user/alice,{'DateGreaterThan': {'aws:CurrentTime': '2024-01-01T00:00:00Z'}},allow,deny,unsat,False
policy_5_iter_1.json,,/home/bhall2/Documents/fixmypolicy/FL/Experiment-2/temp_validation/val-50-ollamaa/policy_5_iter_1.json,5,allow_277adc8e,Allow,"['sts:TagSession', 'sts:AssumeRoleWithWebIdentity']",arn:aws:iam::{account id}:role/{role name},allow_46828ad7,allow_46828ad7_combo_2,sts:TagSession,arn:aws:iam::{account id}:role/{role name},arn:aws:iam::123456789012:user/alice,{'DateGreaterThan': {'aws:CurrentTime': '2024-01-01T00:00:00Z'}},allow,deny,unsat,False
policy_5_iter_1.json,,/home/bhall2/Documents/fixmypolicy/FL/Experiment-2/temp_validation/val-50-ollamaa/policy_5_iter_1.json,5,allow_277adc8e,Allow,"['sts:TagSession', 'sts:AssumeRoleWithWebIdentity']",arn:aws:iam::{account id}:role/{role name},deny_284a8d13,deny_284a8d13_combo_1,lambda:CreateFunction,arn:aws:iam::{account id}:role/{role name},arn:aws:iam::123456789012:user/alice,{'DateLessThan': {'aws:CurrentTime': '2025-12-31T23:59:59Z'}},deny,deny,unsat,True
policy_5_iter_1.json,,/home/bhall2/Documents/fixmypolicy/FL/Experiment-2/temp_validation/val-50-ollamaa/policy_5_iter_1.json,5,allow_277adc8e,Allow,"['sts:TagSession', 'sts:AssumeRoleWithWebIdentity']",arn:aws:iam::{account id}:role/{role name},allow_d296b21a,allow_d296b21a_combo_1,sts:TagSession,arn:aws:iam::{account id}:role/{role name},arn:aws:iam::999888777666:oidc-provider/gitlab.com,{'StringEquals': {'aws:RequestedRegion': 'us-east-1'}},allow,deny,unsat,False
policy_5_iter_1.json,,/home/bhall2/Documents/fixmypolicy/FL/Experiment-2/temp_validation/val-50-ollamaa/policy_5_iter_1.json,5,allow_277adc8e,Allow,"['sts:TagSession', 'sts:AssumeRoleWithWebIdentity']",arn:aws:iam::{account id}:role/{role name},allow_d296b21a,allow_d296b21a_combo_2,sts:AssumeRoleWithWebIdentity,arn:aws:iam::{account id}:role/{role name},arn:aws:iam::999888777666:oidc-provider/gitlab.com,{'StringEquals': {'aws:RequestedRegion': 'us-east-1'}},allow,deny,unsat,False
policy_5_iter_1.json,,/home/bhall2/Documents/fixmypolicy/FL/Experiment-2/temp_validation/val-50-ollamaa/policy_5_iter_1.json,5,allow_277adc8e,Allow,"['sts:TagSession', 'sts:AssumeRoleWithWebIdentity']",arn:aws:iam::{account id}:role/{role name},deny_0f38f412,deny_0f38f412_combo_1,ec2:RunInstances,arn:aws:iam::{account id}:role/{role name},arn:aws:iam::123456789012:user/alice,{'IpAddress': {'aws:SourceIp': '203.0.113.0/24'}},deny,deny,unsat,True
policy_5_iter_1.json,,/home/bhall2/Documents/fixmypolicy/FL/Experiment-2/temp_validation/val-50-ollamaa/policy_5_iter_1.json,5,allow_277adc8e,Allow,"['sts:TagSession', 'sts:AssumeRoleWithWebIdentity']",arn:aws:iam::{account id}:role/{role name},deny_dccafd42,deny_dccafd42_combo_1,sts:TagSession,forbidden-arn:aws:iam::{account id}:role/{role name}-specific,arn:aws:iam::{account id}:oidc-provider/forbidden-gitlab.com,{'DateLessThan': {'aws:CurrentTime': '2025-12-31T23:59:59Z'}},deny,deny,unsat,True
policy_5_iter_1.json,,/home/bhall2/Documents/fixmypolicy/FL/Experiment-2/temp_validation/val-50-ollamaa/policy_5_iter_1.json,5,allow_277adc8e,Allow,"['sts:TagSession', 'sts:AssumeRoleWithWebIdentity']",arn:aws:iam::{account id}:role/{role name},deny_dccafd42,deny_dccafd42_combo_2,sts:AssumeRoleWithWebIdentity,forbidden-arn:aws:iam::{account id}:role/{role name}-specific,arn:aws:iam::{account id}:oidc-provider/forbidden-gitlab.com,{'DateLessThan': {'aws:CurrentTime': '2025-12-31T23:59:59Z'}},deny,deny,unsat,True
policy_5_iter_1.json,,/home/bhall2/Documents/fixmypolicy/FL/Experiment-2/temp_validation/val-50-ollamaa/policy_5_iter_1.json,5,allow_277adc8e,Allow,"['sts:TagSession', 'sts:AssumeRoleWithWebIdentity']",arn:aws:iam::{account id}:role/{role name},allow_b3521fa7,allow_b3521fa7_combo_1,sts:AssumeRoleWithWebIdentity,arn:aws:iam::{account id}:role/{role name},arn:aws:iam::{account id}:oidc-provider/gitlab.com,{'StringLike': {'gitlab.com:sub': 'project_path:{redacted}/*:ref_type:branch:ref:*'}},allow,allow,sat,True
policy_5_iter_1.json,,/home/bhall2/Documents/fixmypolicy/FL/Experiment-2/temp_validation/val-50-ollamaa/policy_5_iter_1.json,5,allow_277adc8e,Allow,"['sts:TagSession', 'sts:AssumeRoleWithWebIdentity']",arn:aws:iam::{account id}:role/{role name},deny_5cdc410d,deny_5cdc410d_combo_1,sts:AssumeRoleWithWebIdentity,arn:aws:iam::{account id}:role/{role name}-forbidden-resource,arn:aws:iam::999888777666:oidc-provider/gitlab.com,{'DateLessThan': {'aws:CurrentTime': '2025-12-31T23:59:59Z'}},deny,deny,unsat,True
policy_5_iter_1.json,,/home/bhall2/Documents/fixmypolicy/FL/Experiment-2/temp_validation/val-50-ollamaa/policy_5_iter_1.json,5,allow_277adc8e,Allow,"['sts:TagSession', 'sts:AssumeRoleWithWebIdentity']",arn:aws:iam::{account id}:role/{role name},allow_1a3aa330,allow_1a3aa330_combo_1,sts:TagSession,arn:aws:iam::{account id}:role/{role name},arn:aws:iam::{account id}:oidc-provider/gitlab.com,{'StringLike': {'gitlab.com:sub': 'project_path:{redacted}/*:ref_type:branch:ref:*'}},allow,allow,sat,True
policy_5_iter_1.json,,/home/bhall2/Documents/fixmypolicy/FL/Experiment-2/temp_validation/val-50-ollamaa/policy_5_iter_1.json,5,allow_277adc8e,Allow,"['sts:TagSession', 'sts:AssumeRoleWithWebIdentity']",arn:aws:iam::{account id}:role/{role name},allow_1a3aa330,allow_1a3aa330_combo_2,sts:AssumeRoleWithWebIdentity,arn:aws:iam::{account id}:role/{role name},arn:aws:iam::{account id}:oidc-provider/gitlab.com,{'StringLike': {'gitlab.com:sub': 'project_path:{redacted}/*:ref_type:branch:ref:*'}},allow,allow,sat,True
policy_5_iter_1.json,,/home/bhall2/Documents/fixmypolicy/FL/Experiment-2/temp_validation/val-50-ollamaa/policy_5_iter_1.json,5,allow_277adc8e,Allow,"['sts:TagSession', 'sts:AssumeRoleWithWebIdentity']",arn:aws:iam::{account id}:role/{role name},deny_8dc7e4d8,deny_8dc7e4d8_combo_1,sts:TagSession,arn:aws:iam::{account id}:role/{role name}-forbidden-resource,arn:aws:iam::{account id}:oidc-provider/gitlab.com,{'StringLike': {'gitlab.com:sub': 'project_path:{redacted}/*:ref_type:branch:ref:*'}},deny,deny,unsat,True
policy_5_iter_1.json,,/home/bhall2/Documents/fixmypolicy/FL/Experiment-2/temp_validation/val-50-ollamaa/policy_5_iter_1.json,5,allow_277adc8e,Allow,"['sts:TagSession', 'sts:AssumeRoleWithWebIdentity']",arn:aws:iam::{account id}:role/{role name},allow_a3073d0d,allow_a3073d0d_combo_1,sts:TagSession,arn:aws:iam::{account id}:role/{role name},arn:aws:iam::{account id}:oidc-provider/gitlab.com,{'StringLike': {'gitlab.com:sub': 'project_path:{redacted}/*:ref_type:branch:ref:*'}},allow,allow,sat,True
policy_5_iter_1.json,,/home/bhall2/Documents/fixmypolicy/FL/Experiment-2/temp_validation/val-50-ollamaa/policy_5_iter_1.json,5,allow_277adc8e,Allow,"['sts:TagSession', 'sts:AssumeRoleWithWebIdentity']",arn:aws:iam::{account id}:role/{role name},allow_a3073d0d,allow_a3073d0d_combo_2,sts:AssumeRoleWithWebIdentity,arn:aws:iam::{account id}:role/{role name},arn:aws:iam::{account id}:oidc-provider/gitlab.com,{'StringLike': {'gitlab.com:sub': 'project_path:{redacted}/*:ref_type:branch:ref:*'}},allow,allow,sat,True
policy_5_iter_1.json,,/home/bhall2/Documents/fixmypolicy/FL/Experiment-2/temp_validation/val-50-ollamaa/policy_5_iter_1.json,5,allow_277adc8e,Allow,"['sts:TagSession', 'sts:AssumeRoleWithWebIdentity']",arn:aws:iam::{account id}:role/{role name},allow_39a49474,allow_39a49474_combo_1,sts:AssumeRoleWithWebIdentity,arn:aws:iam::{account id}:role/{role name},arn:aws:iam::{account id}:oidc-provider/gitlab.com,{'StringLike': {'gitlab.com:sub': 'project_path:{redacted}/*:ref_type:branch:ref:*'}},allow,allow,sat,True
policy_5_iter_1.json,,/home/bhall2/Documents/fixmypolicy/FL/Experiment-2/temp_validation/val-50-ollamaa/policy_5_iter_1.json,5,allow_277adc8e,Allow,"['sts:TagSession', 'sts:AssumeRoleWithWebIdentity']",arn:aws:iam::{account id}:role/{role name},allow_39a49474,allow_39a49474_combo_2,sts:TagSession,arn:aws:iam::{account id}:role/{role name},arn:aws:iam::{account id}:oidc-provider/gitlab.com,{'StringLike': {'gitlab.com:sub': 'project_path:{redacted}/*:ref_type:branch:ref:*'}},allow,allow,sat,True
policy_5_iter_1.json,,/home/bhall2/Documents/fixmypolicy/FL/Experiment-2/temp_validation/val-50-ollamaa/policy_5_iter_1.json,5,allow_277adc8e,Allow,"['sts:TagSession', 'sts:AssumeRoleWithWebIdentity']",arn:aws:iam::{account id}:role/{role name},deny_b2a7386a,deny_b2a7386a_combo_1,iam:DeleteUser,arn:aws:iam::{account id}:role/{role name},arn:aws:iam::999888777666:oidc-provider/gitlab.com,{'StringEquals': {'aws:RequestedRegion': 'us-west-2'}},deny,deny,unsat,True
policy_5_iter_1.json,,/home/bhall2/Documents/fixmypolicy/FL/Experiment-2/temp_validation/val-50-ollamaa/policy_5_iter_1.json,5,allow_277adc8e,Allow,"['sts:TagSession', 'sts:AssumeRoleWithWebIdentity']",arn:aws:iam::{account id}:role/{role name},deny_200cd3bf,deny_200cd3bf_combo_1,sts:AssumeRoleWithWebIdentity,arn:aws:iam::{account id}:role/{role name}-forbidden-resource,arn:aws:iam::123456789012:user/alice,{'StringEquals': {'aws:RequestedRegion': 'us-east-1'}},deny,deny,unsat,True
policy_5_iter_1.json,,/home/bhall2/Documents/fixmypolicy/FL/Experiment-2/temp_validation/val-50-ollamaa/policy_5_iter_1.json,5,allow_277adc8e,Allow,"['sts:TagSession', 'sts:AssumeRoleWithWebIdentity']",arn:aws:iam::{account id}:role/{role name},allow_9e959d67,allow_9e959d67_combo_1,sts:TagSession,arn:aws:iam::{account id}:role/{role name},arn:aws:iam::{account id}:oidc-provider/gitlab.com,{'StringLike': {'gitlab.com:sub': 'project_path:{redacted}/*:ref_type:branch:ref:*'}},allow,allow,sat,True
policy_5_iter_1.json,,/home/bhall2/Documents/fixmypolicy/FL/Experiment-2/temp_validation/val-50-ollamaa/policy_5_iter_1.json,5,allow_277adc8e,Allow,"['sts:TagSession', 'sts:AssumeRoleWithWebIdentity']",arn:aws:iam::{account id}:role/{role name},allow_8b2a35e8,allow_8b2a35e8_combo_1,sts:TagSession,arn:aws:iam::{account id}:role/{role name},arn:aws:iam::123456789012:user/alice,{'StringEquals': {'aws:RequestedRegion': 'us-east-1'}},allow,deny,unsat,False
policy_5_iter_1.json,,/home/bhall2/Documents/fixmypolicy/FL/Experiment-2/temp_validation/val-50-ollamaa/policy_5_iter_1.json,5,allow_277adc8e,Allow,"['sts:TagSession', 'sts:AssumeRoleWithWebIdentity']",arn:aws:iam::{account id}:role/{role name},allow_a7f5ef81,allow_a7f5ef81_combo_1,sts:TagSession,arn:aws:iam::{account id}:role/{role name},arn:aws:iam::{account id}:oidc-provider/gitlab.com,{'StringLike': {'gitlab.com:sub': 'project_path:{redacted}/*:ref_type:branch:ref:*'}},allow,allow,sat,True
policy_5_iter_1.json,,/home/bhall2/Documents/fixmypolicy/FL/Experiment-2/temp_validation/val-50-ollamaa/policy_5_iter_1.json,5,allow_277adc8e,Allow,"['sts:TagSession', 'sts:AssumeRoleWithWebIdentity']",arn:aws:iam::{account id}:role/{role name},deny_a61a5c77,deny_a61a5c77_combo_1,ec2:DescribeInstances,arn:aws:iam::{account id}:role/{role name},arn:aws:iam::{account id}:oidc-provider/forbidden-gitlab.com,{'IpAddress': {'aws:SourceIp': '203.0.113.0/24'}},deny,deny,unsat,True
policy_5_iter_1.json,,/home/bhall2/Documents/fixmypolicy/FL/Experiment-2/temp_validation/val-50-ollamaa/policy_5_iter_1.json,5,allow_277adc8e,Allow,"['sts:TagSession', 'sts:AssumeRoleWithWebIdentity']",arn:aws:iam::{account id}:role/{role name},allow_8fe72846,allow_8fe72846_combo_1,sts:AssumeRoleWithWebIdentity,arn:aws:iam::{account id}:role/{role name},arn:aws:iam::{account id}:oidc-provider/gitlab.com,{'StringLike': {'gitlab.com:sub': 'project_path:{redacted}/*:ref_type:branch:ref:*'}},allow,allow,sat,True
policy_5_iter_1.json,,/home/bhall2/Documents/fixmypolicy/FL/Experiment-2/temp_validation/val-50-ollamaa/policy_5_iter_1.json,5,allow_277adc8e,Allow,"['sts:TagSession', 'sts:AssumeRoleWithWebIdentity']",arn:aws:iam::{account id}:role/{role name},allow_8fe72846,allow_8fe72846_combo_2,sts:TagSession,arn:aws:iam::{account id}:role/{role name},arn:aws:iam::{account id}:oidc-provider/gitlab.com,{'StringLike': {'gitlab.com:sub': 'project_path:{redacted}/*:ref_type:branch:ref:*'}},allow,allow,sat,True
policy_5_iter_1.json,,/home/bhall2/Documents/fixmypolicy/FL/Experiment-2/temp_validation/val-50-ollamaa/policy_5_iter_1.json,5,allow_277adc8e,Allow,"['sts:TagSession', 'sts:AssumeRoleWithWebIdentity']",arn:aws:iam::{account id}:role/{role name},allow_b9703ac8,allow_b9703ac8_combo_1,sts:AssumeRoleWithWebIdentity,arn:aws:iam::{account id}:role/{role name},arn:aws:iam::{account id}:oidc-provider/gitlab.com,{'StringLike': {'gitlab.com:sub': 'project_path:{redacted}/*:ref_type:branch:ref:*'}},allow,allow,sat,True
policy_5_iter_1.json,,/home/bhall2/Documents/fixmypolicy/FL/Experiment-2/temp_validation/val-50-ollamaa/policy_5_iter_1.json,5,allow_277adc8e,Allow,"['sts:TagSession', 'sts:AssumeRoleWithWebIdentity']",arn:aws:iam::{account id}:role/{role name},allow_b9703ac8,allow_b9703ac8_combo_2,sts:TagSession,arn:aws:iam::{account id}:role/{role name},arn:aws:iam::{account id}:oidc-provider/gitlab.com,{'StringLike': {'gitlab.com:sub': 'project_path:{redacted}/*:ref_type:branch:ref:*'}},allow,allow,sat,True
policy_5_iter_1.json,,/home/bhall2/Documents/fixmypolicy/FL/Experiment-2/temp_validation/val-50-ollamaa/policy_5_iter_1.json,5,allow_277adc8e,Allow,"['sts:TagSession', 'sts:AssumeRoleWithWebIdentity']",arn:aws:iam::{account id}:role/{role name},deny_fda03fc6,deny_fda03fc6_combo_1,sts:AssumeRoleWithWebIdentity,arn:aws:iam::{account id}:role/{role name}-forbidden-resource,arn:aws:iam::{account id}:oidc-provider/gitlab.com,{'StringLike': {'gitlab.com:sub': 'project_path:{redacted}/*:ref_type:branch:ref:*'}},deny,deny,unsat,True
policy_5_iter_1.json,,/home/bhall2/Documents/fixmypolicy/FL/Experiment-2/temp_validation/val-50-ollamaa/policy_5_iter_1.json,5,allow_277adc8e,Allow,"['sts:TagSession', 'sts:AssumeRoleWithWebIdentity']",arn:aws:iam::{account id}:role/{role name},deny_fda03fc6,deny_fda03fc6_combo_2,sts:TagSession,arn:aws:iam::{account id}:role/{role name}-forbidden-resource,arn:aws:iam::{account id}:oidc-provider/gitlab.com,{'StringLike': {'gitlab.com:sub': 'project_path:{redacted}/*:ref_type:branch:ref:*'}},deny,deny,unsat,True
policy_5_iter_1.json,,/home/bhall2/Documents/fixmypolicy/FL/Experiment-2/temp_validation/val-50-ollamaa/policy_5_iter_1.json,6,allow_4b2e6812,Allow,"['sts:TagSession', 'sts:AssumeRoleWithWebIdentity']",arn:aws:iam::{account id}:role/{role name},allow_a8fd7ef6,allow_a8fd7ef6_combo_1,sts:AssumeRoleWithWebIdentity,arn:aws:iam::{account id}:role/{role name},arn:aws:iam::{account id}:oidc-provider/gitlab.com,{'StringLike': {'gitlab.com:sub': 'project_path:{redacted}/*:ref_type:branch:ref:*'}},allow,deny,unsat,False
policy_5_iter_1.json,,/home/bhall2/Documents/fixmypolicy/FL/Experiment-2/temp_validation/val-50-ollamaa/policy_5_iter_1.json,6,allow_4b2e6812,Allow,"['sts:TagSession', 'sts:AssumeRoleWithWebIdentity']",arn:aws:iam::{account id}:role/{role name},allow_e641a090,allow_e641a090_combo_1,sts:AssumeRoleWithWebIdentity,arn:aws:iam::{account id}:role/{role name},arn:aws:iam::{account id}:oidc-provider/gitlab.com,{'StringLike': {'gitlab.com:sub': 'project_path:{redacted}/*:ref_type:branch:ref:*'}},allow,deny,unsat,False
policy_5_iter_1.json,,/home/bhall2/Documents/fixmypolicy/FL/Experiment-2/temp_validation/val-50-ollamaa/policy_5_iter_1.json,6,allow_4b2e6812,Allow,"['sts:TagSession', 'sts:AssumeRoleWithWebIdentity']",arn:aws:iam::{account id}:role/{role name},deny_f13ef671,deny_f13ef671_combo_1,iam:CreateUser,arn:aws:iam::{account id}:role/{role name},arn:aws:iam::123456789012:user/alice,{'DateLessThan': {'aws:CurrentTime': '2025-12-31T23:59:59Z'}},deny,deny,unsat,True
policy_5_iter_1.json,,/home/bhall2/Documents/fixmypolicy/FL/Experiment-2/temp_validation/val-50-ollamaa/policy_5_iter_1.json,6,allow_4b2e6812,Allow,"['sts:TagSession', 'sts:AssumeRoleWithWebIdentity']",arn:aws:iam::{account id}:role/{role name},allow_d28acd92,allow_d28acd92_combo_1,sts:TagSession,arn:aws:iam::{account id}:role/{role name},arn:aws:iam::123456789012:user/alice,{'DateGreaterThan': {'aws:CurrentTime': '2024-01-01T00:00:00Z'}},allow,deny,unsat,False
policy_5_iter_1.json,,/home/bhall2/Documents/fixmypolicy/FL/Experiment-2/temp_validation/val-50-ollamaa/policy_5_iter_1.json,6,allow_4b2e6812,Allow,"['sts:TagSession', 'sts:AssumeRoleWithWebIdentity']",arn:aws:iam::{account id}:role/{role name},allow_d28acd92,allow_d28acd92_combo_2,sts:AssumeRoleWithWebIdentity,arn:aws:iam::{account id}:role/{role name},arn:aws:iam::123456789012:user/alice,{'DateGreaterThan': {'aws:CurrentTime': '2024-01-01T00:00:00Z'}},allow,deny,unsat,False
policy_5_iter_1.json,,/home/bhall2/Documents/fixmypolicy/FL/Experiment-2/temp_validation/val-50-ollamaa/policy_5_iter_1.json,6,allow_4b2e6812,Allow,"['sts:TagSession', 'sts:AssumeRoleWithWebIdentity']",arn:aws:iam::{account id}:role/{role name},allow_ad67e7d3,allow_ad67e7d3_combo_1,sts:TagSession,arn:aws:iam::{account id}:role/{role name},arn:aws:iam::{account id}:oidc-provider/gitlab.com,{'StringLike': {'gitlab.com:sub': 'project_path:{redacted}/ref_type:branch:ref'}},allow,deny,unsat,False
policy_5_iter_1.json,,/home/bhall2/Documents/fixmypolicy/FL/Experiment-2/temp_validation/val-50-ollamaa/policy_5_iter_1.json,6,allow_4b2e6812,Allow,"['sts:TagSession', 'sts:AssumeRoleWithWebIdentity']",arn:aws:iam::{account id}:role/{role name},allow_ad67e7d3,allow_ad67e7d3_combo_2,sts:AssumeRoleWithWebIdentity,arn:aws:iam::{account id}:role/{role name},arn:aws:iam::{account id}:oidc-provider/gitlab.com,{'StringLike': {'gitlab.com:sub': 'project_path:{redacted}/ref_type:branch:ref'}},allow,deny,unsat,False
policy_5_iter_1.json,,/home/bhall2/Documents/fixmypolicy/FL/Experiment-2/temp_validation/val-50-ollamaa/policy_5_iter_1.json,6,allow_4b2e6812,Allow,"['sts:TagSession', 'sts:AssumeRoleWithWebIdentity']",arn:aws:iam::{account id}:role/{role name},deny_51d9c228,deny_51d9c228_combo_1,ec2:RunInstances,arn:aws:iam::{account id}:role/{role name},arn:aws:iam::123456789012:user/alice,{'DateLessThan': {'aws:CurrentTime': '2025-12-31T23:59:59Z'}},deny,deny,unsat,True
policy_5_iter_1.json,,/home/bhall2/Documents/fixmypolicy/FL/Experiment-2/temp_validation/val-50-ollamaa/policy_5_iter_1.json,6,allow_4b2e6812,Allow,"['sts:TagSession', 'sts:AssumeRoleWithWebIdentity']",arn:aws:iam::{account id}:role/{role name},deny_c81babfb,deny_c81babfb_combo_1,sts:TagSession,forbidden-arn:aws:iam::{account id}:role/{role name}-specific,arn:aws:iam::{account id}:oidc-provider/forbidden-gitlab.com,{'IpAddress': {'aws:SourceIp': '203.0.113.0/24'}},deny,deny,unsat,True
policy_5_iter_1.json,,/home/bhall2/Documents/fixmypolicy/FL/Experiment-2/temp_validation/val-50-ollamaa/policy_5_iter_1.json,6,allow_4b2e6812,Allow,"['sts:TagSession', 'sts:AssumeRoleWithWebIdentity']",arn:aws:iam::{account id}:role/{role name},deny_c81babfb,deny_c81babfb_combo_2,sts:AssumeRoleWithWebIdentity,forbidden-arn:aws:iam::{account id}:role/{role name}-specific,arn:aws:iam::{account id}:oidc-provider/forbidden-gitlab.com,{'IpAddress': {'aws:SourceIp': '203.0.113.0/24'}},deny,deny,unsat,True
policy_5_iter_1.json,,/home/bhall2/Documents/fixmypolicy/FL/Experiment-2/temp_validation/val-50-ollamaa/policy_5_iter_1.json,6,allow_4b2e6812,Allow,"['sts:TagSession', 'sts:AssumeRoleWithWebIdentity']",arn:aws:iam::{account id}:role/{role name},deny_d9e1c623,deny_d9e1c623_combo_1,sts:AssumeRoleWithWebIdentity,arn:aws:iam::{account id}:role/{role name}-forbidden-resource,arn:aws:iam::999888777666:oidc-provider/gitlab.com,{'StringEquals': {'aws:RequestedRegion': 'us-east-1'}},deny,deny,unsat,True
policy_5_iter_1.json,,/home/bhall2/Documents/fixmypolicy/FL/Experiment-2/temp_validation/val-50-ollamaa/policy_5_iter_1.json,6,allow_4b2e6812,Allow,"['sts:TagSession', 'sts:AssumeRoleWithWebIdentity']",arn:aws:iam::{account id}:role/{role name},deny_eae39e7d,deny_eae39e7d_combo_1,lambda:CreateFunction,arn:aws:iam::{account id}:role/{role name},arn:aws:iam::{account id}:oidc-provider/forbidden-gitlab.com,{'DateLessThan': {'aws:CurrentTime': '2025-12-31T23:59:59Z'}},deny,deny,unsat,True
policy_5_iter_1.json,,/home/bhall2/Documents/fixmypolicy/FL/Experiment-2/temp_validation/val-50-ollamaa/policy_5_iter_1.json,6,allow_4b2e6812,Allow,"['sts:TagSession', 'sts:AssumeRoleWithWebIdentity']",arn:aws:iam::{account id}:role/{role name},allow_277adc8e,allow_277adc8e_combo_1,sts:TagSession,arn:aws:iam::{account id}:role/{role name},arn:aws:iam::{account id}:oidc-provider/gitlab.com,{'StringLike': {'gitlab.com:sub': 'project_path:{redacted}/ref_type:branch:ref'}},allow,deny,unsat,False
policy_5_iter_1.json,,/home/bhall2/Documents/fixmypolicy/FL/Experiment-2/temp_validation/val-50-ollamaa/policy_5_iter_1.json,6,allow_4b2e6812,Allow,"['sts:TagSession', 'sts:AssumeRoleWithWebIdentity']",arn:aws:iam::{account id}:role/{role name},allow_277adc8e,allow_277adc8e_combo_2,sts:AssumeRoleWithWebIdentity,arn:aws:iam::{account id}:role/{role name},arn:aws:iam::{account id}:oidc-provider/gitlab.com,{'StringLike': {'gitlab.com:sub': 'project_path:{redacted}/ref_type:branch:ref'}},allow,deny,unsat,False
policy_5_iter_1.json,,/home/bhall2/Documents/fixmypolicy/FL/Experiment-2/temp_validation/val-50-ollamaa/policy_5_iter_1.json,6,allow_4b2e6812,Allow,"['sts:TagSession', 'sts:AssumeRoleWithWebIdentity']",arn:aws:iam::{account id}:role/{role name},deny_2efa2500,deny_2efa2500_combo_1,sts:TagSession,arn:aws:iam::{account id}:role/{role name}-forbidden-resource,arn:aws:iam::{account id}:oidc-provider/gitlab.com,{'StringLike': {'gitlab.com:sub': 'project_path:{redacted}/*:ref_type:branch:ref:*'}},deny,deny,unsat,True
policy_5_iter_1.json,,/home/bhall2/Documents/fixmypolicy/FL/Experiment-2/temp_validation/val-50-ollamaa/policy_5_iter_1.json,6,allow_4b2e6812,Allow,"['sts:TagSession', 'sts:AssumeRoleWithWebIdentity']",arn:aws:iam::{account id}:role/{role name},deny_2efa2500,deny_2efa2500_combo_2,sts:AssumeRoleWithWebIdentity,arn:aws:iam::{account id}:role/{role name}-forbidden-resource,arn:aws:iam::{account id}:oidc-provider/gitlab.com,{'StringLike': {'gitlab.com:sub': 'project_path:{redacted}/*:ref_type:branch:ref:*'}},deny,deny,unsat,True
policy_5_iter_1.json,,/home/bhall2/Documents/fixmypolicy/FL/Experiment-2/temp_validation/val-50-ollamaa/policy_5_iter_1.json,6,allow_4b2e6812,Allow,"['sts:TagSession', 'sts:AssumeRoleWithWebIdentity']",arn:aws:iam::{account id}:role/{role name},allow_4b2e6812,allow_4b2e6812_combo_1,sts:TagSession,arn:aws:iam::{account id}:role/{role name},arn:aws:iam::999888777666:oidc-provider/gitlab.com,{'StringEquals': {'aws:RequestedRegion': 'us-west-2'}},allow,allow,sat,True
policy_5_iter_1.json,,/home/bhall2/Documents/fixmypolicy/FL/Experiment-2/temp_validation/val-50-ollamaa/policy_5_iter_1.json,6,allow_4b2e6812,Allow,"['sts:TagSession', 'sts:AssumeRoleWithWebIdentity']",arn:aws:iam::{account id}:role/{role name},allow_4b2e6812,allow_4b2e6812_combo_2,sts:AssumeRoleWithWebIdentity,arn:aws:iam::{account id}:role/{role name},arn:aws:iam::999888777666:oidc-provider/gitlab.com,{'StringEquals': {'aws:RequestedRegion': 'us-west-2'}},allow,allow,sat,True
policy_5_iter_1.json,,/home/bhall2/Documents/fixmypolicy/FL/Experiment-2/temp_validation/val-50-ollamaa/policy_5_iter_1.json,6,allow_4b2e6812,Allow,"['sts:TagSession', 'sts:AssumeRoleWithWebIdentity']",arn:aws:iam::{account id}:role/{role name},deny_2ccddee4,deny_2ccddee4_combo_1,iam:DeleteUser,arn:aws:iam::{account id}:role/{role name},arn:aws:iam::999888777666:oidc-provider/gitlab.com,{'DateLessThan': {'aws:CurrentTime': '2025-12-31T23:59:59Z'}},deny,deny,unsat,True
policy_5_iter_1.json,,/home/bhall2/Documents/fixmypolicy/FL/Experiment-2/temp_validation/val-50-ollamaa/policy_5_iter_1.json,6,allow_4b2e6812,Allow,"['sts:TagSession', 'sts:AssumeRoleWithWebIdentity']",arn:aws:iam::{account id}:role/{role name},allow_8d6aad9f,allow_8d6aad9f_combo_1,sts:TagSession,arn:aws:iam::{account id}:role/{role name},arn:aws:iam::{account id}:oidc-provider/gitlab.com,{'StringLike': {'gitlab.com:sub': 'project_path:{redacted}/*:ref_type:branch:ref:*'}},allow,deny,unsat,False
policy_5_iter_1.json,,/home/bhall2/Documents/fixmypolicy/FL/Experiment-2/temp_validation/val-50-ollamaa/policy_5_iter_1.json,6,allow_4b2e6812,Allow,"['sts:TagSession', 'sts:AssumeRoleWithWebIdentity']",arn:aws:iam::{account id}:role/{role name},allow_8d6aad9f,allow_8d6aad9f_combo_2,sts:AssumeRoleWithWebIdentity,arn:aws:iam::{account id}:role/{role name},arn:aws:iam::{account id}:oidc-provider/gitlab.com,{'StringLike': {'gitlab.com:sub': 'project_path:{redacted}/*:ref_type:branch:ref:*'}},allow,deny,unsat,False
policy_5_iter_1.json,,/home/bhall2/Documents/fixmypolicy/FL/Experiment-2/temp_validation/val-50-ollamaa/policy_5_iter_1.json,6,allow_4b2e6812,Allow,"['sts:TagSession', 'sts:AssumeRoleWithWebIdentity']",arn:aws:iam::{account id}:role/{role name},allow_46828ad7,allow_46828ad7_combo_1,sts:AssumeRoleWithWebIdentity,arn:aws:iam::{account id}:role/{role name},arn:aws:iam::123456789012:user/alice,{'DateGreaterThan': {'aws:CurrentTime': '2024-01-01T00:00:00Z'}},allow,deny,unsat,False
policy_5_iter_1.json,,/home/bhall2/Documents/fixmypolicy/FL/Experiment-2/temp_validation/val-50-ollamaa/policy_5_iter_1.json,6,allow_4b2e6812,Allow,"['sts:TagSession', 'sts:AssumeRoleWithWebIdentity']",arn:aws:iam::{account id}:role/{role name},allow_46828ad7,allow_46828ad7_combo_2,sts:TagSession,arn:aws:iam::{account id}:role/{role name},arn:aws:iam::123456789012:user/alice,{'DateGreaterThan': {'aws:CurrentTime': '2024-01-01T00:00:00Z'}},allow,deny,unsat,False
policy_5_iter_1.json,,/home/bhall2/Documents/fixmypolicy/FL/Experiment-2/temp_validation/val-50-ollamaa/policy_5_iter_1.json,6,allow_4b2e6812,Allow,"['sts:TagSession', 'sts:AssumeRoleWithWebIdentity']",arn:aws:iam::{account id}:role/{role name},deny_284a8d13,deny_284a8d13_combo_1,lambda:CreateFunction,arn:aws:iam::{account id}:role/{role name},arn:aws:iam::123456789012:user/alice,{'DateLessThan': {'aws:CurrentTime': '2025-12-31T23:59:59Z'}},deny,deny,unsat,True
policy_5_iter_1.json,,/home/bhall2/Documents/fixmypolicy/FL/Experiment-2/temp_validation/val-50-ollamaa/policy_5_iter_1.json,6,allow_4b2e6812,Allow,"['sts:TagSession', 'sts:AssumeRoleWithWebIdentity']",arn:aws:iam::{account id}:role/{role name},allow_d296b21a,allow_d296b21a_combo_1,sts:TagSession,arn:aws:iam::{account id}:role/{role name},arn:aws:iam::999888777666:oidc-provider/gitlab.com,{'StringEquals': {'aws:RequestedRegion': 'us-east-1'}},allow,allow,sat,True
policy_5_iter_1.json,,/home/bhall2/Documents/fixmypolicy/FL/Experiment-2/temp_validation/val-50-ollamaa/policy_5_iter_1.json,6,allow_4b2e6812,Allow,"['sts:TagSession', 'sts:AssumeRoleWithWebIdentity']",arn:aws:iam::{account id}:role/{role name},allow_d296b21a,allow_d296b21a_combo_2,sts:AssumeRoleWithWebIdentity,arn:aws:iam::{account id}:role/{role name},arn:aws:iam::999888777666:oidc-provider/gitlab.com,{'StringEquals': {'aws:RequestedRegion': 'us-east-1'}},allow,allow,sat,True
policy_5_iter_1.json,,/home/bhall2/Documents/fixmypolicy/FL/Experiment-2/temp_validation/val-50-ollamaa/policy_5_iter_1.json,6,allow_4b2e6812,Allow,"['sts:TagSession', 'sts:AssumeRoleWithWebIdentity']",arn:aws:iam::{account id}:role/{role name},deny_0f38f412,deny_0f38f412_combo_1,ec2:RunInstances,arn:aws:iam::{account id}:role/{role name},arn:aws:iam::123456789012:user/alice,{'IpAddress': {'aws:SourceIp': '203.0.113.0/24'}},deny,deny,unsat,True
policy_5_iter_1.json,,/home/bhall2/Documents/fixmypolicy/FL/Experiment-2/temp_validation/val-50-ollamaa/policy_5_iter_1.json,6,allow_4b2e6812,Allow,"['sts:TagSession', 'sts:AssumeRoleWithWebIdentity']",arn:aws:iam::{account id}:role/{role name},deny_dccafd42,deny_dccafd42_combo_1,sts:TagSession,forbidden-arn:aws:iam::{account id}:role/{role name}-specific,arn:aws:iam::{account id}:oidc-provider/forbidden-gitlab.com,{'DateLessThan': {'aws:CurrentTime': '2025-12-31T23:59:59Z'}},deny,deny,unsat,True
policy_5_iter_1.json,,/home/bhall2/Documents/fixmypolicy/FL/Experiment-2/temp_validation/val-50-ollamaa/policy_5_iter_1.json,6,allow_4b2e6812,Allow,"['sts:TagSession', 'sts:AssumeRoleWithWebIdentity']",arn:aws:iam::{account id}:role/{role name},deny_dccafd42,deny_dccafd42_combo_2,sts:AssumeRoleWithWebIdentity,forbidden-arn:aws:iam::{account id}:role/{role name}-specific,arn:aws:iam::{account id}:oidc-provider/forbidden-gitlab.com,{'DateLessThan': {'aws:CurrentTime': '2025-12-31T23:59:59Z'}},deny,deny,unsat,True
policy_5_iter_1.json,,/home/bhall2/Documents/fixmypolicy/FL/Experiment-2/temp_validation/val-50-ollamaa/policy_5_iter_1.json,6,allow_4b2e6812,Allow,"['sts:TagSession', 'sts:AssumeRoleWithWebIdentity']",arn:aws:iam::{account id}:role/{role name},allow_b3521fa7,allow_b3521fa7_combo_1,sts:AssumeRoleWithWebIdentity,arn:aws:iam::{account id}:role/{role name},arn:aws:iam::{account id}:oidc-provider/gitlab.com,{'StringLike': {'gitlab.com:sub': 'project_path:{redacted}/*:ref_type:branch:ref:*'}},allow,deny,unsat,False
policy_5_iter_1.json,,/home/bhall2/Documents/fixmypolicy/FL/Experiment-2/temp_validation/val-50-ollamaa/policy_5_iter_1.json,6,allow_4b2e6812,Allow,"['sts:TagSession', 'sts:AssumeRoleWithWebIdentity']",arn:aws:iam::{account id}:role/{role name},deny_5cdc410d,deny_5cdc410d_combo_1,sts:AssumeRoleWithWebIdentity,arn:aws:iam::{account id}:role/{role name}-forbidden-resource,arn:aws:iam::999888777666:oidc-provider/gitlab.com,{'DateLessThan': {'aws:CurrentTime': '2025-12-31T23:59:59Z'}},deny,deny,unsat,True
policy_5_iter_1.json,,/home/bhall2/Documents/fixmypolicy/FL/Experiment-2/temp_validation/val-50-ollamaa/policy_5_iter_1.json,6,allow_4b2e6812,Allow,"['sts:TagSession', 'sts:AssumeRoleWithWebIdentity']",arn:aws:iam::{account id}:role/{role name},allow_1a3aa330,allow_1a3aa330_combo_1,sts:TagSession,arn:aws:iam::{account id}:role/{role name},arn:aws:iam::{account id}:oidc-provider/gitlab.com,{'StringLike': {'gitlab.com:sub': 'project_path:{redacted}/*:ref_type:branch:ref:*'}},allow,deny,unsat,False
policy_5_iter_1.json,,/home/bhall2/Documents/fixmypolicy/FL/Experiment-2/temp_validation/val-50-ollamaa/policy_5_iter_1.json,6,allow_4b2e6812,Allow,"['sts:TagSession', 'sts:AssumeRoleWithWebIdentity']",arn:aws:iam::{account id}:role/{role name},allow_1a3aa330,allow_1a3aa330_combo_2,sts:AssumeRoleWithWebIdentity,arn:aws:iam::{account id}:role/{role name},arn:aws:iam::{account id}:oidc-provider/gitlab.com,{'StringLike': {'gitlab.com:sub': 'project_path:{redacted}/*:ref_type:branch:ref:*'}},allow,deny,unsat,False
policy_5_iter_1.json,,/home/bhall2/Documents/fixmypolicy/FL/Experiment-2/temp_validation/val-50-ollamaa/policy_5_iter_1.json,6,allow_4b2e6812,Allow,"['sts:TagSession', 'sts:AssumeRoleWithWebIdentity']",arn:aws:iam::{account id}:role/{role name},deny_8dc7e4d8,deny_8dc7e4d8_combo_1,sts:TagSession,arn:aws:iam::{account id}:role/{role name}-forbidden-resource,arn:aws:iam::{account id}:oidc-provider/gitlab.com,{'StringLike': {'gitlab.com:sub': 'project_path:{redacted}/*:ref_type:branch:ref:*'}},deny,deny,unsat,True
policy_5_iter_1.json,,/home/bhall2/Documents/fixmypolicy/FL/Experiment-2/temp_validation/val-50-ollamaa/policy_5_iter_1.json,6,allow_4b2e6812,Allow,"['sts:TagSession', 'sts:AssumeRoleWithWebIdentity']",arn:aws:iam::{account id}:role/{role name},allow_a3073d0d,allow_a3073d0d_combo_1,sts:TagSession,arn:aws:iam::{account id}:role/{role name},arn:aws:iam::{account id}:oidc-provider/gitlab.com,{'StringLike': {'gitlab.com:sub': 'project_path:{redacted}/*:ref_type:branch:ref:*'}},allow,deny,unsat,False
policy_5_iter_1.json,,/home/bhall2/Documents/fixmypolicy/FL/Experiment-2/temp_validation/val-50-ollamaa/policy_5_iter_1.json,6,allow_4b2e6812,Allow,"['sts:TagSession', 'sts:AssumeRoleWithWebIdentity']",arn:aws:iam::{account id}:role/{role name},allow_a3073d0d,allow_a3073d0d_combo_2,sts:AssumeRoleWithWebIdentity,arn:aws:iam::{account id}:role/{role name},arn:aws:iam::{account id}:oidc-provider/gitlab.com,{'StringLike': {'gitlab.com:sub': 'project_path:{redacted}/*:ref_type:branch:ref:*'}},allow,deny,unsat,False
policy_5_iter_1.json,,/home/bhall2/Documents/fixmypolicy/FL/Experiment-2/temp_validation/val-50-ollamaa/policy_5_iter_1.json,6,allow_4b2e6812,Allow,"['sts:TagSession', 'sts:AssumeRoleWithWebIdentity']",arn:aws:iam::{account id}:role/{role name},allow_39a49474,allow_39a49474_combo_1,sts:AssumeRoleWithWebIdentity,arn:aws:iam::{account id}:role/{role name},arn:aws:iam::{account id}:oidc-provider/gitlab.com,{'StringLike': {'gitlab.com:sub': 'project_path:{redacted}/*:ref_type:branch:ref:*'}},allow,deny,unsat,False
policy_5_iter_1.json,,/home/bhall2/Documents/fixmypolicy/FL/Experiment-2/temp_validation/val-50-ollamaa/policy_5_iter_1.json,6,allow_4b2e6812,Allow,"['sts:TagSession', 'sts:AssumeRoleWithWebIdentity']",arn:aws:iam::{account id}:role/{role name},allow_39a49474,allow_39a49474_combo_2,sts:TagSession,arn:aws:iam::{account id}:role/{role name},arn:aws:iam::{account id}:oidc-provider/gitlab.com,{'StringLike': {'gitlab.com:sub': 'project_path:{redacted}/*:ref_type:branch:ref:*'}},allow,deny,unsat,False
policy_5_iter_1.json,,/home/bhall2/Documents/fixmypolicy/FL/Experiment-2/temp_validation/val-50-ollamaa/policy_5_iter_1.json,6,allow_4b2e6812,Allow,"['sts:TagSession', 'sts:AssumeRoleWithWebIdentity']",arn:aws:iam::{account id}:role/{role name},deny_b2a7386a,deny_b2a7386a_combo_1,iam:DeleteUser,arn:aws:iam::{account id}:role/{role name},arn:aws:iam::999888777666:oidc-provider/gitlab.com,{'StringEquals': {'aws:RequestedRegion': 'us-west-2'}},deny,deny,unsat,True
policy_5_iter_1.json,,/home/bhall2/Documents/fixmypolicy/FL/Experiment-2/temp_validation/val-50-ollamaa/policy_5_iter_1.json,6,allow_4b2e6812,Allow,"['sts:TagSession', 'sts:AssumeRoleWithWebIdentity']",arn:aws:iam::{account id}:role/{role name},deny_200cd3bf,deny_200cd3bf_combo_1,sts:AssumeRoleWithWebIdentity,arn:aws:iam::{account id}:role/{role name}-forbidden-resource,arn:aws:iam::123456789012:user/alice,{'StringEquals': {'aws:RequestedRegion': 'us-east-1'}},deny,deny,unsat,True
policy_5_iter_1.json,,/home/bhall2/Documents/fixmypolicy/FL/Experiment-2/temp_validation/val-50-ollamaa/policy_5_iter_1.json,6,allow_4b2e6812,Allow,"['sts:TagSession', 'sts:AssumeRoleWithWebIdentity']",arn:aws:iam::{account id}:role/{role name},allow_9e959d67,allow_9e959d67_combo_1,sts:TagSession,arn:aws:iam::{account id}:role/{role name},arn:aws:iam::{account id}:oidc-provider/gitlab.com,{'StringLike': {'gitlab.com:sub': 'project_path:{redacted}/*:ref_type:branch:ref:*'}},allow,deny,unsat,False
policy_5_iter_1.json,,/home/bhall2/Documents/fixmypolicy/FL/Experiment-2/temp_validation/val-50-ollamaa/policy_5_iter_1.json,6,allow_4b2e6812,Allow,"['sts:TagSession', 'sts:AssumeRoleWithWebIdentity']",arn:aws:iam::{account id}:role/{role name},allow_8b2a35e8,allow_8b2a35e8_combo_1,sts:TagSession,arn:aws:iam::{account id}:role/{role name},arn:aws:iam::123456789012:user/alice,{'StringEquals': {'aws:RequestedRegion': 'us-east-1'}},allow,deny,unsat,False
policy_5_iter_1.json,,/home/bhall2/Documents/fixmypolicy/FL/Experiment-2/temp_validation/val-50-ollamaa/policy_5_iter_1.json,6,allow_4b2e6812,Allow,"['sts:TagSession', 'sts:AssumeRoleWithWebIdentity']",arn:aws:iam::{account id}:role/{role name},allow_a7f5ef81,allow_a7f5ef81_combo_1,sts:TagSession,arn:aws:iam::{account id}:role/{role name},arn:aws:iam::{account id}:oidc-provider/gitlab.com,{'StringLike': {'gitlab.com:sub': 'project_path:{redacted}/*:ref_type:branch:ref:*'}},allow,deny,unsat,False
policy_5_iter_1.json,,/home/bhall2/Documents/fixmypolicy/FL/Experiment-2/temp_validation/val-50-ollamaa/policy_5_iter_1.json,6,allow_4b2e6812,Allow,"['sts:TagSession', 'sts:AssumeRoleWithWebIdentity']",arn:aws:iam::{account id}:role/{role name},deny_a61a5c77,deny_a61a5c77_combo_1,ec2:DescribeInstances,arn:aws:iam::{account id}:role/{role name},arn:aws:iam::{account id}:oidc-provider/forbidden-gitlab.com,{'IpAddress': {'aws:SourceIp': '203.0.113.0/24'}},deny,deny,unsat,True
policy_5_iter_1.json,,/home/bhall2/Documents/fixmypolicy/FL/Experiment-2/temp_validation/val-50-ollamaa/policy_5_iter_1.json,6,allow_4b2e6812,Allow,"['sts:TagSession', 'sts:AssumeRoleWithWebIdentity']",arn:aws:iam::{account id}:role/{role name},allow_8fe72846,allow_8fe72846_combo_1,sts:AssumeRoleWithWebIdentity,arn:aws:iam::{account id}:role/{role name},arn:aws:iam::{account id}:oidc-provider/gitlab.com,{'StringLike': {'gitlab.com:sub': 'project_path:{redacted}/*:ref_type:branch:ref:*'}},allow,deny,unsat,False
policy_5_iter_1.json,,/home/bhall2/Documents/fixmypolicy/FL/Experiment-2/temp_validation/val-50-ollamaa/policy_5_iter_1.json,6,allow_4b2e6812,Allow,"['sts:TagSession', 'sts:AssumeRoleWithWebIdentity']",arn:aws:iam::{account id}:role/{role name},allow_8fe72846,allow_8fe72846_combo_2,sts:TagSession,arn:aws:iam::{account id}:role/{role name},arn:aws:iam::{account id}:oidc-provider/gitlab.com,{'StringLike': {'gitlab.com:sub': 'project_path:{redacted}/*:ref_type:branch:ref:*'}},allow,deny,unsat,False
policy_5_iter_1.json,,/home/bhall2/Documents/fixmypolicy/FL/Experiment-2/temp_validation/val-50-ollamaa/policy_5_iter_1.json,6,allow_4b2e6812,Allow,"['sts:TagSession', 'sts:AssumeRoleWithWebIdentity']",arn:aws:iam::{account id}:role/{role name},allow_b9703ac8,allow_b9703ac8_combo_1,sts:AssumeRoleWithWebIdentity,arn:aws:iam::{account id}:role/{role name},arn:aws:iam::{account id}:oidc-provider/gitlab.com,{'StringLike': {'gitlab.com:sub': 'project_path:{redacted}/*:ref_type:branch:ref:*'}},allow,deny,unsat,False
policy_5_iter_1.json,,/home/bhall2/Documents/fixmypolicy/FL/Experiment-2/temp_validation/val-50-ollamaa/policy_5_iter_1.json,6,allow_4b2e6812,Allow,"['sts:TagSession', 'sts:AssumeRoleWithWebIdentity']",arn:aws:iam::{account id}:role/{role name},allow_b9703ac8,allow_b9703ac8_combo_2,sts:TagSession,arn:aws:iam::{account id}:role/{role name},arn:aws:iam::{account id}:oidc-provider/gitlab.com,{'StringLike': {'gitlab.com:sub': 'project_path:{redacted}/*:ref_type:branch:ref:*'}},allow,deny,unsat,False
policy_5_iter_1.json,,/home/bhall2/Documents/fixmypolicy/FL/Experiment-2/temp_validation/val-50-ollamaa/policy_5_iter_1.json,6,allow_4b2e6812,Allow,"['sts:TagSession', 'sts:AssumeRoleWithWebIdentity']",arn:aws:iam::{account id}:role/{role name},deny_fda03fc6,deny_fda03fc6_combo_1,sts:AssumeRoleWithWebIdentity,arn:aws:iam::{account id}:role/{role name}-forbidden-resource,arn:aws:iam::{account id}:oidc-provider/gitlab.com,{'StringLike': {'gitlab.com:sub': 'project_path:{redacted}/*:ref_type:branch:ref:*'}},deny,deny,unsat,True
policy_5_iter_1.json,,/home/bhall2/Documents/fixmypolicy/FL/Experiment-2/temp_validation/val-50-ollamaa/policy_5_iter_1.json,6,allow_4b2e6812,Allow,"['sts:TagSession', 'sts:AssumeRoleWithWebIdentity']",arn:aws:iam::{account id}:role/{role name},deny_fda03fc6,deny_fda03fc6_combo_2,sts:TagSession,arn:aws:iam::{account id}:role/{role name}-forbidden-resource,arn:aws:iam::{account id}:oidc-provider/gitlab.com,{'StringLike': {'gitlab.com:sub': 'project_path:{redacted}/*:ref_type:branch:ref:*'}},deny,deny,unsat,True
policy_5_iter_1.json,,/home/bhall2/Documents/fixmypolicy/FL/Experiment-2/temp_validation/val-50-ollamaa/policy_5_iter_1.json,7,allow_8d6aad9f,Allow,"['sts:TagSession', 'sts:AssumeRoleWithWebIdentity']",arn:aws:iam::{account id}:role/{role name},allow_a8fd7ef6,allow_a8fd7ef6_combo_1,sts:AssumeRoleWithWebIdentity,arn:aws:iam::{account id}:role/{role name},arn:aws:iam::{account id}:oidc-provider/gitlab.com,{'StringLike': {'gitlab.com:sub': 'project_path:{redacted}/*:ref_type:branch:ref:*'}},allow,allow,sat,True
policy_5_iter_1.json,,/home/bhall2/Documents/fixmypolicy/FL/Experiment-2/temp_validation/val-50-ollamaa/policy_5_iter_1.json,7,allow_8d6aad9f,Allow,"['sts:TagSession', 'sts:AssumeRoleWithWebIdentity']",arn:aws:iam::{account id}:role/{role name},allow_e641a090,allow_e641a090_combo_1,sts:AssumeRoleWithWebIdentity,arn:aws:iam::{account id}:role/{role name},arn:aws:iam::{account id}:oidc-provider/gitlab.com,{'StringLike': {'gitlab.com:sub': 'project_path:{redacted}/*:ref_type:branch:ref:*'}},allow,allow,sat,True
policy_5_iter_1.json,,/home/bhall2/Documents/fixmypolicy/FL/Experiment-2/temp_validation/val-50-ollamaa/policy_5_iter_1.json,7,allow_8d6aad9f,Allow,"['sts:TagSession', 'sts:AssumeRoleWithWebIdentity']",arn:aws:iam::{account id}:role/{role name},deny_f13ef671,deny_f13ef671_combo_1,iam:CreateUser,arn:aws:iam::{account id}:role/{role name},arn:aws:iam::123456789012:user/alice,{'DateLessThan': {'aws:CurrentTime': '2025-12-31T23:59:59Z'}},deny,deny,unsat,True
policy_5_iter_1.json,,/home/bhall2/Documents/fixmypolicy/FL/Experiment-2/temp_validation/val-50-ollamaa/policy_5_iter_1.json,7,allow_8d6aad9f,Allow,"['sts:TagSession', 'sts:AssumeRoleWithWebIdentity']",arn:aws:iam::{account id}:role/{role name},allow_d28acd92,allow_d28acd92_combo_1,sts:TagSession,arn:aws:iam::{account id}:role/{role name},arn:aws:iam::123456789012:user/alice,{'DateGreaterThan': {'aws:CurrentTime': '2024-01-01T00:00:00Z'}},allow,deny,unsat,False
policy_5_iter_1.json,,/home/bhall2/Documents/fixmypolicy/FL/Experiment-2/temp_validation/val-50-ollamaa/policy_5_iter_1.json,7,allow_8d6aad9f,Allow,"['sts:TagSession', 'sts:AssumeRoleWithWebIdentity']",arn:aws:iam::{account id}:role/{role name},allow_d28acd92,allow_d28acd92_combo_2,sts:AssumeRoleWithWebIdentity,arn:aws:iam::{account id}:role/{role name},arn:aws:iam::123456789012:user/alice,{'DateGreaterThan': {'aws:CurrentTime': '2024-01-01T00:00:00Z'}},allow,deny,unsat,False
policy_5_iter_1.json,,/home/bhall2/Documents/fixmypolicy/FL/Experiment-2/temp_validation/val-50-ollamaa/policy_5_iter_1.json,7,allow_8d6aad9f,Allow,"['sts:TagSession', 'sts:AssumeRoleWithWebIdentity']",arn:aws:iam::{account id}:role/{role name},allow_ad67e7d3,allow_ad67e7d3_combo_1,sts:TagSession,arn:aws:iam::{account id}:role/{role name},arn:aws:iam::{account id}:oidc-provider/gitlab.com,{'StringLike': {'gitlab.com:sub': 'project_path:{redacted}/ref_type:branch:ref'}},allow,allow,sat,True
policy_5_iter_1.json,,/home/bhall2/Documents/fixmypolicy/FL/Experiment-2/temp_validation/val-50-ollamaa/policy_5_iter_1.json,7,allow_8d6aad9f,Allow,"['sts:TagSession', 'sts:AssumeRoleWithWebIdentity']",arn:aws:iam::{account id}:role/{role name},allow_ad67e7d3,allow_ad67e7d3_combo_2,sts:AssumeRoleWithWebIdentity,arn:aws:iam::{account id}:role/{role name},arn:aws:iam::{account id}:oidc-provider/gitlab.com,{'StringLike': {'gitlab.com:sub': 'project_path:{redacted}/ref_type:branch:ref'}},allow,allow,sat,True
policy_5_iter_1.json,,/home/bhall2/Documents/fixmypolicy/FL/Experiment-2/temp_validation/val-50-ollamaa/policy_5_iter_1.json,7,allow_8d6aad9f,Allow,"['sts:TagSession', 'sts:AssumeRoleWithWebIdentity']",arn:aws:iam::{account id}:role/{role name},deny_51d9c228,deny_51d9c228_combo_1,ec2:RunInstances,arn:aws:iam::{account id}:role/{role name},arn:aws:iam::123456789012:user/alice,{'DateLessThan': {'aws:CurrentTime': '2025-12-31T23:59:59Z'}},deny,deny,unsat,True
policy_5_iter_1.json,,/home/bhall2/Documents/fixmypolicy/FL/Experiment-2/temp_validation/val-50-ollamaa/policy_5_iter_1.json,7,allow_8d6aad9f,Allow,"['sts:TagSession', 'sts:AssumeRoleWithWebIdentity']",arn:aws:iam::{account id}:role/{role name},deny_c81babfb,deny_c81babfb_combo_1,sts:TagSession,forbidden-arn:aws:iam::{account id}:role/{role name}-specific,arn:aws:iam::{account id}:oidc-provider/forbidden-gitlab.com,{'IpAddress': {'aws:SourceIp': '203.0.113.0/24'}},deny,deny,unsat,True
policy_5_iter_1.json,,/home/bhall2/Documents/fixmypolicy/FL/Experiment-2/temp_validation/val-50-ollamaa/policy_5_iter_1.json,7,allow_8d6aad9f,Allow,"['sts:TagSession', 'sts:AssumeRoleWithWebIdentity']",arn:aws:iam::{account id}:role/{role name},deny_c81babfb,deny_c81babfb_combo_2,sts:AssumeRoleWithWebIdentity,forbidden-arn:aws:iam::{account id}:role/{role name}-specific,arn:aws:iam::{account id}:oidc-provider/forbidden-gitlab.com,{'IpAddress': {'aws:SourceIp': '203.0.113.0/24'}},deny,deny,unsat,True
policy_5_iter_1.json,,/home/bhall2/Documents/fixmypolicy/FL/Experiment-2/temp_validation/val-50-ollamaa/policy_5_iter_1.json,7,allow_8d6aad9f,Allow,"['sts:TagSession', 'sts:AssumeRoleWithWebIdentity']",arn:aws:iam::{account id}:role/{role name},deny_d9e1c623,deny_d9e1c623_combo_1,sts:AssumeRoleWithWebIdentity,arn:aws:iam::{account id}:role/{role name}-forbidden-resource,arn:aws:iam::999888777666:oidc-provider/gitlab.com,{'StringEquals': {'aws:RequestedRegion': 'us-east-1'}},deny,deny,unsat,True
policy_5_iter_1.json,,/home/bhall2/Documents/fixmypolicy/FL/Experiment-2/temp_validation/val-50-ollamaa/policy_5_iter_1.json,7,allow_8d6aad9f,Allow,"['sts:TagSession', 'sts:AssumeRoleWithWebIdentity']",arn:aws:iam::{account id}:role/{role name},deny_eae39e7d,deny_eae39e7d_combo_1,lambda:CreateFunction,arn:aws:iam::{account id}:role/{role name},arn:aws:iam::{account id}:oidc-provider/forbidden-gitlab.com,{'DateLessThan': {'aws:CurrentTime': '2025-12-31T23:59:59Z'}},deny,deny,unsat,True
policy_5_iter_1.json,,/home/bhall2/Documents/fixmypolicy/FL/Experiment-2/temp_validation/val-50-ollamaa/policy_5_iter_1.json,7,allow_8d6aad9f,Allow,"['sts:TagSession', 'sts:AssumeRoleWithWebIdentity']",arn:aws:iam::{account id}:role/{role name},allow_277adc8e,allow_277adc8e_combo_1,sts:TagSession,arn:aws:iam::{account id}:role/{role name},arn:aws:iam::{account id}:oidc-provider/gitlab.com,{'StringLike': {'gitlab.com:sub': 'project_path:{redacted}/ref_type:branch:ref'}},allow,allow,sat,True
policy_5_iter_1.json,,/home/bhall2/Documents/fixmypolicy/FL/Experiment-2/temp_validation/val-50-ollamaa/policy_5_iter_1.json,7,allow_8d6aad9f,Allow,"['sts:TagSession', 'sts:AssumeRoleWithWebIdentity']",arn:aws:iam::{account id}:role/{role name},allow_277adc8e,allow_277adc8e_combo_2,sts:AssumeRoleWithWebIdentity,arn:aws:iam::{account id}:role/{role name},arn:aws:iam::{account id}:oidc-provider/gitlab.com,{'StringLike': {'gitlab.com:sub': 'project_path:{redacted}/ref_type:branch:ref'}},allow,allow,sat,True
policy_5_iter_1.json,,/home/bhall2/Documents/fixmypolicy/FL/Experiment-2/temp_validation/val-50-ollamaa/policy_5_iter_1.json,7,allow_8d6aad9f,Allow,"['sts:TagSession', 'sts:AssumeRoleWithWebIdentity']",arn:aws:iam::{account id}:role/{role name},deny_2efa2500,deny_2efa2500_combo_1,sts:TagSession,arn:aws:iam::{account id}:role/{role name}-forbidden-resource,arn:aws:iam::{account id}:oidc-provider/gitlab.com,{'StringLike': {'gitlab.com:sub': 'project_path:{redacted}/*:ref_type:branch:ref:*'}},deny,deny,unsat,True
policy_5_iter_1.json,,/home/bhall2/Documents/fixmypolicy/FL/Experiment-2/temp_validation/val-50-ollamaa/policy_5_iter_1.json,7,allow_8d6aad9f,Allow,"['sts:TagSession', 'sts:AssumeRoleWithWebIdentity']",arn:aws:iam::{account id}:role/{role name},deny_2efa2500,deny_2efa2500_combo_2,sts:AssumeRoleWithWebIdentity,arn:aws:iam::{account id}:role/{role name}-forbidden-resource,arn:aws:iam::{account id}:oidc-provider/gitlab.com,{'StringLike': {'gitlab.com:sub': 'project_path:{redacted}/*:ref_type:branch:ref:*'}},deny,deny,unsat,True
policy_5_iter_1.json,,/home/bhall2/Documents/fixmypolicy/FL/Experiment-2/temp_validation/val-50-ollamaa/policy_5_iter_1.json,7,allow_8d6aad9f,Allow,"['sts:TagSession', 'sts:AssumeRoleWithWebIdentity']",arn:aws:iam::{account id}:role/{role name},allow_4b2e6812,allow_4b2e6812_combo_1,sts:TagSession,arn:aws:iam::{account id}:role/{role name},arn:aws:iam::999888777666:oidc-provider/gitlab.com,{'StringEquals': {'aws:RequestedRegion': 'us-west-2'}},allow,deny,unsat,False
policy_5_iter_1.json,,/home/bhall2/Documents/fixmypolicy/FL/Experiment-2/temp_validation/val-50-ollamaa/policy_5_iter_1.json,7,allow_8d6aad9f,Allow,"['sts:TagSession', 'sts:AssumeRoleWithWebIdentity']",arn:aws:iam::{account id}:role/{role name},allow_4b2e6812,allow_4b2e6812_combo_2,sts:AssumeRoleWithWebIdentity,arn:aws:iam::{account id}:role/{role name},arn:aws:iam::999888777666:oidc-provider/gitlab.com,{'StringEquals': {'aws:RequestedRegion': 'us-west-2'}},allow,deny,unsat,False
policy_5_iter_1.json,,/home/bhall2/Documents/fixmypolicy/FL/Experiment-2/temp_validation/val-50-ollamaa/policy_5_iter_1.json,7,allow_8d6aad9f,Allow,"['sts:TagSession', 'sts:AssumeRoleWithWebIdentity']",arn:aws:iam::{account id}:role/{role name},deny_2ccddee4,deny_2ccddee4_combo_1,iam:DeleteUser,arn:aws:iam::{account id}:role/{role name},arn:aws:iam::999888777666:oidc-provider/gitlab.com,{'DateLessThan': {'aws:CurrentTime': '2025-12-31T23:59:59Z'}},deny,deny,unsat,True
policy_5_iter_1.json,,/home/bhall2/Documents/fixmypolicy/FL/Experiment-2/temp_validation/val-50-ollamaa/policy_5_iter_1.json,7,allow_8d6aad9f,Allow,"['sts:TagSession', 'sts:AssumeRoleWithWebIdentity']",arn:aws:iam::{account id}:role/{role name},allow_8d6aad9f,allow_8d6aad9f_combo_1,sts:TagSession,arn:aws:iam::{account id}:role/{role name},arn:aws:iam::{account id}:oidc-provider/gitlab.com,{'StringLike': {'gitlab.com:sub': 'project_path:{redacted}/*:ref_type:branch:ref:*'}},allow,allow,sat,True
policy_5_iter_1.json,,/home/bhall2/Documents/fixmypolicy/FL/Experiment-2/temp_validation/val-50-ollamaa/policy_5_iter_1.json,7,allow_8d6aad9f,Allow,"['sts:TagSession', 'sts:AssumeRoleWithWebIdentity']",arn:aws:iam::{account id}:role/{role name},allow_8d6aad9f,allow_8d6aad9f_combo_2,sts:AssumeRoleWithWebIdentity,arn:aws:iam::{account id}:role/{role name},arn:aws:iam::{account id}:oidc-provider/gitlab.com,{'StringLike': {'gitlab.com:sub': 'project_path:{redacted}/*:ref_type:branch:ref:*'}},allow,allow,sat,True
policy_5_iter_1.json,,/home/bhall2/Documents/fixmypolicy/FL/Experiment-2/temp_validation/val-50-ollamaa/policy_5_iter_1.json,7,allow_8d6aad9f,Allow,"['sts:TagSession', 'sts:AssumeRoleWithWebIdentity']",arn:aws:iam::{account id}:role/{role name},allow_46828ad7,allow_46828ad7_combo_1,sts:AssumeRoleWithWebIdentity,arn:aws:iam::{account id}:role/{role name},arn:aws:iam::123456789012:user/alice,{'DateGreaterThan': {'aws:CurrentTime': '2024-01-01T00:00:00Z'}},allow,deny,unsat,False
policy_5_iter_1.json,,/home/bhall2/Documents/fixmypolicy/FL/Experiment-2/temp_validation/val-50-ollamaa/policy_5_iter_1.json,7,allow_8d6aad9f,Allow,"['sts:TagSession', 'sts:AssumeRoleWithWebIdentity']",arn:aws:iam::{account id}:role/{role name},allow_46828ad7,allow_46828ad7_combo_2,sts:TagSession,arn:aws:iam::{account id}:role/{role name},arn:aws:iam::123456789012:user/alice,{'DateGreaterThan': {'aws:CurrentTime': '2024-01-01T00:00:00Z'}},allow,deny,unsat,False
policy_5_iter_1.json,,/home/bhall2/Documents/fixmypolicy/FL/Experiment-2/temp_validation/val-50-ollamaa/policy_5_iter_1.json,7,allow_8d6aad9f,Allow,"['sts:TagSession', 'sts:AssumeRoleWithWebIdentity']",arn:aws:iam::{account id}:role/{role name},deny_284a8d13,deny_284a8d13_combo_1,lambda:CreateFunction,arn:aws:iam::{account id}:role/{role name},arn:aws:iam::123456789012:user/alice,{'DateLessThan': {'aws:CurrentTime': '2025-12-31T23:59:59Z'}},deny,deny,unsat,True
policy_5_iter_1.json,,/home/bhall2/Documents/fixmypolicy/FL/Experiment-2/temp_validation/val-50-ollamaa/policy_5_iter_1.json,7,allow_8d6aad9f,Allow,"['sts:TagSession', 'sts:AssumeRoleWithWebIdentity']",arn:aws:iam::{account id}:role/{role name},allow_d296b21a,allow_d296b21a_combo_1,sts:TagSession,arn:aws:iam::{account id}:role/{role name},arn:aws:iam::999888777666:oidc-provider/gitlab.com,{'StringEquals': {'aws:RequestedRegion': 'us-east-1'}},allow,deny,unsat,False
policy_5_iter_1.json,,/home/bhall2/Documents/fixmypolicy/FL/Experiment-2/temp_validation/val-50-ollamaa/policy_5_iter_1.json,7,allow_8d6aad9f,Allow,"['sts:TagSession', 'sts:AssumeRoleWithWebIdentity']",arn:aws:iam::{account id}:role/{role name},allow_d296b21a,allow_d296b21a_combo_2,sts:AssumeRoleWithWebIdentity,arn:aws:iam::{account id}:role/{role name},arn:aws:iam::999888777666:oidc-provider/gitlab.com,{'StringEquals': {'aws:RequestedRegion': 'us-east-1'}},allow,deny,unsat,False
policy_5_iter_1.json,,/home/bhall2/Documents/fixmypolicy/FL/Experiment-2/temp_validation/val-50-ollamaa/policy_5_iter_1.json,7,allow_8d6aad9f,Allow,"['sts:TagSession', 'sts:AssumeRoleWithWebIdentity']",arn:aws:iam::{account id}:role/{role name},deny_0f38f412,deny_0f38f412_combo_1,ec2:RunInstances,arn:aws:iam::{account id}:role/{role name},arn:aws:iam::123456789012:user/alice,{'IpAddress': {'aws:SourceIp': '203.0.113.0/24'}},deny,deny,unsat,True
policy_5_iter_1.json,,/home/bhall2/Documents/fixmypolicy/FL/Experiment-2/temp_validation/val-50-ollamaa/policy_5_iter_1.json,7,allow_8d6aad9f,Allow,"['sts:TagSession', 'sts:AssumeRoleWithWebIdentity']",arn:aws:iam::{account id}:role/{role name},deny_dccafd42,deny_dccafd42_combo_1,sts:TagSession,forbidden-arn:aws:iam::{account id}:role/{role name}-specific,arn:aws:iam::{account id}:oidc-provider/forbidden-gitlab.com,{'DateLessThan': {'aws:CurrentTime': '2025-12-31T23:59:59Z'}},deny,deny,unsat,True
policy_5_iter_1.json,,/home/bhall2/Documents/fixmypolicy/FL/Experiment-2/temp_validation/val-50-ollamaa/policy_5_iter_1.json,7,allow_8d6aad9f,Allow,"['sts:TagSession', 'sts:AssumeRoleWithWebIdentity']",arn:aws:iam::{account id}:role/{role name},deny_dccafd42,deny_dccafd42_combo_2,sts:AssumeRoleWithWebIdentity,forbidden-arn:aws:iam::{account id}:role/{role name}-specific,arn:aws:iam::{account id}:oidc-provider/forbidden-gitlab.com,{'DateLessThan': {'aws:CurrentTime': '2025-12-31T23:59:59Z'}},deny,deny,unsat,True
policy_5_iter_1.json,,/home/bhall2/Documents/fixmypolicy/FL/Experiment-2/temp_validation/val-50-ollamaa/policy_5_iter_1.json,7,allow_8d6aad9f,Allow,"['sts:TagSession', 'sts:AssumeRoleWithWebIdentity']",arn:aws:iam::{account id}:role/{role name},allow_b3521fa7,allow_b3521fa7_combo_1,sts:AssumeRoleWithWebIdentity,arn:aws:iam::{account id}:role/{role name},arn:aws:iam::{account id}:oidc-provider/gitlab.com,{'StringLike': {'gitlab.com:sub': 'project_path:{redacted}/*:ref_type:branch:ref:*'}},allow,allow,sat,True
policy_5_iter_1.json,,/home/bhall2/Documents/fixmypolicy/FL/Experiment-2/temp_validation/val-50-ollamaa/policy_5_iter_1.json,7,allow_8d6aad9f,Allow,"['sts:TagSession', 'sts:AssumeRoleWithWebIdentity']",arn:aws:iam::{account id}:role/{role name},deny_5cdc410d,deny_5cdc410d_combo_1,sts:AssumeRoleWithWebIdentity,arn:aws:iam::{account id}:role/{role name}-forbidden-resource,arn:aws:iam::999888777666:oidc-provider/gitlab.com,{'DateLessThan': {'aws:CurrentTime': '2025-12-31T23:59:59Z'}},deny,deny,unsat,True
policy_5_iter_1.json,,/home/bhall2/Documents/fixmypolicy/FL/Experiment-2/temp_validation/val-50-ollamaa/policy_5_iter_1.json,7,allow_8d6aad9f,Allow,"['sts:TagSession', 'sts:AssumeRoleWithWebIdentity']",arn:aws:iam::{account id}:role/{role name},allow_1a3aa330,allow_1a3aa330_combo_1,sts:TagSession,arn:aws:iam::{account id}:role/{role name},arn:aws:iam::{account id}:oidc-provider/gitlab.com,{'StringLike': {'gitlab.com:sub': 'project_path:{redacted}/*:ref_type:branch:ref:*'}},allow,allow,sat,True
policy_5_iter_1.json,,/home/bhall2/Documents/fixmypolicy/FL/Experiment-2/temp_validation/val-50-ollamaa/policy_5_iter_1.json,7,allow_8d6aad9f,Allow,"['sts:TagSession', 'sts:AssumeRoleWithWebIdentity']",arn:aws:iam::{account id}:role/{role name},allow_1a3aa330,allow_1a3aa330_combo_2,sts:AssumeRoleWithWebIdentity,arn:aws:iam::{account id}:role/{role name},arn:aws:iam::{account id}:oidc-provider/gitlab.com,{'StringLike': {'gitlab.com:sub': 'project_path:{redacted}/*:ref_type:branch:ref:*'}},allow,allow,sat,True
policy_5_iter_1.json,,/home/bhall2/Documents/fixmypolicy/FL/Experiment-2/temp_validation/val-50-ollamaa/policy_5_iter_1.json,7,allow_8d6aad9f,Allow,"['sts:TagSession', 'sts:AssumeRoleWithWebIdentity']",arn:aws:iam::{account id}:role/{role name},deny_8dc7e4d8,deny_8dc7e4d8_combo_1,sts:TagSession,arn:aws:iam::{account id}:role/{role name}-forbidden-resource,arn:aws:iam::{account id}:oidc-provider/gitlab.com,{'StringLike': {'gitlab.com:sub': 'project_path:{redacted}/*:ref_type:branch:ref:*'}},deny,deny,unsat,True
policy_5_iter_1.json,,/home/bhall2/Documents/fixmypolicy/FL/Experiment-2/temp_validation/val-50-ollamaa/policy_5_iter_1.json,7,allow_8d6aad9f,Allow,"['sts:TagSession', 'sts:AssumeRoleWithWebIdentity']",arn:aws:iam::{account id}:role/{role name},allow_a3073d0d,allow_a3073d0d_combo_1,sts:TagSession,arn:aws:iam::{account id}:role/{role name},arn:aws:iam::{account id}:oidc-provider/gitlab.com,{'StringLike': {'gitlab.com:sub': 'project_path:{redacted}/*:ref_type:branch:ref:*'}},allow,allow,sat,True
policy_5_iter_1.json,,/home/bhall2/Documents/fixmypolicy/FL/Experiment-2/temp_validation/val-50-ollamaa/policy_5_iter_1.json,7,allow_8d6aad9f,Allow,"['sts:TagSession', 'sts:AssumeRoleWithWebIdentity']",arn:aws:iam::{account id}:role/{role name},allow_a3073d0d,allow_a3073d0d_combo_2,sts:AssumeRoleWithWebIdentity,arn:aws:iam::{account id}:role/{role name},arn:aws:iam::{account id}:oidc-provider/gitlab.com,{'StringLike': {'gitlab.com:sub': 'project_path:{redacted}/*:ref_type:branch:ref:*'}},allow,allow,sat,True
policy_5_iter_1.json,,/home/bhall2/Documents/fixmypolicy/FL/Experiment-2/temp_validation/val-50-ollamaa/policy_5_iter_1.json,7,allow_8d6aad9f,Allow,"['sts:TagSession', 'sts:AssumeRoleWithWebIdentity']",arn:aws:iam::{account id}:role/{role name},allow_39a49474,allow_39a49474_combo_1,sts:AssumeRoleWithWebIdentity,arn:aws:iam::{account id}:role/{role name},arn:aws:iam::{account id}:oidc-provider/gitlab.com,{'StringLike': {'gitlab.com:sub': 'project_path:{redacted}/*:ref_type:branch:ref:*'}},allow,allow,sat,True
policy_5_iter_1.json,,/home/bhall2/Documents/fixmypolicy/FL/Experiment-2/temp_validation/val-50-ollamaa/policy_5_iter_1.json,7,allow_8d6aad9f,Allow,"['sts:TagSession', 'sts:AssumeRoleWithWebIdentity']",arn:aws:iam::{account id}:role/{role name},allow_39a49474,allow_39a49474_combo_2,sts:TagSession,arn:aws:iam::{account id}:role/{role name},arn:aws:iam::{account id}:oidc-provider/gitlab.com,{'StringLike': {'gitlab.com:sub': 'project_path:{redacted}/*:ref_type:branch:ref:*'}},allow,allow,sat,True
policy_5_iter_1.json,,/home/bhall2/Documents/fixmypolicy/FL/Experiment-2/temp_validation/val-50-ollamaa/policy_5_iter_1.json,7,allow_8d6aad9f,Allow,"['sts:TagSession', 'sts:AssumeRoleWithWebIdentity']",arn:aws:iam::{account id}:role/{role name},deny_b2a7386a,deny_b2a7386a_combo_1,iam:DeleteUser,arn:aws:iam::{account id}:role/{role name},arn:aws:iam::999888777666:oidc-provider/gitlab.com,{'StringEquals': {'aws:RequestedRegion': 'us-west-2'}},deny,deny,unsat,True
policy_5_iter_1.json,,/home/bhall2/Documents/fixmypolicy/FL/Experiment-2/temp_validation/val-50-ollamaa/policy_5_iter_1.json,7,allow_8d6aad9f,Allow,"['sts:TagSession', 'sts:AssumeRoleWithWebIdentity']",arn:aws:iam::{account id}:role/{role name},deny_200cd3bf,deny_200cd3bf_combo_1,sts:AssumeRoleWithWebIdentity,arn:aws:iam::{account id}:role/{role name}-forbidden-resource,arn:aws:iam::123456789012:user/alice,{'StringEquals': {'aws:RequestedRegion': 'us-east-1'}},deny,deny,unsat,True
policy_5_iter_1.json,,/home/bhall2/Documents/fixmypolicy/FL/Experiment-2/temp_validation/val-50-ollamaa/policy_5_iter_1.json,7,allow_8d6aad9f,Allow,"['sts:TagSession', 'sts:AssumeRoleWithWebIdentity']",arn:aws:iam::{account id}:role/{role name},allow_9e959d67,allow_9e959d67_combo_1,sts:TagSession,arn:aws:iam::{account id}:role/{role name},arn:aws:iam::{account id}:oidc-provider/gitlab.com,{'StringLike': {'gitlab.com:sub': 'project_path:{redacted}/*:ref_type:branch:ref:*'}},allow,allow,sat,True
policy_5_iter_1.json,,/home/bhall2/Documents/fixmypolicy/FL/Experiment-2/temp_validation/val-50-ollamaa/policy_5_iter_1.json,7,allow_8d6aad9f,Allow,"['sts:TagSession', 'sts:AssumeRoleWithWebIdentity']",arn:aws:iam::{account id}:role/{role name},allow_8b2a35e8,allow_8b2a35e8_combo_1,sts:TagSession,arn:aws:iam::{account id}:role/{role name},arn:aws:iam::123456789012:user/alice,{'StringEquals': {'aws:RequestedRegion': 'us-east-1'}},allow,deny,unsat,False
policy_5_iter_1.json,,/home/bhall2/Documents/fixmypolicy/FL/Experiment-2/temp_validation/val-50-ollamaa/policy_5_iter_1.json,7,allow_8d6aad9f,Allow,"['sts:TagSession', 'sts:AssumeRoleWithWebIdentity']",arn:aws:iam::{account id}:role/{role name},allow_a7f5ef81,allow_a7f5ef81_combo_1,sts:TagSession,arn:aws:iam::{account id}:role/{role name},arn:aws:iam::{account id}:oidc-provider/gitlab.com,{'StringLike': {'gitlab.com:sub': 'project_path:{redacted}/*:ref_type:branch:ref:*'}},allow,allow,sat,True
policy_5_iter_1.json,,/home/bhall2/Documents/fixmypolicy/FL/Experiment-2/temp_validation/val-50-ollamaa/policy_5_iter_1.json,7,allow_8d6aad9f,Allow,"['sts:TagSession', 'sts:AssumeRoleWithWebIdentity']",arn:aws:iam::{account id}:role/{role name},deny_a61a5c77,deny_a61a5c77_combo_1,ec2:DescribeInstances,arn:aws:iam::{account id}:role/{role name},arn:aws:iam::{account id}:oidc-provider/forbidden-gitlab.com,{'IpAddress': {'aws:SourceIp': '203.0.113.0/24'}},deny,deny,unsat,True
policy_5_iter_1.json,,/home/bhall2/Documents/fixmypolicy/FL/Experiment-2/temp_validation/val-50-ollamaa/policy_5_iter_1.json,7,allow_8d6aad9f,Allow,"['sts:TagSession', 'sts:AssumeRoleWithWebIdentity']",arn:aws:iam::{account id}:role/{role name},allow_8fe72846,allow_8fe72846_combo_1,sts:AssumeRoleWithWebIdentity,arn:aws:iam::{account id}:role/{role name},arn:aws:iam::{account id}:oidc-provider/gitlab.com,{'StringLike': {'gitlab.com:sub': 'project_path:{redacted}/*:ref_type:branch:ref:*'}},allow,allow,sat,True
policy_5_iter_1.json,,/home/bhall2/Documents/fixmypolicy/FL/Experiment-2/temp_validation/val-50-ollamaa/policy_5_iter_1.json,7,allow_8d6aad9f,Allow,"['sts:TagSession', 'sts:AssumeRoleWithWebIdentity']",arn:aws:iam::{account id}:role/{role name},allow_8fe72846,allow_8fe72846_combo_2,sts:TagSession,arn:aws:iam::{account id}:role/{role name},arn:aws:iam::{account id}:oidc-provider/gitlab.com,{'StringLike': {'gitlab.com:sub': 'project_path:{redacted}/*:ref_type:branch:ref:*'}},allow,allow,sat,True
policy_5_iter_1.json,,/home/bhall2/Documents/fixmypolicy/FL/Experiment-2/temp_validation/val-50-ollamaa/policy_5_iter_1.json,7,allow_8d6aad9f,Allow,"['sts:TagSession', 'sts:AssumeRoleWithWebIdentity']",arn:aws:iam::{account id}:role/{role name},allow_b9703ac8,allow_b9703ac8_combo_1,sts:AssumeRoleWithWebIdentity,arn:aws:iam::{account id}:role/{role name},arn:aws:iam::{account id}:oidc-provider/gitlab.com,{'StringLike': {'gitlab.com:sub': 'project_path:{redacted}/*:ref_type:branch:ref:*'}},allow,allow,sat,True
policy_5_iter_1.json,,/home/bhall2/Documents/fixmypolicy/FL/Experiment-2/temp_validation/val-50-ollamaa/policy_5_iter_1.json,7,allow_8d6aad9f,Allow,"['sts:TagSession', 'sts:AssumeRoleWithWebIdentity']",arn:aws:iam::{account id}:role/{role name},allow_b9703ac8,allow_b9703ac8_combo_2,sts:TagSession,arn:aws:iam::{account id}:role/{role name},arn:aws:iam::{account id}:oidc-provider/gitlab.com,{'StringLike': {'gitlab.com:sub': 'project_path:{redacted}/*:ref_type:branch:ref:*'}},allow,allow,sat,True
policy_5_iter_1.json,,/home/bhall2/Documents/fixmypolicy/FL/Experiment-2/temp_validation/val-50-ollamaa/policy_5_iter_1.json,7,allow_8d6aad9f,Allow,"['sts:TagSession', 'sts:AssumeRoleWithWebIdentity']",arn:aws:iam::{account id}:role/{role name},deny_fda03fc6,deny_fda03fc6_combo_1,sts:AssumeRoleWithWebIdentity,arn:aws:iam::{account id}:role/{role name}-forbidden-resource,arn:aws:iam::{account id}:oidc-provider/gitlab.com,{'StringLike': {'gitlab.com:sub': 'project_path:{redacted}/*:ref_type:branch:ref:*'}},deny,deny,unsat,True
policy_5_iter_1.json,,/home/bhall2/Documents/fixmypolicy/FL/Experiment-2/temp_validation/val-50-ollamaa/policy_5_iter_1.json,7,allow_8d6aad9f,Allow,"['sts:TagSession', 'sts:AssumeRoleWithWebIdentity']",arn:aws:iam::{account id}:role/{role name},deny_fda03fc6,deny_fda03fc6_combo_2,sts:TagSession,arn:aws:iam::{account id}:role/{role name}-forbidden-resource,arn:aws:iam::{account id}:oidc-provider/gitlab.com,{'StringLike': {'gitlab.com:sub': 'project_path:{redacted}/*:ref_type:branch:ref:*'}},deny,deny,unsat,True
policy_5_iter_1.json,,/home/bhall2/Documents/fixmypolicy/FL/Experiment-2/temp_validation/val-50-ollamaa/policy_5_iter_1.json,8,allow_46828ad7,Allow,"['sts:TagSession', 'sts:AssumeRoleWithWebIdentity']",arn:aws:iam::{account id}:role/{role name},allow_a8fd7ef6,allow_a8fd7ef6_combo_1,sts:AssumeRoleWithWebIdentity,arn:aws:iam::{account id}:role/{role name},arn:aws:iam::{account id}:oidc-provider/gitlab.com,{'StringLike': {'gitlab.com:sub': 'project_path:{redacted}/*:ref_type:branch:ref:*'}},allow,deny,unsat,False
policy_5_iter_1.json,,/home/bhall2/Documents/fixmypolicy/FL/Experiment-2/temp_validation/val-50-ollamaa/policy_5_iter_1.json,8,allow_46828ad7,Allow,"['sts:TagSession', 'sts:AssumeRoleWithWebIdentity']",arn:aws:iam::{account id}:role/{role name},allow_e641a090,allow_e641a090_combo_1,sts:AssumeRoleWithWebIdentity,arn:aws:iam::{account id}:role/{role name},arn:aws:iam::{account id}:oidc-provider/gitlab.com,{'StringLike': {'gitlab.com:sub': 'project_path:{redacted}/*:ref_type:branch:ref:*'}},allow,deny,unsat,False
policy_5_iter_1.json,,/home/bhall2/Documents/fixmypolicy/FL/Experiment-2/temp_validation/val-50-ollamaa/policy_5_iter_1.json,8,allow_46828ad7,Allow,"['sts:TagSession', 'sts:AssumeRoleWithWebIdentity']",arn:aws:iam::{account id}:role/{role name},deny_f13ef671,deny_f13ef671_combo_1,iam:CreateUser,arn:aws:iam::{account id}:role/{role name},arn:aws:iam::123456789012:user/alice,{'DateLessThan': {'aws:CurrentTime': '2025-12-31T23:59:59Z'}},deny,deny,unsat,True
policy_5_iter_1.json,,/home/bhall2/Documents/fixmypolicy/FL/Experiment-2/temp_validation/val-50-ollamaa/policy_5_iter_1.json,8,allow_46828ad7,Allow,"['sts:TagSession', 'sts:AssumeRoleWithWebIdentity']",arn:aws:iam::{account id}:role/{role name},allow_d28acd92,allow_d28acd92_combo_1,sts:TagSession,arn:aws:iam::{account id}:role/{role name},arn:aws:iam::123456789012:user/alice,{'DateGreaterThan': {'aws:CurrentTime': '2024-01-01T00:00:00Z'}},allow,allow,sat,True
policy_5_iter_1.json,,/home/bhall2/Documents/fixmypolicy/FL/Experiment-2/temp_validation/val-50-ollamaa/policy_5_iter_1.json,8,allow_46828ad7,Allow,"['sts:TagSession', 'sts:AssumeRoleWithWebIdentity']",arn:aws:iam::{account id}:role/{role name},allow_d28acd92,allow_d28acd92_combo_2,sts:AssumeRoleWithWebIdentity,arn:aws:iam::{account id}:role/{role name},arn:aws:iam::123456789012:user/alice,{'DateGreaterThan': {'aws:CurrentTime': '2024-01-01T00:00:00Z'}},allow,allow,sat,True
policy_5_iter_1.json,,/home/bhall2/Documents/fixmypolicy/FL/Experiment-2/temp_validation/val-50-ollamaa/policy_5_iter_1.json,8,allow_46828ad7,Allow,"['sts:TagSession', 'sts:AssumeRoleWithWebIdentity']",arn:aws:iam::{account id}:role/{role name},allow_ad67e7d3,allow_ad67e7d3_combo_1,sts:TagSession,arn:aws:iam::{account id}:role/{role name},arn:aws:iam::{account id}:oidc-provider/gitlab.com,{'StringLike': {'gitlab.com:sub': 'project_path:{redacted}/ref_type:branch:ref'}},allow,deny,unsat,False
policy_5_iter_1.json,,/home/bhall2/Documents/fixmypolicy/FL/Experiment-2/temp_validation/val-50-ollamaa/policy_5_iter_1.json,8,allow_46828ad7,Allow,"['sts:TagSession', 'sts:AssumeRoleWithWebIdentity']",arn:aws:iam::{account id}:role/{role name},allow_ad67e7d3,allow_ad67e7d3_combo_2,sts:AssumeRoleWithWebIdentity,arn:aws:iam::{account id}:role/{role name},arn:aws:iam::{account id}:oidc-provider/gitlab.com,{'StringLike': {'gitlab.com:sub': 'project_path:{redacted}/ref_type:branch:ref'}},allow,deny,unsat,False
policy_5_iter_1.json,,/home/bhall2/Documents/fixmypolicy/FL/Experiment-2/temp_validation/val-50-ollamaa/policy_5_iter_1.json,8,allow_46828ad7,Allow,"['sts:TagSession', 'sts:AssumeRoleWithWebIdentity']",arn:aws:iam::{account id}:role/{role name},deny_51d9c228,deny_51d9c228_combo_1,ec2:RunInstances,arn:aws:iam::{account id}:role/{role name},arn:aws:iam::123456789012:user/alice,{'DateLessThan': {'aws:CurrentTime': '2025-12-31T23:59:59Z'}},deny,deny,unsat,True
policy_5_iter_1.json,,/home/bhall2/Documents/fixmypolicy/FL/Experiment-2/temp_validation/val-50-ollamaa/policy_5_iter_1.json,8,allow_46828ad7,Allow,"['sts:TagSession', 'sts:AssumeRoleWithWebIdentity']",arn:aws:iam::{account id}:role/{role name},deny_c81babfb,deny_c81babfb_combo_1,sts:TagSession,forbidden-arn:aws:iam::{account id}:role/{role name}-specific,arn:aws:iam::{account id}:oidc-provider/forbidden-gitlab.com,{'IpAddress': {'aws:SourceIp': '203.0.113.0/24'}},deny,deny,unsat,True
policy_5_iter_1.json,,/home/bhall2/Documents/fixmypolicy/FL/Experiment-2/temp_validation/val-50-ollamaa/policy_5_iter_1.json,8,allow_46828ad7,Allow,"['sts:TagSession', 'sts:AssumeRoleWithWebIdentity']",arn:aws:iam::{account id}:role/{role name},deny_c81babfb,deny_c81babfb_combo_2,sts:AssumeRoleWithWebIdentity,forbidden-arn:aws:iam::{account id}:role/{role name}-specific,arn:aws:iam::{account id}:oidc-provider/forbidden-gitlab.com,{'IpAddress': {'aws:SourceIp': '203.0.113.0/24'}},deny,deny,unsat,True
policy_5_iter_1.json,,/home/bhall2/Documents/fixmypolicy/FL/Experiment-2/temp_validation/val-50-ollamaa/policy_5_iter_1.json,8,allow_46828ad7,Allow,"['sts:TagSession', 'sts:AssumeRoleWithWebIdentity']",arn:aws:iam::{account id}:role/{role name},deny_d9e1c623,deny_d9e1c623_combo_1,sts:AssumeRoleWithWebIdentity,arn:aws:iam::{account id}:role/{role name}-forbidden-resource,arn:aws:iam::999888777666:oidc-provider/gitlab.com,{'StringEquals': {'aws:RequestedRegion': 'us-east-1'}},deny,deny,unsat,True
policy_5_iter_1.json,,/home/bhall2/Documents/fixmypolicy/FL/Experiment-2/temp_validation/val-50-ollamaa/policy_5_iter_1.json,8,allow_46828ad7,Allow,"['sts:TagSession', 'sts:AssumeRoleWithWebIdentity']",arn:aws:iam::{account id}:role/{role name},deny_eae39e7d,deny_eae39e7d_combo_1,lambda:CreateFunction,arn:aws:iam::{account id}:role/{role name},arn:aws:iam::{account id}:oidc-provider/forbidden-gitlab.com,{'DateLessThan': {'aws:CurrentTime': '2025-12-31T23:59:59Z'}},deny,deny,unsat,True
policy_5_iter_1.json,,/home/bhall2/Documents/fixmypolicy/FL/Experiment-2/temp_validation/val-50-ollamaa/policy_5_iter_1.json,8,allow_46828ad7,Allow,"['sts:TagSession', 'sts:AssumeRoleWithWebIdentity']",arn:aws:iam::{account id}:role/{role name},allow_277adc8e,allow_277adc8e_combo_1,sts:TagSession,arn:aws:iam::{account id}:role/{role name},arn:aws:iam::{account id}:oidc-provider/gitlab.com,{'StringLike': {'gitlab.com:sub': 'project_path:{redacted}/ref_type:branch:ref'}},allow,deny,unsat,False
policy_5_iter_1.json,,/home/bhall2/Documents/fixmypolicy/FL/Experiment-2/temp_validation/val-50-ollamaa/policy_5_iter_1.json,8,allow_46828ad7,Allow,"['sts:TagSession', 'sts:AssumeRoleWithWebIdentity']",arn:aws:iam::{account id}:role/{role name},allow_277adc8e,allow_277adc8e_combo_2,sts:AssumeRoleWithWebIdentity,arn:aws:iam::{account id}:role/{role name},arn:aws:iam::{account id}:oidc-provider/gitlab.com,{'StringLike': {'gitlab.com:sub': 'project_path:{redacted}/ref_type:branch:ref'}},allow,deny,unsat,False
policy_5_iter_1.json,,/home/bhall2/Documents/fixmypolicy/FL/Experiment-2/temp_validation/val-50-ollamaa/policy_5_iter_1.json,8,allow_46828ad7,Allow,"['sts:TagSession', 'sts:AssumeRoleWithWebIdentity']",arn:aws:iam::{account id}:role/{role name},deny_2efa2500,deny_2efa2500_combo_1,sts:TagSession,arn:aws:iam::{account id}:role/{role name}-forbidden-resource,arn:aws:iam::{account id}:oidc-provider/gitlab.com,{'StringLike': {'gitlab.com:sub': 'project_path:{redacted}/*:ref_type:branch:ref:*'}},deny,deny,unsat,True
policy_5_iter_1.json,,/home/bhall2/Documents/fixmypolicy/FL/Experiment-2/temp_validation/val-50-ollamaa/policy_5_iter_1.json,8,allow_46828ad7,Allow,"['sts:TagSession', 'sts:AssumeRoleWithWebIdentity']",arn:aws:iam::{account id}:role/{role name},deny_2efa2500,deny_2efa2500_combo_2,sts:AssumeRoleWithWebIdentity,arn:aws:iam::{account id}:role/{role name}-forbidden-resource,arn:aws:iam::{account id}:oidc-provider/gitlab.com,{'StringLike': {'gitlab.com:sub': 'project_path:{redacted}/*:ref_type:branch:ref:*'}},deny,deny,unsat,True
policy_5_iter_1.json,,/home/bhall2/Documents/fixmypolicy/FL/Experiment-2/temp_validation/val-50-ollamaa/policy_5_iter_1.json,8,allow_46828ad7,Allow,"['sts:TagSession', 'sts:AssumeRoleWithWebIdentity']",arn:aws:iam::{account id}:role/{role name},allow_4b2e6812,allow_4b2e6812_combo_1,sts:TagSession,arn:aws:iam::{account id}:role/{role name},arn:aws:iam::999888777666:oidc-provider/gitlab.com,{'StringEquals': {'aws:RequestedRegion': 'us-west-2'}},allow,deny,unsat,False
policy_5_iter_1.json,,/home/bhall2/Documents/fixmypolicy/FL/Experiment-2/temp_validation/val-50-ollamaa/policy_5_iter_1.json,8,allow_46828ad7,Allow,"['sts:TagSession', 'sts:AssumeRoleWithWebIdentity']",arn:aws:iam::{account id}:role/{role name},allow_4b2e6812,allow_4b2e6812_combo_2,sts:AssumeRoleWithWebIdentity,arn:aws:iam::{account id}:role/{role name},arn:aws:iam::999888777666:oidc-provider/gitlab.com,{'StringEquals': {'aws:RequestedRegion': 'us-west-2'}},allow,deny,unsat,False
policy_5_iter_1.json,,/home/bhall2/Documents/fixmypolicy/FL/Experiment-2/temp_validation/val-50-ollamaa/policy_5_iter_1.json,8,allow_46828ad7,Allow,"['sts:TagSession', 'sts:AssumeRoleWithWebIdentity']",arn:aws:iam::{account id}:role/{role name},deny_2ccddee4,deny_2ccddee4_combo_1,iam:DeleteUser,arn:aws:iam::{account id}:role/{role name},arn:aws:iam::999888777666:oidc-provider/gitlab.com,{'DateLessThan': {'aws:CurrentTime': '2025-12-31T23:59:59Z'}},deny,deny,unsat,True
policy_5_iter_1.json,,/home/bhall2/Documents/fixmypolicy/FL/Experiment-2/temp_validation/val-50-ollamaa/policy_5_iter_1.json,8,allow_46828ad7,Allow,"['sts:TagSession', 'sts:AssumeRoleWithWebIdentity']",arn:aws:iam::{account id}:role/{role name},allow_8d6aad9f,allow_8d6aad9f_combo_1,sts:TagSession,arn:aws:iam::{account id}:role/{role name},arn:aws:iam::{account id}:oidc-provider/gitlab.com,{'StringLike': {'gitlab.com:sub': 'project_path:{redacted}/*:ref_type:branch:ref:*'}},allow,deny,unsat,False
policy_5_iter_1.json,,/home/bhall2/Documents/fixmypolicy/FL/Experiment-2/temp_validation/val-50-ollamaa/policy_5_iter_1.json,8,allow_46828ad7,Allow,"['sts:TagSession', 'sts:AssumeRoleWithWebIdentity']",arn:aws:iam::{account id}:role/{role name},allow_8d6aad9f,allow_8d6aad9f_combo_2,sts:AssumeRoleWithWebIdentity,arn:aws:iam::{account id}:role/{role name},arn:aws:iam::{account id}:oidc-provider/gitlab.com,{'StringLike': {'gitlab.com:sub': 'project_path:{redacted}/*:ref_type:branch:ref:*'}},allow,deny,unsat,False
policy_5_iter_1.json,,/home/bhall2/Documents/fixmypolicy/FL/Experiment-2/temp_validation/val-50-ollamaa/policy_5_iter_1.json,8,allow_46828ad7,Allow,"['sts:TagSession', 'sts:AssumeRoleWithWebIdentity']",arn:aws:iam::{account id}:role/{role name},allow_46828ad7,allow_46828ad7_combo_1,sts:AssumeRoleWithWebIdentity,arn:aws:iam::{account id}:role/{role name},arn:aws:iam::123456789012:user/alice,{'DateGreaterThan': {'aws:CurrentTime': '2024-01-01T00:00:00Z'}},allow,allow,sat,True
policy_5_iter_1.json,,/home/bhall2/Documents/fixmypolicy/FL/Experiment-2/temp_validation/val-50-ollamaa/policy_5_iter_1.json,8,allow_46828ad7,Allow,"['sts:TagSession', 'sts:AssumeRoleWithWebIdentity']",arn:aws:iam::{account id}:role/{role name},allow_46828ad7,allow_46828ad7_combo_2,sts:TagSession,arn:aws:iam::{account id}:role/{role name},arn:aws:iam::123456789012:user/alice,{'DateGreaterThan': {'aws:CurrentTime': '2024-01-01T00:00:00Z'}},allow,allow,sat,True
policy_5_iter_1.json,,/home/bhall2/Documents/fixmypolicy/FL/Experiment-2/temp_validation/val-50-ollamaa/policy_5_iter_1.json,8,allow_46828ad7,Allow,"['sts:TagSession', 'sts:AssumeRoleWithWebIdentity']",arn:aws:iam::{account id}:role/{role name},deny_284a8d13,deny_284a8d13_combo_1,lambda:CreateFunction,arn:aws:iam::{account id}:role/{role name},arn:aws:iam::123456789012:user/alice,{'DateLessThan': {'aws:CurrentTime': '2025-12-31T23:59:59Z'}},deny,deny,unsat,True
policy_5_iter_1.json,,/home/bhall2/Documents/fixmypolicy/FL/Experiment-2/temp_validation/val-50-ollamaa/policy_5_iter_1.json,8,allow_46828ad7,Allow,"['sts:TagSession', 'sts:AssumeRoleWithWebIdentity']",arn:aws:iam::{account id}:role/{role name},allow_d296b21a,allow_d296b21a_combo_1,sts:TagSession,arn:aws:iam::{account id}:role/{role name},arn:aws:iam::999888777666:oidc-provider/gitlab.com,{'StringEquals': {'aws:RequestedRegion': 'us-east-1'}},allow,deny,unsat,False
policy_5_iter_1.json,,/home/bhall2/Documents/fixmypolicy/FL/Experiment-2/temp_validation/val-50-ollamaa/policy_5_iter_1.json,8,allow_46828ad7,Allow,"['sts:TagSession', 'sts:AssumeRoleWithWebIdentity']",arn:aws:iam::{account id}:role/{role name},allow_d296b21a,allow_d296b21a_combo_2,sts:AssumeRoleWithWebIdentity,arn:aws:iam::{account id}:role/{role name},arn:aws:iam::999888777666:oidc-provider/gitlab.com,{'StringEquals': {'aws:RequestedRegion': 'us-east-1'}},allow,deny,unsat,False
policy_5_iter_1.json,,/home/bhall2/Documents/fixmypolicy/FL/Experiment-2/temp_validation/val-50-ollamaa/policy_5_iter_1.json,8,allow_46828ad7,Allow,"['sts:TagSession', 'sts:AssumeRoleWithWebIdentity']",arn:aws:iam::{account id}:role/{role name},deny_0f38f412,deny_0f38f412_combo_1,ec2:RunInstances,arn:aws:iam::{account id}:role/{role name},arn:aws:iam::123456789012:user/alice,{'IpAddress': {'aws:SourceIp': '203.0.113.0/24'}},deny,deny,unsat,True
policy_5_iter_1.json,,/home/bhall2/Documents/fixmypolicy/FL/Experiment-2/temp_validation/val-50-ollamaa/policy_5_iter_1.json,8,allow_46828ad7,Allow,"['sts:TagSession', 'sts:AssumeRoleWithWebIdentity']",arn:aws:iam::{account id}:role/{role name},deny_dccafd42,deny_dccafd42_combo_1,sts:TagSession,forbidden-arn:aws:iam::{account id}:role/{role name}-specific,arn:aws:iam::{account id}:oidc-provider/forbidden-gitlab.com,{'DateLessThan': {'aws:CurrentTime': '2025-12-31T23:59:59Z'}},deny,deny,unsat,True
policy_5_iter_1.json,,/home/bhall2/Documents/fixmypolicy/FL/Experiment-2/temp_validation/val-50-ollamaa/policy_5_iter_1.json,8,allow_46828ad7,Allow,"['sts:TagSession', 'sts:AssumeRoleWithWebIdentity']",arn:aws:iam::{account id}:role/{role name},deny_dccafd42,deny_dccafd42_combo_2,sts:AssumeRoleWithWebIdentity,forbidden-arn:aws:iam::{account id}:role/{role name}-specific,arn:aws:iam::{account id}:oidc-provider/forbidden-gitlab.com,{'DateLessThan': {'aws:CurrentTime': '2025-12-31T23:59:59Z'}},deny,deny,unsat,True
policy_5_iter_1.json,,/home/bhall2/Documents/fixmypolicy/FL/Experiment-2/temp_validation/val-50-ollamaa/policy_5_iter_1.json,8,allow_46828ad7,Allow,"['sts:TagSession', 'sts:AssumeRoleWithWebIdentity']",arn:aws:iam::{account id}:role/{role name},allow_b3521fa7,allow_b3521fa7_combo_1,sts:AssumeRoleWithWebIdentity,arn:aws:iam::{account id}:role/{role name},arn:aws:iam::{account id}:oidc-provider/gitlab.com,{'StringLike': {'gitlab.com:sub': 'project_path:{redacted}/*:ref_type:branch:ref:*'}},allow,deny,unsat,False
policy_5_iter_1.json,,/home/bhall2/Documents/fixmypolicy/FL/Experiment-2/temp_validation/val-50-ollamaa/policy_5_iter_1.json,8,allow_46828ad7,Allow,"['sts:TagSession', 'sts:AssumeRoleWithWebIdentity']",arn:aws:iam::{account id}:role/{role name},deny_5cdc410d,deny_5cdc410d_combo_1,sts:AssumeRoleWithWebIdentity,arn:aws:iam::{account id}:role/{role name}-forbidden-resource,arn:aws:iam::999888777666:oidc-provider/gitlab.com,{'DateLessThan': {'aws:CurrentTime': '2025-12-31T23:59:59Z'}},deny,deny,unsat,True
policy_5_iter_1.json,,/home/bhall2/Documents/fixmypolicy/FL/Experiment-2/temp_validation/val-50-ollamaa/policy_5_iter_1.json,8,allow_46828ad7,Allow,"['sts:TagSession', 'sts:AssumeRoleWithWebIdentity']",arn:aws:iam::{account id}:role/{role name},allow_1a3aa330,allow_1a3aa330_combo_1,sts:TagSession,arn:aws:iam::{account id}:role/{role name},arn:aws:iam::{account id}:oidc-provider/gitlab.com,{'StringLike': {'gitlab.com:sub': 'project_path:{redacted}/*:ref_type:branch:ref:*'}},allow,deny,unsat,False
policy_5_iter_1.json,,/home/bhall2/Documents/fixmypolicy/FL/Experiment-2/temp_validation/val-50-ollamaa/policy_5_iter_1.json,8,allow_46828ad7,Allow,"['sts:TagSession', 'sts:AssumeRoleWithWebIdentity']",arn:aws:iam::{account id}:role/{role name},allow_1a3aa330,allow_1a3aa330_combo_2,sts:AssumeRoleWithWebIdentity,arn:aws:iam::{account id}:role/{role name},arn:aws:iam::{account id}:oidc-provider/gitlab.com,{'StringLike': {'gitlab.com:sub': 'project_path:{redacted}/*:ref_type:branch:ref:*'}},allow,deny,unsat,False
policy_5_iter_1.json,,/home/bhall2/Documents/fixmypolicy/FL/Experiment-2/temp_validation/val-50-ollamaa/policy_5_iter_1.json,8,allow_46828ad7,Allow,"['sts:TagSession', 'sts:AssumeRoleWithWebIdentity']",arn:aws:iam::{account id}:role/{role name},deny_8dc7e4d8,deny_8dc7e4d8_combo_1,sts:TagSession,arn:aws:iam::{account id}:role/{role name}-forbidden-resource,arn:aws:iam::{account id}:oidc-provider/gitlab.com,{'StringLike': {'gitlab.com:sub': 'project_path:{redacted}/*:ref_type:branch:ref:*'}},deny,deny,unsat,True
policy_5_iter_1.json,,/home/bhall2/Documents/fixmypolicy/FL/Experiment-2/temp_validation/val-50-ollamaa/policy_5_iter_1.json,8,allow_46828ad7,Allow,"['sts:TagSession', 'sts:AssumeRoleWithWebIdentity']",arn:aws:iam::{account id}:role/{role name},allow_a3073d0d,allow_a3073d0d_combo_1,sts:TagSession,arn:aws:iam::{account id}:role/{role name},arn:aws:iam::{account id}:oidc-provider/gitlab.com,{'StringLike': {'gitlab.com:sub': 'project_path:{redacted}/*:ref_type:branch:ref:*'}},allow,deny,unsat,False
policy_5_iter_1.json,,/home/bhall2/Documents/fixmypolicy/FL/Experiment-2/temp_validation/val-50-ollamaa/policy_5_iter_1.json,8,allow_46828ad7,Allow,"['sts:TagSession', 'sts:AssumeRoleWithWebIdentity']",arn:aws:iam::{account id}:role/{role name},allow_a3073d0d,allow_a3073d0d_combo_2,sts:AssumeRoleWithWebIdentity,arn:aws:iam::{account id}:role/{role name},arn:aws:iam::{account id}:oidc-provider/gitlab.com,{'StringLike': {'gitlab.com:sub': 'project_path:{redacted}/*:ref_type:branch:ref:*'}},allow,deny,unsat,False
policy_5_iter_1.json,,/home/bhall2/Documents/fixmypolicy/FL/Experiment-2/temp_validation/val-50-ollamaa/policy_5_iter_1.json,8,allow_46828ad7,Allow,"['sts:TagSession', 'sts:AssumeRoleWithWebIdentity']",arn:aws:iam::{account id}:role/{role name},allow_39a49474,allow_39a49474_combo_1,sts:AssumeRoleWithWebIdentity,arn:aws:iam::{account id}:role/{role name},arn:aws:iam::{account id}:oidc-provider/gitlab.com,{'StringLike': {'gitlab.com:sub': 'project_path:{redacted}/*:ref_type:branch:ref:*'}},allow,deny,unsat,False
policy_5_iter_1.json,,/home/bhall2/Documents/fixmypolicy/FL/Experiment-2/temp_validation/val-50-ollamaa/policy_5_iter_1.json,8,allow_46828ad7,Allow,"['sts:TagSession', 'sts:AssumeRoleWithWebIdentity']",arn:aws:iam::{account id}:role/{role name},allow_39a49474,allow_39a49474_combo_2,sts:TagSession,arn:aws:iam::{account id}:role/{role name},arn:aws:iam::{account id}:oidc-provider/gitlab.com,{'StringLike': {'gitlab.com:sub': 'project_path:{redacted}/*:ref_type:branch:ref:*'}},allow,deny,unsat,False
policy_5_iter_1.json,,/home/bhall2/Documents/fixmypolicy/FL/Experiment-2/temp_validation/val-50-ollamaa/policy_5_iter_1.json,8,allow_46828ad7,Allow,"['sts:TagSession', 'sts:AssumeRoleWithWebIdentity']",arn:aws:iam::{account id}:role/{role name},deny_b2a7386a,deny_b2a7386a_combo_1,iam:DeleteUser,arn:aws:iam::{account id}:role/{role name},arn:aws:iam::999888777666:oidc-provider/gitlab.com,{'StringEquals': {'aws:RequestedRegion': 'us-west-2'}},deny,deny,unsat,True
policy_5_iter_1.json,,/home/bhall2/Documents/fixmypolicy/FL/Experiment-2/temp_validation/val-50-ollamaa/policy_5_iter_1.json,8,allow_46828ad7,Allow,"['sts:TagSession', 'sts:AssumeRoleWithWebIdentity']",arn:aws:iam::{account id}:role/{role name},deny_200cd3bf,deny_200cd3bf_combo_1,sts:AssumeRoleWithWebIdentity,arn:aws:iam::{account id}:role/{role name}-forbidden-resource,arn:aws:iam::123456789012:user/alice,{'StringEquals': {'aws:RequestedRegion': 'us-east-1'}},deny,deny,unsat,True
policy_5_iter_1.json,,/home/bhall2/Documents/fixmypolicy/FL/Experiment-2/temp_validation/val-50-ollamaa/policy_5_iter_1.json,8,allow_46828ad7,Allow,"['sts:TagSession', 'sts:AssumeRoleWithWebIdentity']",arn:aws:iam::{account id}:role/{role name},allow_9e959d67,allow_9e959d67_combo_1,sts:TagSession,arn:aws:iam::{account id}:role/{role name},arn:aws:iam::{account id}:oidc-provider/gitlab.com,{'StringLike': {'gitlab.com:sub': 'project_path:{redacted}/*:ref_type:branch:ref:*'}},allow,deny,unsat,False
policy_5_iter_1.json,,/home/bhall2/Documents/fixmypolicy/FL/Experiment-2/temp_validation/val-50-ollamaa/policy_5_iter_1.json,8,allow_46828ad7,Allow,"['sts:TagSession', 'sts:AssumeRoleWithWebIdentity']",arn:aws:iam::{account id}:role/{role name},allow_8b2a35e8,allow_8b2a35e8_combo_1,sts:TagSession,arn:aws:iam::{account id}:role/{role name},arn:aws:iam::123456789012:user/alice,{'StringEquals': {'aws:RequestedRegion': 'us-east-1'}},allow,allow,sat,True
policy_5_iter_1.json,,/home/bhall2/Documents/fixmypolicy/FL/Experiment-2/temp_validation/val-50-ollamaa/policy_5_iter_1.json,8,allow_46828ad7,Allow,"['sts:TagSession', 'sts:AssumeRoleWithWebIdentity']",arn:aws:iam::{account id}:role/{role name},allow_a7f5ef81,allow_a7f5ef81_combo_1,sts:TagSession,arn:aws:iam::{account id}:role/{role name},arn:aws:iam::{account id}:oidc-provider/gitlab.com,{'StringLike': {'gitlab.com:sub': 'project_path:{redacted}/*:ref_type:branch:ref:*'}},allow,deny,unsat,False
policy_5_iter_1.json,,/home/bhall2/Documents/fixmypolicy/FL/Experiment-2/temp_validation/val-50-ollamaa/policy_5_iter_1.json,8,allow_46828ad7,Allow,"['sts:TagSession', 'sts:AssumeRoleWithWebIdentity']",arn:aws:iam::{account id}:role/{role name},deny_a61a5c77,deny_a61a5c77_combo_1,ec2:DescribeInstances,arn:aws:iam::{account id}:role/{role name},arn:aws:iam::{account id}:oidc-provider/forbidden-gitlab.com,{'IpAddress': {'aws:SourceIp': '203.0.113.0/24'}},deny,deny,unsat,True
policy_5_iter_1.json,,/home/bhall2/Documents/fixmypolicy/FL/Experiment-2/temp_validation/val-50-ollamaa/policy_5_iter_1.json,8,allow_46828ad7,Allow,"['sts:TagSession', 'sts:AssumeRoleWithWebIdentity']",arn:aws:iam::{account id}:role/{role name},allow_8fe72846,allow_8fe72846_combo_1,sts:AssumeRoleWithWebIdentity,arn:aws:iam::{account id}:role/{role name},arn:aws:iam::{account id}:oidc-provider/gitlab.com,{'StringLike': {'gitlab.com:sub': 'project_path:{redacted}/*:ref_type:branch:ref:*'}},allow,deny,unsat,False
policy_5_iter_1.json,,/home/bhall2/Documents/fixmypolicy/FL/Experiment-2/temp_validation/val-50-ollamaa/policy_5_iter_1.json,8,allow_46828ad7,Allow,"['sts:TagSession', 'sts:AssumeRoleWithWebIdentity']",arn:aws:iam::{account id}:role/{role name},allow_8fe72846,allow_8fe72846_combo_2,sts:TagSession,arn:aws:iam::{account id}:role/{role name},arn:aws:iam::{account id}:oidc-provider/gitlab.com,{'StringLike': {'gitlab.com:sub': 'project_path:{redacted}/*:ref_type:branch:ref:*'}},allow,deny,unsat,False
policy_5_iter_1.json,,/home/bhall2/Documents/fixmypolicy/FL/Experiment-2/temp_validation/val-50-ollamaa/policy_5_iter_1.json,8,allow_46828ad7,Allow,"['sts:TagSession', 'sts:AssumeRoleWithWebIdentity']",arn:aws:iam::{account id}:role/{role name},allow_b9703ac8,allow_b9703ac8_combo_1,sts:AssumeRoleWithWebIdentity,arn:aws:iam::{account id}:role/{role name},arn:aws:iam::{account id}:oidc-provider/gitlab.com,{'StringLike': {'gitlab.com:sub': 'project_path:{redacted}/*:ref_type:branch:ref:*'}},allow,deny,unsat,False
policy_5_iter_1.json,,/home/bhall2/Documents/fixmypolicy/FL/Experiment-2/temp_validation/val-50-ollamaa/policy_5_iter_1.json,8,allow_46828ad7,Allow,"['sts:TagSession', 'sts:AssumeRoleWithWebIdentity']",arn:aws:iam::{account id}:role/{role name},allow_b9703ac8,allow_b9703ac8_combo_2,sts:TagSession,arn:aws:iam::{account id}:role/{role name},arn:aws:iam::{account id}:oidc-provider/gitlab.com,{'StringLike': {'gitlab.com:sub': 'project_path:{redacted}/*:ref_type:branch:ref:*'}},allow,deny,unsat,False
policy_5_iter_1.json,,/home/bhall2/Documents/fixmypolicy/FL/Experiment-2/temp_validation/val-50-ollamaa/policy_5_iter_1.json,8,allow_46828ad7,Allow,"['sts:TagSession', 'sts:AssumeRoleWithWebIdentity']",arn:aws:iam::{account id}:role/{role name},deny_fda03fc6,deny_fda03fc6_combo_1,sts:AssumeRoleWithWebIdentity,arn:aws:iam::{account id}:role/{role name}-forbidden-resource,arn:aws:iam::{account id}:oidc-provider/gitlab.com,{'StringLike': {'gitlab.com:sub': 'project_path:{redacted}/*:ref_type:branch:ref:*'}},deny,deny,unsat,True
policy_5_iter_1.json,,/home/bhall2/Documents/fixmypolicy/FL/Experiment-2/temp_validation/val-50-ollamaa/policy_5_iter_1.json,8,allow_46828ad7,Allow,"['sts:TagSession', 'sts:AssumeRoleWithWebIdentity']",arn:aws:iam::{account id}:role/{role name},deny_fda03fc6,deny_fda03fc6_combo_2,sts:TagSession,arn:aws:iam::{account id}:role/{role name}-forbidden-resource,arn:aws:iam::{account id}:oidc-provider/gitlab.com,{'StringLike': {'gitlab.com:sub': 'project_path:{redacted}/*:ref_type:branch:ref:*'}},deny,deny,unsat,True
policy_5_iter_1.json,,/home/bhall2/Documents/fixmypolicy/FL/Experiment-2/temp_validation/val-50-ollamaa/policy_5_iter_1.json,9,allow_d296b21a,Allow,"['sts:TagSession', 'sts:AssumeRoleWithWebIdentity']",arn:aws:iam::{account id}:role/{role name},allow_a8fd7ef6,allow_a8fd7ef6_combo_1,sts:AssumeRoleWithWebIdentity,arn:aws:iam::{account id}:role/{role name},arn:aws:iam::{account id}:oidc-provider/gitlab.com,{'StringLike': {'gitlab.com:sub': 'project_path:{redacted}/*:ref_type:branch:ref:*'}},allow,deny,unsat,False
policy_5_iter_1.json,,/home/bhall2/Documents/fixmypolicy/FL/Experiment-2/temp_validation/val-50-ollamaa/policy_5_iter_1.json,9,allow_d296b21a,Allow,"['sts:TagSession', 'sts:AssumeRoleWithWebIdentity']",arn:aws:iam::{account id}:role/{role name},allow_e641a090,allow_e641a090_combo_1,sts:AssumeRoleWithWebIdentity,arn:aws:iam::{account id}:role/{role name},arn:aws:iam::{account id}:oidc-provider/gitlab.com,{'StringLike': {'gitlab.com:sub': 'project_path:{redacted}/*:ref_type:branch:ref:*'}},allow,deny,unsat,False
policy_5_iter_1.json,,/home/bhall2/Documents/fixmypolicy/FL/Experiment-2/temp_validation/val-50-ollamaa/policy_5_iter_1.json,9,allow_d296b21a,Allow,"['sts:TagSession', 'sts:AssumeRoleWithWebIdentity']",arn:aws:iam::{account id}:role/{role name},deny_f13ef671,deny_f13ef671_combo_1,iam:CreateUser,arn:aws:iam::{account id}:role/{role name},arn:aws:iam::123456789012:user/alice,{'DateLessThan': {'aws:CurrentTime': '2025-12-31T23:59:59Z'}},deny,deny,unsat,True
policy_5_iter_1.json,,/home/bhall2/Documents/fixmypolicy/FL/Experiment-2/temp_validation/val-50-ollamaa/policy_5_iter_1.json,9,allow_d296b21a,Allow,"['sts:TagSession', 'sts:AssumeRoleWithWebIdentity']",arn:aws:iam::{account id}:role/{role name},allow_d28acd92,allow_d28acd92_combo_1,sts:TagSession,arn:aws:iam::{account id}:role/{role name},arn:aws:iam::123456789012:user/alice,{'DateGreaterThan': {'aws:CurrentTime': '2024-01-01T00:00:00Z'}},allow,deny,unsat,False
policy_5_iter_1.json,,/home/bhall2/Documents/fixmypolicy/FL/Experiment-2/temp_validation/val-50-ollamaa/policy_5_iter_1.json,9,allow_d296b21a,Allow,"['sts:TagSession', 'sts:AssumeRoleWithWebIdentity']",arn:aws:iam::{account id}:role/{role name},allow_d28acd92,allow_d28acd92_combo_2,sts:AssumeRoleWithWebIdentity,arn:aws:iam::{account id}:role/{role name},arn:aws:iam::123456789012:user/alice,{'DateGreaterThan': {'aws:CurrentTime': '2024-01-01T00:00:00Z'}},allow,deny,unsat,False
policy_5_iter_1.json,,/home/bhall2/Documents/fixmypolicy/FL/Experiment-2/temp_validation/val-50-ollamaa/policy_5_iter_1.json,9,allow_d296b21a,Allow,"['sts:TagSession', 'sts:AssumeRoleWithWebIdentity']",arn:aws:iam::{account id}:role/{role name},allow_ad67e7d3,allow_ad67e7d3_combo_1,sts:TagSession,arn:aws:iam::{account id}:role/{role name},arn:aws:iam::{account id}:oidc-provider/gitlab.com,{'StringLike': {'gitlab.com:sub': 'project_path:{redacted}/ref_type:branch:ref'}},allow,deny,unsat,False
policy_5_iter_1.json,,/home/bhall2/Documents/fixmypolicy/FL/Experiment-2/temp_validation/val-50-ollamaa/policy_5_iter_1.json,9,allow_d296b21a,Allow,"['sts:TagSession', 'sts:AssumeRoleWithWebIdentity']",arn:aws:iam::{account id}:role/{role name},allow_ad67e7d3,allow_ad67e7d3_combo_2,sts:AssumeRoleWithWebIdentity,arn:aws:iam::{account id}:role/{role name},arn:aws:iam::{account id}:oidc-provider/gitlab.com,{'StringLike': {'gitlab.com:sub': 'project_path:{redacted}/ref_type:branch:ref'}},allow,deny,unsat,False
policy_5_iter_1.json,,/home/bhall2/Documents/fixmypolicy/FL/Experiment-2/temp_validation/val-50-ollamaa/policy_5_iter_1.json,9,allow_d296b21a,Allow,"['sts:TagSession', 'sts:AssumeRoleWithWebIdentity']",arn:aws:iam::{account id}:role/{role name},deny_51d9c228,deny_51d9c228_combo_1,ec2:RunInstances,arn:aws:iam::{account id}:role/{role name},arn:aws:iam::123456789012:user/alice,{'DateLessThan': {'aws:CurrentTime': '2025-12-31T23:59:59Z'}},deny,deny,unsat,True
policy_5_iter_1.json,,/home/bhall2/Documents/fixmypolicy/FL/Experiment-2/temp_validation/val-50-ollamaa/policy_5_iter_1.json,9,allow_d296b21a,Allow,"['sts:TagSession', 'sts:AssumeRoleWithWebIdentity']",arn:aws:iam::{account id}:role/{role name},deny_c81babfb,deny_c81babfb_combo_1,sts:TagSession,forbidden-arn:aws:iam::{account id}:role/{role name}-specific,arn:aws:iam::{account id}:oidc-provider/forbidden-gitlab.com,{'IpAddress': {'aws:SourceIp': '203.0.113.0/24'}},deny,deny,unsat,True
policy_5_iter_1.json,,/home/bhall2/Documents/fixmypolicy/FL/Experiment-2/temp_validation/val-50-ollamaa/policy_5_iter_1.json,9,allow_d296b21a,Allow,"['sts:TagSession', 'sts:AssumeRoleWithWebIdentity']",arn:aws:iam::{account id}:role/{role name},deny_c81babfb,deny_c81babfb_combo_2,sts:AssumeRoleWithWebIdentity,forbidden-arn:aws:iam::{account id}:role/{role name}-specific,arn:aws:iam::{account id}:oidc-provider/forbidden-gitlab.com,{'IpAddress': {'aws:SourceIp': '203.0.113.0/24'}},deny,deny,unsat,True
policy_5_iter_1.json,,/home/bhall2/Documents/fixmypolicy/FL/Experiment-2/temp_validation/val-50-ollamaa/policy_5_iter_1.json,9,allow_d296b21a,Allow,"['sts:TagSession', 'sts:AssumeRoleWithWebIdentity']",arn:aws:iam::{account id}:role/{role name},deny_d9e1c623,deny_d9e1c623_combo_1,sts:AssumeRoleWithWebIdentity,arn:aws:iam::{account id}:role/{role name}-forbidden-resource,arn:aws:iam::999888777666:oidc-provider/gitlab.com,{'StringEquals': {'aws:RequestedRegion': 'us-east-1'}},deny,deny,unsat,True
policy_5_iter_1.json,,/home/bhall2/Documents/fixmypolicy/FL/Experiment-2/temp_validation/val-50-ollamaa/policy_5_iter_1.json,9,allow_d296b21a,Allow,"['sts:TagSession', 'sts:AssumeRoleWithWebIdentity']",arn:aws:iam::{account id}:role/{role name},deny_eae39e7d,deny_eae39e7d_combo_1,lambda:CreateFunction,arn:aws:iam::{account id}:role/{role name},arn:aws:iam::{account id}:oidc-provider/forbidden-gitlab.com,{'DateLessThan': {'aws:CurrentTime': '2025-12-31T23:59:59Z'}},deny,deny,unsat,True
policy_5_iter_1.json,,/home/bhall2/Documents/fixmypolicy/FL/Experiment-2/temp_validation/val-50-ollamaa/policy_5_iter_1.json,9,allow_d296b21a,Allow,"['sts:TagSession', 'sts:AssumeRoleWithWebIdentity']",arn:aws:iam::{account id}:role/{role name},allow_277adc8e,allow_277adc8e_combo_1,sts:TagSession,arn:aws:iam::{account id}:role/{role name},arn:aws:iam::{account id}:oidc-provider/gitlab.com,{'StringLike': {'gitlab.com:sub': 'project_path:{redacted}/ref_type:branch:ref'}},allow,deny,unsat,False
policy_5_iter_1.json,,/home/bhall2/Documents/fixmypolicy/FL/Experiment-2/temp_validation/val-50-ollamaa/policy_5_iter_1.json,9,allow_d296b21a,Allow,"['sts:TagSession', 'sts:AssumeRoleWithWebIdentity']",arn:aws:iam::{account id}:role/{role name},allow_277adc8e,allow_277adc8e_combo_2,sts:AssumeRoleWithWebIdentity,arn:aws:iam::{account id}:role/{role name},arn:aws:iam::{account id}:oidc-provider/gitlab.com,{'StringLike': {'gitlab.com:sub': 'project_path:{redacted}/ref_type:branch:ref'}},allow,deny,unsat,False
policy_5_iter_1.json,,/home/bhall2/Documents/fixmypolicy/FL/Experiment-2/temp_validation/val-50-ollamaa/policy_5_iter_1.json,9,allow_d296b21a,Allow,"['sts:TagSession', 'sts:AssumeRoleWithWebIdentity']",arn:aws:iam::{account id}:role/{role name},deny_2efa2500,deny_2efa2500_combo_1,sts:TagSession,arn:aws:iam::{account id}:role/{role name}-forbidden-resource,arn:aws:iam::{account id}:oidc-provider/gitlab.com,{'StringLike': {'gitlab.com:sub': 'project_path:{redacted}/*:ref_type:branch:ref:*'}},deny,deny,unsat,True
policy_5_iter_1.json,,/home/bhall2/Documents/fixmypolicy/FL/Experiment-2/temp_validation/val-50-ollamaa/policy_5_iter_1.json,9,allow_d296b21a,Allow,"['sts:TagSession', 'sts:AssumeRoleWithWebIdentity']",arn:aws:iam::{account id}:role/{role name},deny_2efa2500,deny_2efa2500_combo_2,sts:AssumeRoleWithWebIdentity,arn:aws:iam::{account id}:role/{role name}-forbidden-resource,arn:aws:iam::{account id}:oidc-provider/gitlab.com,{'StringLike': {'gitlab.com:sub': 'project_path:{redacted}/*:ref_type:branch:ref:*'}},deny,deny,unsat,True
policy_5_iter_1.json,,/home/bhall2/Documents/fixmypolicy/FL/Experiment-2/temp_validation/val-50-ollamaa/policy_5_iter_1.json,9,allow_d296b21a,Allow,"['sts:TagSession', 'sts:AssumeRoleWithWebIdentity']",arn:aws:iam::{account id}:role/{role name},allow_4b2e6812,allow_4b2e6812_combo_1,sts:TagSession,arn:aws:iam::{account id}:role/{role name},arn:aws:iam::999888777666:oidc-provider/gitlab.com,{'StringEquals': {'aws:RequestedRegion': 'us-west-2'}},allow,allow,sat,True
policy_5_iter_1.json,,/home/bhall2/Documents/fixmypolicy/FL/Experiment-2/temp_validation/val-50-ollamaa/policy_5_iter_1.json,9,allow_d296b21a,Allow,"['sts:TagSession', 'sts:AssumeRoleWithWebIdentity']",arn:aws:iam::{account id}:role/{role name},allow_4b2e6812,allow_4b2e6812_combo_2,sts:AssumeRoleWithWebIdentity,arn:aws:iam::{account id}:role/{role name},arn:aws:iam::999888777666:oidc-provider/gitlab.com,{'StringEquals': {'aws:RequestedRegion': 'us-west-2'}},allow,allow,sat,True
policy_5_iter_1.json,,/home/bhall2/Documents/fixmypolicy/FL/Experiment-2/temp_validation/val-50-ollamaa/policy_5_iter_1.json,9,allow_d296b21a,Allow,"['sts:TagSession', 'sts:AssumeRoleWithWebIdentity']",arn:aws:iam::{account id}:role/{role name},deny_2ccddee4,deny_2ccddee4_combo_1,iam:DeleteUser,arn:aws:iam::{account id}:role/{role name},arn:aws:iam::999888777666:oidc-provider/gitlab.com,{'DateLessThan': {'aws:CurrentTime': '2025-12-31T23:59:59Z'}},deny,deny,unsat,True
policy_5_iter_1.json,,/home/bhall2/Documents/fixmypolicy/FL/Experiment-2/temp_validation/val-50-ollamaa/policy_5_iter_1.json,9,allow_d296b21a,Allow,"['sts:TagSession', 'sts:AssumeRoleWithWebIdentity']",arn:aws:iam::{account id}:role/{role name},allow_8d6aad9f,allow_8d6aad9f_combo_1,sts:TagSession,arn:aws:iam::{account id}:role/{role name},arn:aws:iam::{account id}:oidc-provider/gitlab.com,{'StringLike': {'gitlab.com:sub': 'project_path:{redacted}/*:ref_type:branch:ref:*'}},allow,deny,unsat,False
policy_5_iter_1.json,,/home/bhall2/Documents/fixmypolicy/FL/Experiment-2/temp_validation/val-50-ollamaa/policy_5_iter_1.json,9,allow_d296b21a,Allow,"['sts:TagSession', 'sts:AssumeRoleWithWebIdentity']",arn:aws:iam::{account id}:role/{role name},allow_8d6aad9f,allow_8d6aad9f_combo_2,sts:AssumeRoleWithWebIdentity,arn:aws:iam::{account id}:role/{role name},arn:aws:iam::{account id}:oidc-provider/gitlab.com,{'StringLike': {'gitlab.com:sub': 'project_path:{redacted}/*:ref_type:branch:ref:*'}},allow,deny,unsat,False
policy_5_iter_1.json,,/home/bhall2/Documents/fixmypolicy/FL/Experiment-2/temp_validation/val-50-ollamaa/policy_5_iter_1.json,9,allow_d296b21a,Allow,"['sts:TagSession', 'sts:AssumeRoleWithWebIdentity']",arn:aws:iam::{account id}:role/{role name},allow_46828ad7,allow_46828ad7_combo_1,sts:AssumeRoleWithWebIdentity,arn:aws:iam::{account id}:role/{role name},arn:aws:iam::123456789012:user/alice,{'DateGreaterThan': {'aws:CurrentTime': '2024-01-01T00:00:00Z'}},allow,deny,unsat,False
policy_5_iter_1.json,,/home/bhall2/Documents/fixmypolicy/FL/Experiment-2/temp_validation/val-50-ollamaa/policy_5_iter_1.json,9,allow_d296b21a,Allow,"['sts:TagSession', 'sts:AssumeRoleWithWebIdentity']",arn:aws:iam::{account id}:role/{role name},allow_46828ad7,allow_46828ad7_combo_2,sts:TagSession,arn:aws:iam::{account id}:role/{role name},arn:aws:iam::123456789012:user/alice,{'DateGreaterThan': {'aws:CurrentTime': '2024-01-01T00:00:00Z'}},allow,deny,unsat,False
policy_5_iter_1.json,,/home/bhall2/Documents/fixmypolicy/FL/Experiment-2/temp_validation/val-50-ollamaa/policy_5_iter_1.json,9,allow_d296b21a,Allow,"['sts:TagSession', 'sts:AssumeRoleWithWebIdentity']",arn:aws:iam::{account id}:role/{role name},deny_284a8d13,deny_284a8d13_combo_1,lambda:CreateFunction,arn:aws:iam::{account id}:role/{role name},arn:aws:iam::123456789012:user/alice,{'DateLessThan': {'aws:CurrentTime': '2025-12-31T23:59:59Z'}},deny,deny,unsat,True
policy_5_iter_1.json,,/home/bhall2/Documents/fixmypolicy/FL/Experiment-2/temp_validation/val-50-ollamaa/policy_5_iter_1.json,9,allow_d296b21a,Allow,"['sts:TagSession', 'sts:AssumeRoleWithWebIdentity']",arn:aws:iam::{account id}:role/{role name},allow_d296b21a,allow_d296b21a_combo_1,sts:TagSession,arn:aws:iam::{account id}:role/{role name},arn:aws:iam::999888777666:oidc-provider/gitlab.com,{'StringEquals': {'aws:RequestedRegion': 'us-east-1'}},allow,allow,sat,True
policy_5_iter_1.json,,/home/bhall2/Documents/fixmypolicy/FL/Experiment-2/temp_validation/val-50-ollamaa/policy_5_iter_1.json,9,allow_d296b21a,Allow,"['sts:TagSession', 'sts:AssumeRoleWithWebIdentity']",arn:aws:iam::{account id}:role/{role name},allow_d296b21a,allow_d296b21a_combo_2,sts:AssumeRoleWithWebIdentity,arn:aws:iam::{account id}:role/{role name},arn:aws:iam::999888777666:oidc-provider/gitlab.com,{'StringEquals': {'aws:RequestedRegion': 'us-east-1'}},allow,allow,sat,True
policy_5_iter_1.json,,/home/bhall2/Documents/fixmypolicy/FL/Experiment-2/temp_validation/val-50-ollamaa/policy_5_iter_1.json,9,allow_d296b21a,Allow,"['sts:TagSession', 'sts:AssumeRoleWithWebIdentity']",arn:aws:iam::{account id}:role/{role name},deny_0f38f412,deny_0f38f412_combo_1,ec2:RunInstances,arn:aws:iam::{account id}:role/{role name},arn:aws:iam::123456789012:user/alice,{'IpAddress': {'aws:SourceIp': '203.0.113.0/24'}},deny,deny,unsat,True
policy_5_iter_1.json,,/home/bhall2/Documents/fixmypolicy/FL/Experiment-2/temp_validation/val-50-ollamaa/policy_5_iter_1.json,9,allow_d296b21a,Allow,"['sts:TagSession', 'sts:AssumeRoleWithWebIdentity']",arn:aws:iam::{account id}:role/{role name},deny_dccafd42,deny_dccafd42_combo_1,sts:TagSession,forbidden-arn:aws:iam::{account id}:role/{role name}-specific,arn:aws:iam::{account id}:oidc-provider/forbidden-gitlab.com,{'DateLessThan': {'aws:CurrentTime': '2025-12-31T23:59:59Z'}},deny,deny,unsat,True
policy_5_iter_1.json,,/home/bhall2/Documents/fixmypolicy/FL/Experiment-2/temp_validation/val-50-ollamaa/policy_5_iter_1.json,9,allow_d296b21a,Allow,"['sts:TagSession', 'sts:AssumeRoleWithWebIdentity']",arn:aws:iam::{account id}:role/{role name},deny_dccafd42,deny_dccafd42_combo_2,sts:AssumeRoleWithWebIdentity,forbidden-arn:aws:iam::{account id}:role/{role name}-specific,arn:aws:iam::{account id}:oidc-provider/forbidden-gitlab.com,{'DateLessThan': {'aws:CurrentTime': '2025-12-31T23:59:59Z'}},deny,deny,unsat,True
policy_5_iter_1.json,,/home/bhall2/Documents/fixmypolicy/FL/Experiment-2/temp_validation/val-50-ollamaa/policy_5_iter_1.json,9,allow_d296b21a,Allow,"['sts:TagSession', 'sts:AssumeRoleWithWebIdentity']",arn:aws:iam::{account id}:role/{role name},allow_b3521fa7,allow_b3521fa7_combo_1,sts:AssumeRoleWithWebIdentity,arn:aws:iam::{account id}:role/{role name},arn:aws:iam::{account id}:oidc-provider/gitlab.com,{'StringLike': {'gitlab.com:sub': 'project_path:{redacted}/*:ref_type:branch:ref:*'}},allow,deny,unsat,False
policy_5_iter_1.json,,/home/bhall2/Documents/fixmypolicy/FL/Experiment-2/temp_validation/val-50-ollamaa/policy_5_iter_1.json,9,allow_d296b21a,Allow,"['sts:TagSession', 'sts:AssumeRoleWithWebIdentity']",arn:aws:iam::{account id}:role/{role name},deny_5cdc410d,deny_5cdc410d_combo_1,sts:AssumeRoleWithWebIdentity,arn:aws:iam::{account id}:role/{role name}-forbidden-resource,arn:aws:iam::999888777666:oidc-provider/gitlab.com,{'DateLessThan': {'aws:CurrentTime': '2025-12-31T23:59:59Z'}},deny,deny,unsat,True
policy_5_iter_1.json,,/home/bhall2/Documents/fixmypolicy/FL/Experiment-2/temp_validation/val-50-ollamaa/policy_5_iter_1.json,9,allow_d296b21a,Allow,"['sts:TagSession', 'sts:AssumeRoleWithWebIdentity']",arn:aws:iam::{account id}:role/{role name},allow_1a3aa330,allow_1a3aa330_combo_1,sts:TagSession,arn:aws:iam::{account id}:role/{role name},arn:aws:iam::{account id}:oidc-provider/gitlab.com,{'StringLike': {'gitlab.com:sub': 'project_path:{redacted}/*:ref_type:branch:ref:*'}},allow,deny,unsat,False
policy_5_iter_1.json,,/home/bhall2/Documents/fixmypolicy/FL/Experiment-2/temp_validation/val-50-ollamaa/policy_5_iter_1.json,9,allow_d296b21a,Allow,"['sts:TagSession', 'sts:AssumeRoleWithWebIdentity']",arn:aws:iam::{account id}:role/{role name},allow_1a3aa330,allow_1a3aa330_combo_2,sts:AssumeRoleWithWebIdentity,arn:aws:iam::{account id}:role/{role name},arn:aws:iam::{account id}:oidc-provider/gitlab.com,{'StringLike': {'gitlab.com:sub': 'project_path:{redacted}/*:ref_type:branch:ref:*'}},allow,deny,unsat,False
policy_5_iter_1.json,,/home/bhall2/Documents/fixmypolicy/FL/Experiment-2/temp_validation/val-50-ollamaa/policy_5_iter_1.json,9,allow_d296b21a,Allow,"['sts:TagSession', 'sts:AssumeRoleWithWebIdentity']",arn:aws:iam::{account id}:role/{role name},deny_8dc7e4d8,deny_8dc7e4d8_combo_1,sts:TagSession,arn:aws:iam::{account id}:role/{role name}-forbidden-resource,arn:aws:iam::{account id}:oidc-provider/gitlab.com,{'StringLike': {'gitlab.com:sub': 'project_path:{redacted}/*:ref_type:branch:ref:*'}},deny,deny,unsat,True
policy_5_iter_1.json,,/home/bhall2/Documents/fixmypolicy/FL/Experiment-2/temp_validation/val-50-ollamaa/policy_5_iter_1.json,9,allow_d296b21a,Allow,"['sts:TagSession', 'sts:AssumeRoleWithWebIdentity']",arn:aws:iam::{account id}:role/{role name},allow_a3073d0d,allow_a3073d0d_combo_1,sts:TagSession,arn:aws:iam::{account id}:role/{role name},arn:aws:iam::{account id}:oidc-provider/gitlab.com,{'StringLike': {'gitlab.com:sub': 'project_path:{redacted}/*:ref_type:branch:ref:*'}},allow,deny,unsat,False
policy_5_iter_1.json,,/home/bhall2/Documents/fixmypolicy/FL/Experiment-2/temp_validation/val-50-ollamaa/policy_5_iter_1.json,9,allow_d296b21a,Allow,"['sts:TagSession', 'sts:AssumeRoleWithWebIdentity']",arn:aws:iam::{account id}:role/{role name},allow_a3073d0d,allow_a3073d0d_combo_2,sts:AssumeRoleWithWebIdentity,arn:aws:iam::{account id}:role/{role name},arn:aws:iam::{account id}:oidc-provider/gitlab.com,{'StringLike': {'gitlab.com:sub': 'project_path:{redacted}/*:ref_type:branch:ref:*'}},allow,deny,unsat,False
policy_5_iter_1.json,,/home/bhall2/Documents/fixmypolicy/FL/Experiment-2/temp_validation/val-50-ollamaa/policy_5_iter_1.json,9,allow_d296b21a,Allow,"['sts:TagSession', 'sts:AssumeRoleWithWebIdentity']",arn:aws:iam::{account id}:role/{role name},allow_39a49474,allow_39a49474_combo_1,sts:AssumeRoleWithWebIdentity,arn:aws:iam::{account id}:role/{role name},arn:aws:iam::{account id}:oidc-provider/gitlab.com,{'StringLike': {'gitlab.com:sub': 'project_path:{redacted}/*:ref_type:branch:ref:*'}},allow,deny,unsat,False
policy_5_iter_1.json,,/home/bhall2/Documents/fixmypolicy/FL/Experiment-2/temp_validation/val-50-ollamaa/policy_5_iter_1.json,9,allow_d296b21a,Allow,"['sts:TagSession', 'sts:AssumeRoleWithWebIdentity']",arn:aws:iam::{account id}:role/{role name},allow_39a49474,allow_39a49474_combo_2,sts:TagSession,arn:aws:iam::{account id}:role/{role name},arn:aws:iam::{account id}:oidc-provider/gitlab.com,{'StringLike': {'gitlab.com:sub': 'project_path:{redacted}/*:ref_type:branch:ref:*'}},allow,deny,unsat,False
policy_5_iter_1.json,,/home/bhall2/Documents/fixmypolicy/FL/Experiment-2/temp_validation/val-50-ollamaa/policy_5_iter_1.json,9,allow_d296b21a,Allow,"['sts:TagSession', 'sts:AssumeRoleWithWebIdentity']",arn:aws:iam::{account id}:role/{role name},deny_b2a7386a,deny_b2a7386a_combo_1,iam:DeleteUser,arn:aws:iam::{account id}:role/{role name},arn:aws:iam::999888777666:oidc-provider/gitlab.com,{'StringEquals': {'aws:RequestedRegion': 'us-west-2'}},deny,deny,unsat,True
policy_5_iter_1.json,,/home/bhall2/Documents/fixmypolicy/FL/Experiment-2/temp_validation/val-50-ollamaa/policy_5_iter_1.json,9,allow_d296b21a,Allow,"['sts:TagSession', 'sts:AssumeRoleWithWebIdentity']",arn:aws:iam::{account id}:role/{role name},deny_200cd3bf,deny_200cd3bf_combo_1,sts:AssumeRoleWithWebIdentity,arn:aws:iam::{account id}:role/{role name}-forbidden-resource,arn:aws:iam::123456789012:user/alice,{'StringEquals': {'aws:RequestedRegion': 'us-east-1'}},deny,deny,unsat,True
policy_5_iter_1.json,,/home/bhall2/Documents/fixmypolicy/FL/Experiment-2/temp_validation/val-50-ollamaa/policy_5_iter_1.json,9,allow_d296b21a,Allow,"['sts:TagSession', 'sts:AssumeRoleWithWebIdentity']",arn:aws:iam::{account id}:role/{role name},allow_9e959d67,allow_9e959d67_combo_1,sts:TagSession,arn:aws:iam::{account id}:role/{role name},arn:aws:iam::{account id}:oidc-provider/gitlab.com,{'StringLike': {'gitlab.com:sub': 'project_path:{redacted}/*:ref_type:branch:ref:*'}},allow,deny,unsat,False
policy_5_iter_1.json,,/home/bhall2/Documents/fixmypolicy/FL/Experiment-2/temp_validation/val-50-ollamaa/policy_5_iter_1.json,9,allow_d296b21a,Allow,"['sts:TagSession', 'sts:AssumeRoleWithWebIdentity']",arn:aws:iam::{account id}:role/{role name},allow_8b2a35e8,allow_8b2a35e8_combo_1,sts:TagSession,arn:aws:iam::{account id}:role/{role name},arn:aws:iam::123456789012:user/alice,{'StringEquals': {'aws:RequestedRegion': 'us-east-1'}},allow,deny,unsat,False
policy_5_iter_1.json,,/home/bhall2/Documents/fixmypolicy/FL/Experiment-2/temp_validation/val-50-ollamaa/policy_5_iter_1.json,9,allow_d296b21a,Allow,"['sts:TagSession', 'sts:AssumeRoleWithWebIdentity']",arn:aws:iam::{account id}:role/{role name},allow_a7f5ef81,allow_a7f5ef81_combo_1,sts:TagSession,arn:aws:iam::{account id}:role/{role name},arn:aws:iam::{account id}:oidc-provider/gitlab.com,{'StringLike': {'gitlab.com:sub': 'project_path:{redacted}/*:ref_type:branch:ref:*'}},allow,deny,unsat,False
policy_5_iter_1.json,,/home/bhall2/Documents/fixmypolicy/FL/Experiment-2/temp_validation/val-50-ollamaa/policy_5_iter_1.json,9,allow_d296b21a,Allow,"['sts:TagSession', 'sts:AssumeRoleWithWebIdentity']",arn:aws:iam::{account id}:role/{role name},deny_a61a5c77,deny_a61a5c77_combo_1,ec2:DescribeInstances,arn:aws:iam::{account id}:role/{role name},arn:aws:iam::{account id}:oidc-provider/forbidden-gitlab.com,{'IpAddress': {'aws:SourceIp': '203.0.113.0/24'}},deny,deny,unsat,True
policy_5_iter_1.json,,/home/bhall2/Documents/fixmypolicy/FL/Experiment-2/temp_validation/val-50-ollamaa/policy_5_iter_1.json,9,allow_d296b21a,Allow,"['sts:TagSession', 'sts:AssumeRoleWithWebIdentity']",arn:aws:iam::{account id}:role/{role name},allow_8fe72846,allow_8fe72846_combo_1,sts:AssumeRoleWithWebIdentity,arn:aws:iam::{account id}:role/{role name},arn:aws:iam::{account id}:oidc-provider/gitlab.com,{'StringLike': {'gitlab.com:sub': 'project_path:{redacted}/*:ref_type:branch:ref:*'}},allow,deny,unsat,False
policy_5_iter_1.json,,/home/bhall2/Documents/fixmypolicy/FL/Experiment-2/temp_validation/val-50-ollamaa/policy_5_iter_1.json,9,allow_d296b21a,Allow,"['sts:TagSession', 'sts:AssumeRoleWithWebIdentity']",arn:aws:iam::{account id}:role/{role name},allow_8fe72846,allow_8fe72846_combo_2,sts:TagSession,arn:aws:iam::{account id}:role/{role name},arn:aws:iam::{account id}:oidc-provider/gitlab.com,{'StringLike': {'gitlab.com:sub': 'project_path:{redacted}/*:ref_type:branch:ref:*'}},allow,deny,unsat,False
policy_5_iter_1.json,,/home/bhall2/Documents/fixmypolicy/FL/Experiment-2/temp_validation/val-50-ollamaa/policy_5_iter_1.json,9,allow_d296b21a,Allow,"['sts:TagSession', 'sts:AssumeRoleWithWebIdentity']",arn:aws:iam::{account id}:role/{role name},allow_b9703ac8,allow_b9703ac8_combo_1,sts:AssumeRoleWithWebIdentity,arn:aws:iam::{account id}:role/{role name},arn:aws:iam::{account id}:oidc-provider/gitlab.com,{'StringLike': {'gitlab.com:sub': 'project_path:{redacted}/*:ref_type:branch:ref:*'}},allow,deny,unsat,False
policy_5_iter_1.json,,/home/bhall2/Documents/fixmypolicy/FL/Experiment-2/temp_validation/val-50-ollamaa/policy_5_iter_1.json,9,allow_d296b21a,Allow,"['sts:TagSession', 'sts:AssumeRoleWithWebIdentity']",arn:aws:iam::{account id}:role/{role name},allow_b9703ac8,allow_b9703ac8_combo_2,sts:TagSession,arn:aws:iam::{account id}:role/{role name},arn:aws:iam::{account id}:oidc-provider/gitlab.com,{'StringLike': {'gitlab.com:sub': 'project_path:{redacted}/*:ref_type:branch:ref:*'}},allow,deny,unsat,False
policy_5_iter_1.json,,/home/bhall2/Documents/fixmypolicy/FL/Experiment-2/temp_validation/val-50-ollamaa/policy_5_iter_1.json,9,allow_d296b21a,Allow,"['sts:TagSession', 'sts:AssumeRoleWithWebIdentity']",arn:aws:iam::{account id}:role/{role name},deny_fda03fc6,deny_fda03fc6_combo_1,sts:AssumeRoleWithWebIdentity,arn:aws:iam::{account id}:role/{role name}-forbidden-resource,arn:aws:iam::{account id}:oidc-provider/gitlab.com,{'StringLike': {'gitlab.com:sub': 'project_path:{redacted}/*:ref_type:branch:ref:*'}},deny,deny,unsat,True
policy_5_iter_1.json,,/home/bhall2/Documents/fixmypolicy/FL/Experiment-2/temp_validation/val-50-ollamaa/policy_5_iter_1.json,9,allow_d296b21a,Allow,"['sts:TagSession', 'sts:AssumeRoleWithWebIdentity']",arn:aws:iam::{account id}:role/{role name},deny_fda03fc6,deny_fda03fc6_combo_2,sts:TagSession,arn:aws:iam::{account id}:role/{role name}-forbidden-resource,arn:aws:iam::{account id}:oidc-provider/gitlab.com,{'StringLike': {'gitlab.com:sub': 'project_path:{redacted}/*:ref_type:branch:ref:*'}},deny,deny,unsat,True
policy_5_iter_1.json,,/home/bhall2/Documents/fixmypolicy/FL/Experiment-2/temp_validation/val-50-ollamaa/policy_5_iter_1.json,10,allow_b3521fa7,Allow,['sts:AssumeRoleWithWebIdentity'],arn:aws:iam::{account id}:role/{role name},allow_a8fd7ef6,allow_a8fd7ef6_combo_1,sts:AssumeRoleWithWebIdentity,arn:aws:iam::{account id}:role/{role name},arn:aws:iam::{account id}:oidc-provider/gitlab.com,{'StringLike': {'gitlab.com:sub': 'project_path:{redacted}/*:ref_type:branch:ref:*'}},allow,allow,sat,True
policy_5_iter_1.json,,/home/bhall2/Documents/fixmypolicy/FL/Experiment-2/temp_validation/val-50-ollamaa/policy_5_iter_1.json,10,allow_b3521fa7,Allow,['sts:AssumeRoleWithWebIdentity'],arn:aws:iam::{account id}:role/{role name},allow_e641a090,allow_e641a090_combo_1,sts:AssumeRoleWithWebIdentity,arn:aws:iam::{account id}:role/{role name},arn:aws:iam::{account id}:oidc-provider/gitlab.com,{'StringLike': {'gitlab.com:sub': 'project_path:{redacted}/*:ref_type:branch:ref:*'}},allow,allow,sat,True
policy_5_iter_1.json,,/home/bhall2/Documents/fixmypolicy/FL/Experiment-2/temp_validation/val-50-ollamaa/policy_5_iter_1.json,10,allow_b3521fa7,Allow,['sts:AssumeRoleWithWebIdentity'],arn:aws:iam::{account id}:role/{role name},deny_f13ef671,deny_f13ef671_combo_1,iam:CreateUser,arn:aws:iam::{account id}:role/{role name},arn:aws:iam::123456789012:user/alice,{'DateLessThan': {'aws:CurrentTime': '2025-12-31T23:59:59Z'}},deny,deny,unsat,True
policy_5_iter_1.json,,/home/bhall2/Documents/fixmypolicy/FL/Experiment-2/temp_validation/val-50-ollamaa/policy_5_iter_1.json,10,allow_b3521fa7,Allow,['sts:AssumeRoleWithWebIdentity'],arn:aws:iam::{account id}:role/{role name},allow_d28acd92,allow_d28acd92_combo_1,sts:TagSession,arn:aws:iam::{account id}:role/{role name},arn:aws:iam::123456789012:user/alice,{'DateGreaterThan': {'aws:CurrentTime': '2024-01-01T00:00:00Z'}},allow,deny,unsat,False
policy_5_iter_1.json,,/home/bhall2/Documents/fixmypolicy/FL/Experiment-2/temp_validation/val-50-ollamaa/policy_5_iter_1.json,10,allow_b3521fa7,Allow,['sts:AssumeRoleWithWebIdentity'],arn:aws:iam::{account id}:role/{role name},allow_d28acd92,allow_d28acd92_combo_2,sts:AssumeRoleWithWebIdentity,arn:aws:iam::{account id}:role/{role name},arn:aws:iam::123456789012:user/alice,{'DateGreaterThan': {'aws:CurrentTime': '2024-01-01T00:00:00Z'}},allow,deny,unsat,False
policy_5_iter_1.json,,/home/bhall2/Documents/fixmypolicy/FL/Experiment-2/temp_validation/val-50-ollamaa/policy_5_iter_1.json,10,allow_b3521fa7,Allow,['sts:AssumeRoleWithWebIdentity'],arn:aws:iam::{account id}:role/{role name},allow_ad67e7d3,allow_ad67e7d3_combo_1,sts:TagSession,arn:aws:iam::{account id}:role/{role name},arn:aws:iam::{account id}:oidc-provider/gitlab.com,{'StringLike': {'gitlab.com:sub': 'project_path:{redacted}/ref_type:branch:ref'}},allow,deny,unsat,False
policy_5_iter_1.json,,/home/bhall2/Documents/fixmypolicy/FL/Experiment-2/temp_validation/val-50-ollamaa/policy_5_iter_1.json,10,allow_b3521fa7,Allow,['sts:AssumeRoleWithWebIdentity'],arn:aws:iam::{account id}:role/{role name},allow_ad67e7d3,allow_ad67e7d3_combo_2,sts:AssumeRoleWithWebIdentity,arn:aws:iam::{account id}:role/{role name},arn:aws:iam::{account id}:oidc-provider/gitlab.com,{'StringLike': {'gitlab.com:sub': 'project_path:{redacted}/ref_type:branch:ref'}},allow,allow,sat,True
policy_5_iter_1.json,,/home/bhall2/Documents/fixmypolicy/FL/Experiment-2/temp_validation/val-50-ollamaa/policy_5_iter_1.json,10,allow_b3521fa7,Allow,['sts:AssumeRoleWithWebIdentity'],arn:aws:iam::{account id}:role/{role name},deny_51d9c228,deny_51d9c228_combo_1,ec2:RunInstances,arn:aws:iam::{account id}:role/{role name},arn:aws:iam::123456789012:user/alice,{'DateLessThan': {'aws:CurrentTime': '2025-12-31T23:59:59Z'}},deny,deny,unsat,True
policy_5_iter_1.json,,/home/bhall2/Documents/fixmypolicy/FL/Experiment-2/temp_validation/val-50-ollamaa/policy_5_iter_1.json,10,allow_b3521fa7,Allow,['sts:AssumeRoleWithWebIdentity'],arn:aws:iam::{account id}:role/{role name},deny_c81babfb,deny_c81babfb_combo_1,sts:TagSession,forbidden-arn:aws:iam::{account id}:role/{role name}-specific,arn:aws:iam::{account id}:oidc-provider/forbidden-gitlab.com,{'IpAddress': {'aws:SourceIp': '203.0.113.0/24'}},deny,deny,unsat,True
policy_5_iter_1.json,,/home/bhall2/Documents/fixmypolicy/FL/Experiment-2/temp_validation/val-50-ollamaa/policy_5_iter_1.json,10,allow_b3521fa7,Allow,['sts:AssumeRoleWithWebIdentity'],arn:aws:iam::{account id}:role/{role name},deny_c81babfb,deny_c81babfb_combo_2,sts:AssumeRoleWithWebIdentity,forbidden-arn:aws:iam::{account id}:role/{role name}-specific,arn:aws:iam::{account id}:oidc-provider/forbidden-gitlab.com,{'IpAddress': {'aws:SourceIp': '203.0.113.0/24'}},deny,deny,unsat,True
policy_5_iter_1.json,,/home/bhall2/Documents/fixmypolicy/FL/Experiment-2/temp_validation/val-50-ollamaa/policy_5_iter_1.json,10,allow_b3521fa7,Allow,['sts:AssumeRoleWithWebIdentity'],arn:aws:iam::{account id}:role/{role name},deny_d9e1c623,deny_d9e1c623_combo_1,sts:AssumeRoleWithWebIdentity,arn:aws:iam::{account id}:role/{role name}-forbidden-resource,arn:aws:iam::999888777666:oidc-provider/gitlab.com,{'StringEquals': {'aws:RequestedRegion': 'us-east-1'}},deny,deny,unsat,True
policy_5_iter_1.json,,/home/bhall2/Documents/fixmypolicy/FL/Experiment-2/temp_validation/val-50-ollamaa/policy_5_iter_1.json,10,allow_b3521fa7,Allow,['sts:AssumeRoleWithWebIdentity'],arn:aws:iam::{account id}:role/{role name},deny_eae39e7d,deny_eae39e7d_combo_1,lambda:CreateFunction,arn:aws:iam::{account id}:role/{role name},arn:aws:iam::{account id}:oidc-provider/forbidden-gitlab.com,{'DateLessThan': {'aws:CurrentTime': '2025-12-31T23:59:59Z'}},deny,deny,unsat,True
policy_5_iter_1.json,,/home/bhall2/Documents/fixmypolicy/FL/Experiment-2/temp_validation/val-50-ollamaa/policy_5_iter_1.json,10,allow_b3521fa7,Allow,['sts:AssumeRoleWithWebIdentity'],arn:aws:iam::{account id}:role/{role name},allow_277adc8e,allow_277adc8e_combo_1,sts:TagSession,arn:aws:iam::{account id}:role/{role name},arn:aws:iam::{account id}:oidc-provider/gitlab.com,{'StringLike': {'gitlab.com:sub': 'project_path:{redacted}/ref_type:branch:ref'}},allow,deny,unsat,False
policy_5_iter_1.json,,/home/bhall2/Documents/fixmypolicy/FL/Experiment-2/temp_validation/val-50-ollamaa/policy_5_iter_1.json,10,allow_b3521fa7,Allow,['sts:AssumeRoleWithWebIdentity'],arn:aws:iam::{account id}:role/{role name},allow_277adc8e,allow_277adc8e_combo_2,sts:AssumeRoleWithWebIdentity,arn:aws:iam::{account id}:role/{role name},arn:aws:iam::{account id}:oidc-provider/gitlab.com,{'StringLike': {'gitlab.com:sub': 'project_path:{redacted}/ref_type:branch:ref'}},allow,allow,sat,True
policy_5_iter_1.json,,/home/bhall2/Documents/fixmypolicy/FL/Experiment-2/temp_validation/val-50-ollamaa/policy_5_iter_1.json,10,allow_b3521fa7,Allow,['sts:AssumeRoleWithWebIdentity'],arn:aws:iam::{account id}:role/{role name},deny_2efa2500,deny_2efa2500_combo_1,sts:TagSession,arn:aws:iam::{account id}:role/{role name}-forbidden-resource,arn:aws:iam::{account id}:oidc-provider/gitlab.com,{'StringLike': {'gitlab.com:sub': 'project_path:{redacted}/*:ref_type:branch:ref:*'}},deny,deny,unsat,True
policy_5_iter_1.json,,/home/bhall2/Documents/fixmypolicy/FL/Experiment-2/temp_validation/val-50-ollamaa/policy_5_iter_1.json,10,allow_b3521fa7,Allow,['sts:AssumeRoleWithWebIdentity'],arn:aws:iam::{account id}:role/{role name},deny_2efa2500,deny_2efa2500_combo_2,sts:AssumeRoleWithWebIdentity,arn:aws:iam::{account id}:role/{role name}-forbidden-resource,arn:aws:iam::{account id}:oidc-provider/gitlab.com,{'StringLike': {'gitlab.com:sub': 'project_path:{redacted}/*:ref_type:branch:ref:*'}},deny,deny,unsat,True
policy_5_iter_1.json,,/home/bhall2/Documents/fixmypolicy/FL/Experiment-2/temp_validation/val-50-ollamaa/policy_5_iter_1.json,10,allow_b3521fa7,Allow,['sts:AssumeRoleWithWebIdentity'],arn:aws:iam::{account id}:role/{role name},allow_4b2e6812,allow_4b2e6812_combo_1,sts:TagSession,arn:aws:iam::{account id}:role/{role name},arn:aws:iam::999888777666:oidc-provider/gitlab.com,{'StringEquals': {'aws:RequestedRegion': 'us-west-2'}},allow,deny,unsat,False
policy_5_iter_1.json,,/home/bhall2/Documents/fixmypolicy/FL/Experiment-2/temp_validation/val-50-ollamaa/policy_5_iter_1.json,10,allow_b3521fa7,Allow,['sts:AssumeRoleWithWebIdentity'],arn:aws:iam::{account id}:role/{role name},allow_4b2e6812,allow_4b2e6812_combo_2,sts:AssumeRoleWithWebIdentity,arn:aws:iam::{account id}:role/{role name},arn:aws:iam::999888777666:oidc-provider/gitlab.com,{'StringEquals': {'aws:RequestedRegion': 'us-west-2'}},allow,deny,unsat,False
policy_5_iter_1.json,,/home/bhall2/Documents/fixmypolicy/FL/Experiment-2/temp_validation/val-50-ollamaa/policy_5_iter_1.json,10,allow_b3521fa7,Allow,['sts:AssumeRoleWithWebIdentity'],arn:aws:iam::{account id}:role/{role name},deny_2ccddee4,deny_2ccddee4_combo_1,iam:DeleteUser,arn:aws:iam::{account id}:role/{role name},arn:aws:iam::999888777666:oidc-provider/gitlab.com,{'DateLessThan': {'aws:CurrentTime': '2025-12-31T23:59:59Z'}},deny,deny,unsat,True
policy_5_iter_1.json,,/home/bhall2/Documents/fixmypolicy/FL/Experiment-2/temp_validation/val-50-ollamaa/policy_5_iter_1.json,10,allow_b3521fa7,Allow,['sts:AssumeRoleWithWebIdentity'],arn:aws:iam::{account id}:role/{role name},allow_8d6aad9f,allow_8d6aad9f_combo_1,sts:TagSession,arn:aws:iam::{account id}:role/{role name},arn:aws:iam::{account id}:oidc-provider/gitlab.com,{'StringLike': {'gitlab.com:sub': 'project_path:{redacted}/*:ref_type:branch:ref:*'}},allow,deny,unsat,False
policy_5_iter_1.json,,/home/bhall2/Documents/fixmypolicy/FL/Experiment-2/temp_validation/val-50-ollamaa/policy_5_iter_1.json,10,allow_b3521fa7,Allow,['sts:AssumeRoleWithWebIdentity'],arn:aws:iam::{account id}:role/{role name},allow_8d6aad9f,allow_8d6aad9f_combo_2,sts:AssumeRoleWithWebIdentity,arn:aws:iam::{account id}:role/{role name},arn:aws:iam::{account id}:oidc-provider/gitlab.com,{'StringLike': {'gitlab.com:sub': 'project_path:{redacted}/*:ref_type:branch:ref:*'}},allow,allow,sat,True
policy_5_iter_1.json,,/home/bhall2/Documents/fixmypolicy/FL/Experiment-2/temp_validation/val-50-ollamaa/policy_5_iter_1.json,10,allow_b3521fa7,Allow,['sts:AssumeRoleWithWebIdentity'],arn:aws:iam::{account id}:role/{role name},allow_46828ad7,allow_46828ad7_combo_1,sts:AssumeRoleWithWebIdentity,arn:aws:iam::{account id}:role/{role name},arn:aws:iam::123456789012:user/alice,{'DateGreaterThan': {'aws:CurrentTime': '2024-01-01T00:00:00Z'}},allow,deny,unsat,False
policy_5_iter_1.json,,/home/bhall2/Documents/fixmypolicy/FL/Experiment-2/temp_validation/val-50-ollamaa/policy_5_iter_1.json,10,allow_b3521fa7,Allow,['sts:AssumeRoleWithWebIdentity'],arn:aws:iam::{account id}:role/{role name},allow_46828ad7,allow_46828ad7_combo_2,sts:TagSession,arn:aws:iam::{account id}:role/{role name},arn:aws:iam::123456789012:user/alice,{'DateGreaterThan': {'aws:CurrentTime': '2024-01-01T00:00:00Z'}},allow,deny,unsat,False
policy_5_iter_1.json,,/home/bhall2/Documents/fixmypolicy/FL/Experiment-2/temp_validation/val-50-ollamaa/policy_5_iter_1.json,10,allow_b3521fa7,Allow,['sts:AssumeRoleWithWebIdentity'],arn:aws:iam::{account id}:role/{role name},deny_284a8d13,deny_284a8d13_combo_1,lambda:CreateFunction,arn:aws:iam::{account id}:role/{role name},arn:aws:iam::123456789012:user/alice,{'DateLessThan': {'aws:CurrentTime': '2025-12-31T23:59:59Z'}},deny,deny,unsat,True
policy_5_iter_1.json,,/home/bhall2/Documents/fixmypolicy/FL/Experiment-2/temp_validation/val-50-ollamaa/policy_5_iter_1.json,10,allow_b3521fa7,Allow,['sts:AssumeRoleWithWebIdentity'],arn:aws:iam::{account id}:role/{role name},allow_d296b21a,allow_d296b21a_combo_1,sts:TagSession,arn:aws:iam::{account id}:role/{role name},arn:aws:iam::999888777666:oidc-provider/gitlab.com,{'StringEquals': {'aws:RequestedRegion': 'us-east-1'}},allow,deny,unsat,False
policy_5_iter_1.json,,/home/bhall2/Documents/fixmypolicy/FL/Experiment-2/temp_validation/val-50-ollamaa/policy_5_iter_1.json,10,allow_b3521fa7,Allow,['sts:AssumeRoleWithWebIdentity'],arn:aws:iam::{account id}:role/{role name},allow_d296b21a,allow_d296b21a_combo_2,sts:AssumeRoleWithWebIdentity,arn:aws:iam::{account id}:role/{role name},arn:aws:iam::999888777666:oidc-provider/gitlab.com,{'StringEquals': {'aws:RequestedRegion': 'us-east-1'}},allow,deny,unsat,False
policy_5_iter_1.json,,/home/bhall2/Documents/fixmypolicy/FL/Experiment-2/temp_validation/val-50-ollamaa/policy_5_iter_1.json,10,allow_b3521fa7,Allow,['sts:AssumeRoleWithWebIdentity'],arn:aws:iam::{account id}:role/{role name},deny_0f38f412,deny_0f38f412_combo_1,ec2:RunInstances,arn:aws:iam::{account id}:role/{role name},arn:aws:iam::123456789012:user/alice,{'IpAddress': {'aws:SourceIp': '203.0.113.0/24'}},deny,deny,unsat,True
policy_5_iter_1.json,,/home/bhall2/Documents/fixmypolicy/FL/Experiment-2/temp_validation/val-50-ollamaa/policy_5_iter_1.json,10,allow_b3521fa7,Allow,['sts:AssumeRoleWithWebIdentity'],arn:aws:iam::{account id}:role/{role name},deny_dccafd42,deny_dccafd42_combo_1,sts:TagSession,forbidden-arn:aws:iam::{account id}:role/{role name}-specific,arn:aws:iam::{account id}:oidc-provider/forbidden-gitlab.com,{'DateLessThan': {'aws:CurrentTime': '2025-12-31T23:59:59Z'}},deny,deny,unsat,True
policy_5_iter_1.json,,/home/bhall2/Documents/fixmypolicy/FL/Experiment-2/temp_validation/val-50-ollamaa/policy_5_iter_1.json,10,allow_b3521fa7,Allow,['sts:AssumeRoleWithWebIdentity'],arn:aws:iam::{account id}:role/{role name},deny_dccafd42,deny_dccafd42_combo_2,sts:AssumeRoleWithWebIdentity,forbidden-arn:aws:iam::{account id}:role/{role name}-specific,arn:aws:iam::{account id}:oidc-provider/forbidden-gitlab.com,{'DateLessThan': {'aws:CurrentTime': '2025-12-31T23:59:59Z'}},deny,deny,unsat,True
policy_5_iter_1.json,,/home/bhall2/Documents/fixmypolicy/FL/Experiment-2/temp_validation/val-50-ollamaa/policy_5_iter_1.json,10,allow_b3521fa7,Allow,['sts:AssumeRoleWithWebIdentity'],arn:aws:iam::{account id}:role/{role name},allow_b3521fa7,allow_b3521fa7_combo_1,sts:AssumeRoleWithWebIdentity,arn:aws:iam::{account id}:role/{role name},arn:aws:iam::{account id}:oidc-provider/gitlab.com,{'StringLike': {'gitlab.com:sub': 'project_path:{redacted}/*:ref_type:branch:ref:*'}},allow,allow,sat,True
policy_5_iter_1.json,,/home/bhall2/Documents/fixmypolicy/FL/Experiment-2/temp_validation/val-50-ollamaa/policy_5_iter_1.json,10,allow_b3521fa7,Allow,['sts:AssumeRoleWithWebIdentity'],arn:aws:iam::{account id}:role/{role name},deny_5cdc410d,deny_5cdc410d_combo_1,sts:AssumeRoleWithWebIdentity,arn:aws:iam::{account id}:role/{role name}-forbidden-resource,arn:aws:iam::999888777666:oidc-provider/gitlab.com,{'DateLessThan': {'aws:CurrentTime': '2025-12-31T23:59:59Z'}},deny,deny,unsat,True
policy_5_iter_1.json,,/home/bhall2/Documents/fixmypolicy/FL/Experiment-2/temp_validation/val-50-ollamaa/policy_5_iter_1.json,10,allow_b3521fa7,Allow,['sts:AssumeRoleWithWebIdentity'],arn:aws:iam::{account id}:role/{role name},allow_1a3aa330,allow_1a3aa330_combo_1,sts:TagSession,arn:aws:iam::{account id}:role/{role name},arn:aws:iam::{account id}:oidc-provider/gitlab.com,{'StringLike': {'gitlab.com:sub': 'project_path:{redacted}/*:ref_type:branch:ref:*'}},allow,deny,unsat,False
policy_5_iter_1.json,,/home/bhall2/Documents/fixmypolicy/FL/Experiment-2/temp_validation/val-50-ollamaa/policy_5_iter_1.json,10,allow_b3521fa7,Allow,['sts:AssumeRoleWithWebIdentity'],arn:aws:iam::{account id}:role/{role name},allow_1a3aa330,allow_1a3aa330_combo_2,sts:AssumeRoleWithWebIdentity,arn:aws:iam::{account id}:role/{role name},arn:aws:iam::{account id}:oidc-provider/gitlab.com,{'StringLike': {'gitlab.com:sub': 'project_path:{redacted}/*:ref_type:branch:ref:*'}},allow,allow,sat,True
policy_5_iter_1.json,,/home/bhall2/Documents/fixmypolicy/FL/Experiment-2/temp_validation/val-50-ollamaa/policy_5_iter_1.json,10,allow_b3521fa7,Allow,['sts:AssumeRoleWithWebIdentity'],arn:aws:iam::{account id}:role/{role name},deny_8dc7e4d8,deny_8dc7e4d8_combo_1,sts:TagSession,arn:aws:iam::{account id}:role/{role name}-forbidden-resource,arn:aws:iam::{account id}:oidc-provider/gitlab.com,{'StringLike': {'gitlab.com:sub': 'project_path:{redacted}/*:ref_type:branch:ref:*'}},deny,deny,unsat,True
policy_5_iter_1.json,,/home/bhall2/Documents/fixmypolicy/FL/Experiment-2/temp_validation/val-50-ollamaa/policy_5_iter_1.json,10,allow_b3521fa7,Allow,['sts:AssumeRoleWithWebIdentity'],arn:aws:iam::{account id}:role/{role name},allow_a3073d0d,allow_a3073d0d_combo_1,sts:TagSession,arn:aws:iam::{account id}:role/{role name},arn:aws:iam::{account id}:oidc-provider/gitlab.com,{'StringLike': {'gitlab.com:sub': 'project_path:{redacted}/*:ref_type:branch:ref:*'}},allow,deny,unsat,False
policy_5_iter_1.json,,/home/bhall2/Documents/fixmypolicy/FL/Experiment-2/temp_validation/val-50-ollamaa/policy_5_iter_1.json,10,allow_b3521fa7,Allow,['sts:AssumeRoleWithWebIdentity'],arn:aws:iam::{account id}:role/{role name},allow_a3073d0d,allow_a3073d0d_combo_2,sts:AssumeRoleWithWebIdentity,arn:aws:iam::{account id}:role/{role name},arn:aws:iam::{account id}:oidc-provider/gitlab.com,{'StringLike': {'gitlab.com:sub': 'project_path:{redacted}/*:ref_type:branch:ref:*'}},allow,allow,sat,True
policy_5_iter_1.json,,/home/bhall2/Documents/fixmypolicy/FL/Experiment-2/temp_validation/val-50-ollamaa/policy_5_iter_1.json,10,allow_b3521fa7,Allow,['sts:AssumeRoleWithWebIdentity'],arn:aws:iam::{account id}:role/{role name},allow_39a49474,allow_39a49474_combo_1,sts:AssumeRoleWithWebIdentity,arn:aws:iam::{account id}:role/{role name},arn:aws:iam::{account id}:oidc-provider/gitlab.com,{'StringLike': {'gitlab.com:sub': 'project_path:{redacted}/*:ref_type:branch:ref:*'}},allow,allow,sat,True
policy_5_iter_1.json,,/home/bhall2/Documents/fixmypolicy/FL/Experiment-2/temp_validation/val-50-ollamaa/policy_5_iter_1.json,10,allow_b3521fa7,Allow,['sts:AssumeRoleWithWebIdentity'],arn:aws:iam::{account id}:role/{role name},allow_39a49474,allow_39a49474_combo_2,sts:TagSession,arn:aws:iam::{account id}:role/{role name},arn:aws:iam::{account id}:oidc-provider/gitlab.com,{'StringLike': {'gitlab.com:sub': 'project_path:{redacted}/*:ref_type:branch:ref:*'}},allow,deny,unsat,False
policy_5_iter_1.json,,/home/bhall2/Documents/fixmypolicy/FL/Experiment-2/temp_validation/val-50-ollamaa/policy_5_iter_1.json,10,allow_b3521fa7,Allow,['sts:AssumeRoleWithWebIdentity'],arn:aws:iam::{account id}:role/{role name},deny_b2a7386a,deny_b2a7386a_combo_1,iam:DeleteUser,arn:aws:iam::{account id}:role/{role name},arn:aws:iam::999888777666:oidc-provider/gitlab.com,{'StringEquals': {'aws:RequestedRegion': 'us-west-2'}},deny,deny,unsat,True
policy_5_iter_1.json,,/home/bhall2/Documents/fixmypolicy/FL/Experiment-2/temp_validation/val-50-ollamaa/policy_5_iter_1.json,10,allow_b3521fa7,Allow,['sts:AssumeRoleWithWebIdentity'],arn:aws:iam::{account id}:role/{role name},deny_200cd3bf,deny_200cd3bf_combo_1,sts:AssumeRoleWithWebIdentity,arn:aws:iam::{account id}:role/{role name}-forbidden-resource,arn:aws:iam::123456789012:user/alice,{'StringEquals': {'aws:RequestedRegion': 'us-east-1'}},deny,deny,unsat,True
policy_5_iter_1.json,,/home/bhall2/Documents/fixmypolicy/FL/Experiment-2/temp_validation/val-50-ollamaa/policy_5_iter_1.json,10,allow_b3521fa7,Allow,['sts:AssumeRoleWithWebIdentity'],arn:aws:iam::{account id}:role/{role name},allow_9e959d67,allow_9e959d67_combo_1,sts:TagSession,arn:aws:iam::{account id}:role/{role name},arn:aws:iam::{account id}:oidc-provider/gitlab.com,{'StringLike': {'gitlab.com:sub': 'project_path:{redacted}/*:ref_type:branch:ref:*'}},allow,deny,unsat,False
policy_5_iter_1.json,,/home/bhall2/Documents/fixmypolicy/FL/Experiment-2/temp_validation/val-50-ollamaa/policy_5_iter_1.json,10,allow_b3521fa7,Allow,['sts:AssumeRoleWithWebIdentity'],arn:aws:iam::{account id}:role/{role name},allow_8b2a35e8,allow_8b2a35e8_combo_1,sts:TagSession,arn:aws:iam::{account id}:role/{role name},arn:aws:iam::123456789012:user/alice,{'StringEquals': {'aws:RequestedRegion': 'us-east-1'}},allow,deny,unsat,False
policy_5_iter_1.json,,/home/bhall2/Documents/fixmypolicy/FL/Experiment-2/temp_validation/val-50-ollamaa/policy_5_iter_1.json,10,allow_b3521fa7,Allow,['sts:AssumeRoleWithWebIdentity'],arn:aws:iam::{account id}:role/{role name},allow_a7f5ef81,allow_a7f5ef81_combo_1,sts:TagSession,arn:aws:iam::{account id}:role/{role name},arn:aws:iam::{account id}:oidc-provider/gitlab.com,{'StringLike': {'gitlab.com:sub': 'project_path:{redacted}/*:ref_type:branch:ref:*'}},allow,deny,unsat,False
policy_5_iter_1.json,,/home/bhall2/Documents/fixmypolicy/FL/Experiment-2/temp_validation/val-50-ollamaa/policy_5_iter_1.json,10,allow_b3521fa7,Allow,['sts:AssumeRoleWithWebIdentity'],arn:aws:iam::{account id}:role/{role name},deny_a61a5c77,deny_a61a5c77_combo_1,ec2:DescribeInstances,arn:aws:iam::{account id}:role/{role name},arn:aws:iam::{account id}:oidc-provider/forbidden-gitlab.com,{'IpAddress': {'aws:SourceIp': '203.0.113.0/24'}},deny,deny,unsat,True
policy_5_iter_1.json,,/home/bhall2/Documents/fixmypolicy/FL/Experiment-2/temp_validation/val-50-ollamaa/policy_5_iter_1.json,10,allow_b3521fa7,Allow,['sts:AssumeRoleWithWebIdentity'],arn:aws:iam::{account id}:role/{role name},allow_8fe72846,allow_8fe72846_combo_1,sts:AssumeRoleWithWebIdentity,arn:aws:iam::{account id}:role/{role name},arn:aws:iam::{account id}:oidc-provider/gitlab.com,{'StringLike': {'gitlab.com:sub': 'project_path:{redacted}/*:ref_type:branch:ref:*'}},allow,allow,sat,True
policy_5_iter_1.json,,/home/bhall2/Documents/fixmypolicy/FL/Experiment-2/temp_validation/val-50-ollamaa/policy_5_iter_1.json,10,allow_b3521fa7,Allow,['sts:AssumeRoleWithWebIdentity'],arn:aws:iam::{account id}:role/{role name},allow_8fe72846,allow_8fe72846_combo_2,sts:TagSession,arn:aws:iam::{account id}:role/{role name},arn:aws:iam::{account id}:oidc-provider/gitlab.com,{'StringLike': {'gitlab.com:sub': 'project_path:{redacted}/*:ref_type:branch:ref:*'}},allow,deny,unsat,False
policy_5_iter_1.json,,/home/bhall2/Documents/fixmypolicy/FL/Experiment-2/temp_validation/val-50-ollamaa/policy_5_iter_1.json,10,allow_b3521fa7,Allow,['sts:AssumeRoleWithWebIdentity'],arn:aws:iam::{account id}:role/{role name},allow_b9703ac8,allow_b9703ac8_combo_1,sts:AssumeRoleWithWebIdentity,arn:aws:iam::{account id}:role/{role name},arn:aws:iam::{account id}:oidc-provider/gitlab.com,{'StringLike': {'gitlab.com:sub': 'project_path:{redacted}/*:ref_type:branch:ref:*'}},allow,allow,sat,True
policy_5_iter_1.json,,/home/bhall2/Documents/fixmypolicy/FL/Experiment-2/temp_validation/val-50-ollamaa/policy_5_iter_1.json,10,allow_b3521fa7,Allow,['sts:AssumeRoleWithWebIdentity'],arn:aws:iam::{account id}:role/{role name},allow_b9703ac8,allow_b9703ac8_combo_2,sts:TagSession,arn:aws:iam::{account id}:role/{role name},arn:aws:iam::{account id}:oidc-provider/gitlab.com,{'StringLike': {'gitlab.com:sub': 'project_path:{redacted}/*:ref_type:branch:ref:*'}},allow,deny,unsat,False
policy_5_iter_1.json,,/home/bhall2/Documents/fixmypolicy/FL/Experiment-2/temp_validation/val-50-ollamaa/policy_5_iter_1.json,10,allow_b3521fa7,Allow,['sts:AssumeRoleWithWebIdentity'],arn:aws:iam::{account id}:role/{role name},deny_fda03fc6,deny_fda03fc6_combo_1,sts:AssumeRoleWithWebIdentity,arn:aws:iam::{account id}:role/{role name}-forbidden-resource,arn:aws:iam::{account id}:oidc-provider/gitlab.com,{'StringLike': {'gitlab.com:sub': 'project_path:{redacted}/*:ref_type:branch:ref:*'}},deny,deny,unsat,True
policy_5_iter_1.json,,/home/bhall2/Documents/fixmypolicy/FL/Experiment-2/temp_validation/val-50-ollamaa/policy_5_iter_1.json,10,allow_b3521fa7,Allow,['sts:AssumeRoleWithWebIdentity'],arn:aws:iam::{account id}:role/{role name},deny_fda03fc6,deny_fda03fc6_combo_2,sts:TagSession,arn:aws:iam::{account id}:role/{role name}-forbidden-resource,arn:aws:iam::{account id}:oidc-provider/gitlab.com,{'StringLike': {'gitlab.com:sub': 'project_path:{redacted}/*:ref_type:branch:ref:*'}},deny,deny,unsat,True
policy_5_iter_1.json,,/home/bhall2/Documents/fixmypolicy/FL/Experiment-2/temp_validation/val-50-ollamaa/policy_5_iter_1.json,11,allow_1a3aa330,Allow,"['sts:TagSession', 'sts:AssumeRoleWithWebIdentity']",arn:aws:iam::{account id}:role/{role name},allow_a8fd7ef6,allow_a8fd7ef6_combo_1,sts:AssumeRoleWithWebIdentity,arn:aws:iam::{account id}:role/{role name},arn:aws:iam::{account id}:oidc-provider/gitlab.com,{'StringLike': {'gitlab.com:sub': 'project_path:{redacted}/*:ref_type:branch:ref:*'}},allow,allow,sat,True
policy_5_iter_1.json,,/home/bhall2/Documents/fixmypolicy/FL/Experiment-2/temp_validation/val-50-ollamaa/policy_5_iter_1.json,11,allow_1a3aa330,Allow,"['sts:TagSession', 'sts:AssumeRoleWithWebIdentity']",arn:aws:iam::{account id}:role/{role name},allow_e641a090,allow_e641a090_combo_1,sts:AssumeRoleWithWebIdentity,arn:aws:iam::{account id}:role/{role name},arn:aws:iam::{account id}:oidc-provider/gitlab.com,{'StringLike': {'gitlab.com:sub': 'project_path:{redacted}/*:ref_type:branch:ref:*'}},allow,allow,sat,True
policy_5_iter_1.json,,/home/bhall2/Documents/fixmypolicy/FL/Experiment-2/temp_validation/val-50-ollamaa/policy_5_iter_1.json,11,allow_1a3aa330,Allow,"['sts:TagSession', 'sts:AssumeRoleWithWebIdentity']",arn:aws:iam::{account id}:role/{role name},deny_f13ef671,deny_f13ef671_combo_1,iam:CreateUser,arn:aws:iam::{account id}:role/{role name},arn:aws:iam::123456789012:user/alice,{'DateLessThan': {'aws:CurrentTime': '2025-12-31T23:59:59Z'}},deny,deny,unsat,True
policy_5_iter_1.json,,/home/bhall2/Documents/fixmypolicy/FL/Experiment-2/temp_validation/val-50-ollamaa/policy_5_iter_1.json,11,allow_1a3aa330,Allow,"['sts:TagSession', 'sts:AssumeRoleWithWebIdentity']",arn:aws:iam::{account id}:role/{role name},allow_d28acd92,allow_d28acd92_combo_1,sts:TagSession,arn:aws:iam::{account id}:role/{role name},arn:aws:iam::123456789012:user/alice,{'DateGreaterThan': {'aws:CurrentTime': '2024-01-01T00:00:00Z'}},allow,deny,unsat,False
policy_5_iter_1.json,,/home/bhall2/Documents/fixmypolicy/FL/Experiment-2/temp_validation/val-50-ollamaa/policy_5_iter_1.json,11,allow_1a3aa330,Allow,"['sts:TagSession', 'sts:AssumeRoleWithWebIdentity']",arn:aws:iam::{account id}:role/{role name},allow_d28acd92,allow_d28acd92_combo_2,sts:AssumeRoleWithWebIdentity,arn:aws:iam::{account id}:role/{role name},arn:aws:iam::123456789012:user/alice,{'DateGreaterThan': {'aws:CurrentTime': '2024-01-01T00:00:00Z'}},allow,deny,unsat,False
policy_5_iter_1.json,,/home/bhall2/Documents/fixmypolicy/FL/Experiment-2/temp_validation/val-50-ollamaa/policy_5_iter_1.json,11,allow_1a3aa330,Allow,"['sts:TagSession', 'sts:AssumeRoleWithWebIdentity']",arn:aws:iam::{account id}:role/{role name},allow_ad67e7d3,allow_ad67e7d3_combo_1,sts:TagSession,arn:aws:iam::{account id}:role/{role name},arn:aws:iam::{account id}:oidc-provider/gitlab.com,{'StringLike': {'gitlab.com:sub': 'project_path:{redacted}/ref_type:branch:ref'}},allow,allow,sat,True
policy_5_iter_1.json,,/home/bhall2/Documents/fixmypolicy/FL/Experiment-2/temp_validation/val-50-ollamaa/policy_5_iter_1.json,11,allow_1a3aa330,Allow,"['sts:TagSession', 'sts:AssumeRoleWithWebIdentity']",arn:aws:iam::{account id}:role/{role name},allow_ad67e7d3,allow_ad67e7d3_combo_2,sts:AssumeRoleWithWebIdentity,arn:aws:iam::{account id}:role/{role name},arn:aws:iam::{account id}:oidc-provider/gitlab.com,{'StringLike': {'gitlab.com:sub': 'project_path:{redacted}/ref_type:branch:ref'}},allow,allow,sat,True
policy_5_iter_1.json,,/home/bhall2/Documents/fixmypolicy/FL/Experiment-2/temp_validation/val-50-ollamaa/policy_5_iter_1.json,11,allow_1a3aa330,Allow,"['sts:TagSession', 'sts:AssumeRoleWithWebIdentity']",arn:aws:iam::{account id}:role/{role name},deny_51d9c228,deny_51d9c228_combo_1,ec2:RunInstances,arn:aws:iam::{account id}:role/{role name},arn:aws:iam::123456789012:user/alice,{'DateLessThan': {'aws:CurrentTime': '2025-12-31T23:59:59Z'}},deny,deny,unsat,True
policy_5_iter_1.json,,/home/bhall2/Documents/fixmypolicy/FL/Experiment-2/temp_validation/val-50-ollamaa/policy_5_iter_1.json,11,allow_1a3aa330,Allow,"['sts:TagSession', 'sts:AssumeRoleWithWebIdentity']",arn:aws:iam::{account id}:role/{role name},deny_c81babfb,deny_c81babfb_combo_1,sts:TagSession,forbidden-arn:aws:iam::{account id}:role/{role name}-specific,arn:aws:iam::{account id}:oidc-provider/forbidden-gitlab.com,{'IpAddress': {'aws:SourceIp': '203.0.113.0/24'}},deny,deny,unsat,True
policy_5_iter_1.json,,/home/bhall2/Documents/fixmypolicy/FL/Experiment-2/temp_validation/val-50-ollamaa/policy_5_iter_1.json,11,allow_1a3aa330,Allow,"['sts:TagSession', 'sts:AssumeRoleWithWebIdentity']",arn:aws:iam::{account id}:role/{role name},deny_c81babfb,deny_c81babfb_combo_2,sts:AssumeRoleWithWebIdentity,forbidden-arn:aws:iam::{account id}:role/{role name}-specific,arn:aws:iam::{account id}:oidc-provider/forbidden-gitlab.com,{'IpAddress': {'aws:SourceIp': '203.0.113.0/24'}},deny,deny,unsat,True
policy_5_iter_1.json,,/home/bhall2/Documents/fixmypolicy/FL/Experiment-2/temp_validation/val-50-ollamaa/policy_5_iter_1.json,11,allow_1a3aa330,Allow,"['sts:TagSession', 'sts:AssumeRoleWithWebIdentity']",arn:aws:iam::{account id}:role/{role name},deny_d9e1c623,deny_d9e1c623_combo_1,sts:AssumeRoleWithWebIdentity,arn:aws:iam::{account id}:role/{role name}-forbidden-resource,arn:aws:iam::999888777666:oidc-provider/gitlab.com,{'StringEquals': {'aws:RequestedRegion': 'us-east-1'}},deny,deny,unsat,True
policy_5_iter_1.json,,/home/bhall2/Documents/fixmypolicy/FL/Experiment-2/temp_validation/val-50-ollamaa/policy_5_iter_1.json,11,allow_1a3aa330,Allow,"['sts:TagSession', 'sts:AssumeRoleWithWebIdentity']",arn:aws:iam::{account id}:role/{role name},deny_eae39e7d,deny_eae39e7d_combo_1,lambda:CreateFunction,arn:aws:iam::{account id}:role/{role name},arn:aws:iam::{account id}:oidc-provider/forbidden-gitlab.com,{'DateLessThan': {'aws:CurrentTime': '2025-12-31T23:59:59Z'}},deny,deny,unsat,True
policy_5_iter_1.json,,/home/bhall2/Documents/fixmypolicy/FL/Experiment-2/temp_validation/val-50-ollamaa/policy_5_iter_1.json,11,allow_1a3aa330,Allow,"['sts:TagSession', 'sts:AssumeRoleWithWebIdentity']",arn:aws:iam::{account id}:role/{role name},allow_277adc8e,allow_277adc8e_combo_1,sts:TagSession,arn:aws:iam::{account id}:role/{role name},arn:aws:iam::{account id}:oidc-provider/gitlab.com,{'StringLike': {'gitlab.com:sub': 'project_path:{redacted}/ref_type:branch:ref'}},allow,allow,sat,True
policy_5_iter_1.json,,/home/bhall2/Documents/fixmypolicy/FL/Experiment-2/temp_validation/val-50-ollamaa/policy_5_iter_1.json,11,allow_1a3aa330,Allow,"['sts:TagSession', 'sts:AssumeRoleWithWebIdentity']",arn:aws:iam::{account id}:role/{role name},allow_277adc8e,allow_277adc8e_combo_2,sts:AssumeRoleWithWebIdentity,arn:aws:iam::{account id}:role/{role name},arn:aws:iam::{account id}:oidc-provider/gitlab.com,{'StringLike': {'gitlab.com:sub': 'project_path:{redacted}/ref_type:branch:ref'}},allow,allow,sat,True
policy_5_iter_1.json,,/home/bhall2/Documents/fixmypolicy/FL/Experiment-2/temp_validation/val-50-ollamaa/policy_5_iter_1.json,11,allow_1a3aa330,Allow,"['sts:TagSession', 'sts:AssumeRoleWithWebIdentity']",arn:aws:iam::{account id}:role/{role name},deny_2efa2500,deny_2efa2500_combo_1,sts:TagSession,arn:aws:iam::{account id}:role/{role name}-forbidden-resource,arn:aws:iam::{account id}:oidc-provider/gitlab.com,{'StringLike': {'gitlab.com:sub': 'project_path:{redacted}/*:ref_type:branch:ref:*'}},deny,deny,unsat,True
policy_5_iter_1.json,,/home/bhall2/Documents/fixmypolicy/FL/Experiment-2/temp_validation/val-50-ollamaa/policy_5_iter_1.json,11,allow_1a3aa330,Allow,"['sts:TagSession', 'sts:AssumeRoleWithWebIdentity']",arn:aws:iam::{account id}:role/{role name},deny_2efa2500,deny_2efa2500_combo_2,sts:AssumeRoleWithWebIdentity,arn:aws:iam::{account id}:role/{role name}-forbidden-resource,arn:aws:iam::{account id}:oidc-provider/gitlab.com,{'StringLike': {'gitlab.com:sub': 'project_path:{redacted}/*:ref_type:branch:ref:*'}},deny,deny,unsat,True
policy_5_iter_1.json,,/home/bhall2/Documents/fixmypolicy/FL/Experiment-2/temp_validation/val-50-ollamaa/policy_5_iter_1.json,11,allow_1a3aa330,Allow,"['sts:TagSession', 'sts:AssumeRoleWithWebIdentity']",arn:aws:iam::{account id}:role/{role name},allow_4b2e6812,allow_4b2e6812_combo_1,sts:TagSession,arn:aws:iam::{account id}:role/{role name},arn:aws:iam::999888777666:oidc-provider/gitlab.com,{'StringEquals': {'aws:RequestedRegion': 'us-west-2'}},allow,deny,unsat,False
policy_5_iter_1.json,,/home/bhall2/Documents/fixmypolicy/FL/Experiment-2/temp_validation/val-50-ollamaa/policy_5_iter_1.json,11,allow_1a3aa330,Allow,"['sts:TagSession', 'sts:AssumeRoleWithWebIdentity']",arn:aws:iam::{account id}:role/{role name},allow_4b2e6812,allow_4b2e6812_combo_2,sts:AssumeRoleWithWebIdentity,arn:aws:iam::{account id}:role/{role name},arn:aws:iam::999888777666:oidc-provider/gitlab.com,{'StringEquals': {'aws:RequestedRegion': 'us-west-2'}},allow,deny,unsat,False
policy_5_iter_1.json,,/home/bhall2/Documents/fixmypolicy/FL/Experiment-2/temp_validation/val-50-ollamaa/policy_5_iter_1.json,11,allow_1a3aa330,Allow,"['sts:TagSession', 'sts:AssumeRoleWithWebIdentity']",arn:aws:iam::{account id}:role/{role name},deny_2ccddee4,deny_2ccddee4_combo_1,iam:DeleteUser,arn:aws:iam::{account id}:role/{role name},arn:aws:iam::999888777666:oidc-provider/gitlab.com,{'DateLessThan': {'aws:CurrentTime': '2025-12-31T23:59:59Z'}},deny,deny,unsat,True
policy_5_iter_1.json,,/home/bhall2/Documents/fixmypolicy/FL/Experiment-2/temp_validation/val-50-ollamaa/policy_5_iter_1.json,11,allow_1a3aa330,Allow,"['sts:TagSession', 'sts:AssumeRoleWithWebIdentity']",arn:aws:iam::{account id}:role/{role name},allow_8d6aad9f,allow_8d6aad9f_combo_1,sts:TagSession,arn:aws:iam::{account id}:role/{role name},arn:aws:iam::{account id}:oidc-provider/gitlab.com,{'StringLike': {'gitlab.com:sub': 'project_path:{redacted}/*:ref_type:branch:ref:*'}},allow,allow,sat,True
policy_5_iter_1.json,,/home/bhall2/Documents/fixmypolicy/FL/Experiment-2/temp_validation/val-50-ollamaa/policy_5_iter_1.json,11,allow_1a3aa330,Allow,"['sts:TagSession', 'sts:AssumeRoleWithWebIdentity']",arn:aws:iam::{account id}:role/{role name},allow_8d6aad9f,allow_8d6aad9f_combo_2,sts:AssumeRoleWithWebIdentity,arn:aws:iam::{account id}:role/{role name},arn:aws:iam::{account id}:oidc-provider/gitlab.com,{'StringLike': {'gitlab.com:sub': 'project_path:{redacted}/*:ref_type:branch:ref:*'}},allow,allow,sat,True
policy_5_iter_1.json,,/home/bhall2/Documents/fixmypolicy/FL/Experiment-2/temp_validation/val-50-ollamaa/policy_5_iter_1.json,11,allow_1a3aa330,Allow,"['sts:TagSession', 'sts:AssumeRoleWithWebIdentity']",arn:aws:iam::{account id}:role/{role name},allow_46828ad7,allow_46828ad7_combo_1,sts:AssumeRoleWithWebIdentity,arn:aws:iam::{account id}:role/{role name},arn:aws:iam::123456789012:user/alice,{'DateGreaterThan': {'aws:CurrentTime': '2024-01-01T00:00:00Z'}},allow,deny,unsat,False
policy_5_iter_1.json,,/home/bhall2/Documents/fixmypolicy/FL/Experiment-2/temp_validation/val-50-ollamaa/policy_5_iter_1.json,11,allow_1a3aa330,Allow,"['sts:TagSession', 'sts:AssumeRoleWithWebIdentity']",arn:aws:iam::{account id}:role/{role name},allow_46828ad7,allow_46828ad7_combo_2,sts:TagSession,arn:aws:iam::{account id}:role/{role name},arn:aws:iam::123456789012:user/alice,{'DateGreaterThan': {'aws:CurrentTime': '2024-01-01T00:00:00Z'}},allow,deny,unsat,False
policy_5_iter_1.json,,/home/bhall2/Documents/fixmypolicy/FL/Experiment-2/temp_validation/val-50-ollamaa/policy_5_iter_1.json,11,allow_1a3aa330,Allow,"['sts:TagSession', 'sts:AssumeRoleWithWebIdentity']",arn:aws:iam::{account id}:role/{role name},deny_284a8d13,deny_284a8d13_combo_1,lambda:CreateFunction,arn:aws:iam::{account id}:role/{role name},arn:aws:iam::123456789012:user/alice,{'DateLessThan': {'aws:CurrentTime': '2025-12-31T23:59:59Z'}},deny,deny,unsat,True
policy_5_iter_1.json,,/home/bhall2/Documents/fixmypolicy/FL/Experiment-2/temp_validation/val-50-ollamaa/policy_5_iter_1.json,11,allow_1a3aa330,Allow,"['sts:TagSession', 'sts:AssumeRoleWithWebIdentity']",arn:aws:iam::{account id}:role/{role name},allow_d296b21a,allow_d296b21a_combo_1,sts:TagSession,arn:aws:iam::{account id}:role/{role name},arn:aws:iam::999888777666:oidc-provider/gitlab.com,{'StringEquals': {'aws:RequestedRegion': 'us-east-1'}},allow,deny,unsat,False
policy_5_iter_1.json,,/home/bhall2/Documents/fixmypolicy/FL/Experiment-2/temp_validation/val-50-ollamaa/policy_5_iter_1.json,11,allow_1a3aa330,Allow,"['sts:TagSession', 'sts:AssumeRoleWithWebIdentity']",arn:aws:iam::{account id}:role/{role name},allow_d296b21a,allow_d296b21a_combo_2,sts:AssumeRoleWithWebIdentity,arn:aws:iam::{account id}:role/{role name},arn:aws:iam::999888777666:oidc-provider/gitlab.com,{'StringEquals': {'aws:RequestedRegion': 'us-east-1'}},allow,deny,unsat,False
policy_5_iter_1.json,,/home/bhall2/Documents/fixmypolicy/FL/Experiment-2/temp_validation/val-50-ollamaa/policy_5_iter_1.json,11,allow_1a3aa330,Allow,"['sts:TagSession', 'sts:AssumeRoleWithWebIdentity']",arn:aws:iam::{account id}:role/{role name},deny_0f38f412,deny_0f38f412_combo_1,ec2:RunInstances,arn:aws:iam::{account id}:role/{role name},arn:aws:iam::123456789012:user/alice,{'IpAddress': {'aws:SourceIp': '203.0.113.0/24'}},deny,deny,unsat,True
policy_5_iter_1.json,,/home/bhall2/Documents/fixmypolicy/FL/Experiment-2/temp_validation/val-50-ollamaa/policy_5_iter_1.json,11,allow_1a3aa330,Allow,"['sts:TagSession', 'sts:AssumeRoleWithWebIdentity']",arn:aws:iam::{account id}:role/{role name},deny_dccafd42,deny_dccafd42_combo_1,sts:TagSession,forbidden-arn:aws:iam::{account id}:role/{role name}-specific,arn:aws:iam::{account id}:oidc-provider/forbidden-gitlab.com,{'DateLessThan': {'aws:CurrentTime': '2025-12-31T23:59:59Z'}},deny,deny,unsat,True
policy_5_iter_1.json,,/home/bhall2/Documents/fixmypolicy/FL/Experiment-2/temp_validation/val-50-ollamaa/policy_5_iter_1.json,11,allow_1a3aa330,Allow,"['sts:TagSession', 'sts:AssumeRoleWithWebIdentity']",arn:aws:iam::{account id}:role/{role name},deny_dccafd42,deny_dccafd42_combo_2,sts:AssumeRoleWithWebIdentity,forbidden-arn:aws:iam::{account id}:role/{role name}-specific,arn:aws:iam::{account id}:oidc-provider/forbidden-gitlab.com,{'DateLessThan': {'aws:CurrentTime': '2025-12-31T23:59:59Z'}},deny,deny,unsat,True
policy_5_iter_1.json,,/home/bhall2/Documents/fixmypolicy/FL/Experiment-2/temp_validation/val-50-ollamaa/policy_5_iter_1.json,11,allow_1a3aa330,Allow,"['sts:TagSession', 'sts:AssumeRoleWithWebIdentity']",arn:aws:iam::{account id}:role/{role name},allow_b3521fa7,allow_b3521fa7_combo_1,sts:AssumeRoleWithWebIdentity,arn:aws:iam::{account id}:role/{role name},arn:aws:iam::{account id}:oidc-provider/gitlab.com,{'StringLike': {'gitlab.com:sub': 'project_path:{redacted}/*:ref_type:branch:ref:*'}},allow,allow,sat,True
policy_5_iter_1.json,,/home/bhall2/Documents/fixmypolicy/FL/Experiment-2/temp_validation/val-50-ollamaa/policy_5_iter_1.json,11,allow_1a3aa330,Allow,"['sts:TagSession', 'sts:AssumeRoleWithWebIdentity']",arn:aws:iam::{account id}:role/{role name},deny_5cdc410d,deny_5cdc410d_combo_1,sts:AssumeRoleWithWebIdentity,arn:aws:iam::{account id}:role/{role name}-forbidden-resource,arn:aws:iam::999888777666:oidc-provider/gitlab.com,{'DateLessThan': {'aws:CurrentTime': '2025-12-31T23:59:59Z'}},deny,deny,unsat,True
policy_5_iter_1.json,,/home/bhall2/Documents/fixmypolicy/FL/Experiment-2/temp_validation/val-50-ollamaa/policy_5_iter_1.json,11,allow_1a3aa330,Allow,"['sts:TagSession', 'sts:AssumeRoleWithWebIdentity']",arn:aws:iam::{account id}:role/{role name},allow_1a3aa330,allow_1a3aa330_combo_1,sts:TagSession,arn:aws:iam::{account id}:role/{role name},arn:aws:iam::{account id}:oidc-provider/gitlab.com,{'StringLike': {'gitlab.com:sub': 'project_path:{redacted}/*:ref_type:branch:ref:*'}},allow,allow,sat,True
policy_5_iter_1.json,,/home/bhall2/Documents/fixmypolicy/FL/Experiment-2/temp_validation/val-50-ollamaa/policy_5_iter_1.json,11,allow_1a3aa330,Allow,"['sts:TagSession', 'sts:AssumeRoleWithWebIdentity']",arn:aws:iam::{account id}:role/{role name},allow_1a3aa330,allow_1a3aa330_combo_2,sts:AssumeRoleWithWebIdentity,arn:aws:iam::{account id}:role/{role name},arn:aws:iam::{account id}:oidc-provider/gitlab.com,{'StringLike': {'gitlab.com:sub': 'project_path:{redacted}/*:ref_type:branch:ref:*'}},allow,allow,sat,True
policy_5_iter_1.json,,/home/bhall2/Documents/fixmypolicy/FL/Experiment-2/temp_validation/val-50-ollamaa/policy_5_iter_1.json,11,allow_1a3aa330,Allow,"['sts:TagSession', 'sts:AssumeRoleWithWebIdentity']",arn:aws:iam::{account id}:role/{role name},deny_8dc7e4d8,deny_8dc7e4d8_combo_1,sts:TagSession,arn:aws:iam::{account id}:role/{role name}-forbidden-resource,arn:aws:iam::{account id}:oidc-provider/gitlab.com,{'StringLike': {'gitlab.com:sub': 'project_path:{redacted}/*:ref_type:branch:ref:*'}},deny,deny,unsat,True
policy_5_iter_1.json,,/home/bhall2/Documents/fixmypolicy/FL/Experiment-2/temp_validation/val-50-ollamaa/policy_5_iter_1.json,11,allow_1a3aa330,Allow,"['sts:TagSession', 'sts:AssumeRoleWithWebIdentity']",arn:aws:iam::{account id}:role/{role name},allow_a3073d0d,allow_a3073d0d_combo_1,sts:TagSession,arn:aws:iam::{account id}:role/{role name},arn:aws:iam::{account id}:oidc-provider/gitlab.com,{'StringLike': {'gitlab.com:sub': 'project_path:{redacted}/*:ref_type:branch:ref:*'}},allow,allow,sat,True
policy_5_iter_1.json,,/home/bhall2/Documents/fixmypolicy/FL/Experiment-2/temp_validation/val-50-ollamaa/policy_5_iter_1.json,11,allow_1a3aa330,Allow,"['sts:TagSession', 'sts:AssumeRoleWithWebIdentity']",arn:aws:iam::{account id}:role/{role name},allow_a3073d0d,allow_a3073d0d_combo_2,sts:AssumeRoleWithWebIdentity,arn:aws:iam::{account id}:role/{role name},arn:aws:iam::{account id}:oidc-provider/gitlab.com,{'StringLike': {'gitlab.com:sub': 'project_path:{redacted}/*:ref_type:branch:ref:*'}},allow,allow,sat,True
policy_5_iter_1.json,,/home/bhall2/Documents/fixmypolicy/FL/Experiment-2/temp_validation/val-50-ollamaa/policy_5_iter_1.json,11,allow_1a3aa330,Allow,"['sts:TagSession', 'sts:AssumeRoleWithWebIdentity']",arn:aws:iam::{account id}:role/{role name},allow_39a49474,allow_39a49474_combo_1,sts:AssumeRoleWithWebIdentity,arn:aws:iam::{account id}:role/{role name},arn:aws:iam::{account id}:oidc-provider/gitlab.com,{'StringLike': {'gitlab.com:sub': 'project_path:{redacted}/*:ref_type:branch:ref:*'}},allow,allow,sat,True
policy_5_iter_1.json,,/home/bhall2/Documents/fixmypolicy/FL/Experiment-2/temp_validation/val-50-ollamaa/policy_5_iter_1.json,11,allow_1a3aa330,Allow,"['sts:TagSession', 'sts:AssumeRoleWithWebIdentity']",arn:aws:iam::{account id}:role/{role name},allow_39a49474,allow_39a49474_combo_2,sts:TagSession,arn:aws:iam::{account id}:role/{role name},arn:aws:iam::{account id}:oidc-provider/gitlab.com,{'StringLike': {'gitlab.com:sub': 'project_path:{redacted}/*:ref_type:branch:ref:*'}},allow,allow,sat,True
policy_5_iter_1.json,,/home/bhall2/Documents/fixmypolicy/FL/Experiment-2/temp_validation/val-50-ollamaa/policy_5_iter_1.json,11,allow_1a3aa330,Allow,"['sts:TagSession', 'sts:AssumeRoleWithWebIdentity']",arn:aws:iam::{account id}:role/{role name},deny_b2a7386a,deny_b2a7386a_combo_1,iam:DeleteUser,arn:aws:iam::{account id}:role/{role name},arn:aws:iam::999888777666:oidc-provider/gitlab.com,{'StringEquals': {'aws:RequestedRegion': 'us-west-2'}},deny,deny,unsat,True
policy_5_iter_1.json,,/home/bhall2/Documents/fixmypolicy/FL/Experiment-2/temp_validation/val-50-ollamaa/policy_5_iter_1.json,11,allow_1a3aa330,Allow,"['sts:TagSession', 'sts:AssumeRoleWithWebIdentity']",arn:aws:iam::{account id}:role/{role name},deny_200cd3bf,deny_200cd3bf_combo_1,sts:AssumeRoleWithWebIdentity,arn:aws:iam::{account id}:role/{role name}-forbidden-resource,arn:aws:iam::123456789012:user/alice,{'StringEquals': {'aws:RequestedRegion': 'us-east-1'}},deny,deny,unsat,True
policy_5_iter_1.json,,/home/bhall2/Documents/fixmypolicy/FL/Experiment-2/temp_validation/val-50-ollamaa/policy_5_iter_1.json,11,allow_1a3aa330,Allow,"['sts:TagSession', 'sts:AssumeRoleWithWebIdentity']",arn:aws:iam::{account id}:role/{role name},allow_9e959d67,allow_9e959d67_combo_1,sts:TagSession,arn:aws:iam::{account id}:role/{role name},arn:aws:iam::{account id}:oidc-provider/gitlab.com,{'StringLike': {'gitlab.com:sub': 'project_path:{redacted}/*:ref_type:branch:ref:*'}},allow,allow,sat,True
policy_5_iter_1.json,,/home/bhall2/Documents/fixmypolicy/FL/Experiment-2/temp_validation/val-50-ollamaa/policy_5_iter_1.json,11,allow_1a3aa330,Allow,"['sts:TagSession', 'sts:AssumeRoleWithWebIdentity']",arn:aws:iam::{account id}:role/{role name},allow_8b2a35e8,allow_8b2a35e8_combo_1,sts:TagSession,arn:aws:iam::{account id}:role/{role name},arn:aws:iam::123456789012:user/alice,{'StringEquals': {'aws:RequestedRegion': 'us-east-1'}},allow,deny,unsat,False
policy_5_iter_1.json,,/home/bhall2/Documents/fixmypolicy/FL/Experiment-2/temp_validation/val-50-ollamaa/policy_5_iter_1.json,11,allow_1a3aa330,Allow,"['sts:TagSession', 'sts:AssumeRoleWithWebIdentity']",arn:aws:iam::{account id}:role/{role name},allow_a7f5ef81,allow_a7f5ef81_combo_1,sts:TagSession,arn:aws:iam::{account id}:role/{role name},arn:aws:iam::{account id}:oidc-provider/gitlab.com,{'StringLike': {'gitlab.com:sub': 'project_path:{redacted}/*:ref_type:branch:ref:*'}},allow,allow,sat,True
policy_5_iter_1.json,,/home/bhall2/Documents/fixmypolicy/FL/Experiment-2/temp_validation/val-50-ollamaa/policy_5_iter_1.json,11,allow_1a3aa330,Allow,"['sts:TagSession', 'sts:AssumeRoleWithWebIdentity']",arn:aws:iam::{account id}:role/{role name},deny_a61a5c77,deny_a61a5c77_combo_1,ec2:DescribeInstances,arn:aws:iam::{account id}:role/{role name},arn:aws:iam::{account id}:oidc-provider/forbidden-gitlab.com,{'IpAddress': {'aws:SourceIp': '203.0.113.0/24'}},deny,deny,unsat,True
policy_5_iter_1.json,,/home/bhall2/Documents/fixmypolicy/FL/Experiment-2/temp_validation/val-50-ollamaa/policy_5_iter_1.json,11,allow_1a3aa330,Allow,"['sts:TagSession', 'sts:AssumeRoleWithWebIdentity']",arn:aws:iam::{account id}:role/{role name},allow_8fe72846,allow_8fe72846_combo_1,sts:AssumeRoleWithWebIdentity,arn:aws:iam::{account id}:role/{role name},arn:aws:iam::{account id}:oidc-provider/gitlab.com,{'StringLike': {'gitlab.com:sub': 'project_path:{redacted}/*:ref_type:branch:ref:*'}},allow,allow,sat,True
policy_5_iter_1.json,,/home/bhall2/Documents/fixmypolicy/FL/Experiment-2/temp_validation/val-50-ollamaa/policy_5_iter_1.json,11,allow_1a3aa330,Allow,"['sts:TagSession', 'sts:AssumeRoleWithWebIdentity']",arn:aws:iam::{account id}:role/{role name},allow_8fe72846,allow_8fe72846_combo_2,sts:TagSession,arn:aws:iam::{account id}:role/{role name},arn:aws:iam::{account id}:oidc-provider/gitlab.com,{'StringLike': {'gitlab.com:sub': 'project_path:{redacted}/*:ref_type:branch:ref:*'}},allow,allow,sat,True
policy_5_iter_1.json,,/home/bhall2/Documents/fixmypolicy/FL/Experiment-2/temp_validation/val-50-ollamaa/policy_5_iter_1.json,11,allow_1a3aa330,Allow,"['sts:TagSession', 'sts:AssumeRoleWithWebIdentity']",arn:aws:iam::{account id}:role/{role name},allow_b9703ac8,allow_b9703ac8_combo_1,sts:AssumeRoleWithWebIdentity,arn:aws:iam::{account id}:role/{role name},arn:aws:iam::{account id}:oidc-provider/gitlab.com,{'StringLike': {'gitlab.com:sub': 'project_path:{redacted}/*:ref_type:branch:ref:*'}},allow,allow,sat,True
policy_5_iter_1.json,,/home/bhall2/Documents/fixmypolicy/FL/Experiment-2/temp_validation/val-50-ollamaa/policy_5_iter_1.json,11,allow_1a3aa330,Allow,"['sts:TagSession', 'sts:AssumeRoleWithWebIdentity']",arn:aws:iam::{account id}:role/{role name},allow_b9703ac8,allow_b9703ac8_combo_2,sts:TagSession,arn:aws:iam::{account id}:role/{role name},arn:aws:iam::{account id}:oidc-provider/gitlab.com,{'StringLike': {'gitlab.com:sub': 'project_path:{redacted}/*:ref_type:branch:ref:*'}},allow,allow,sat,True
policy_5_iter_1.json,,/home/bhall2/Documents/fixmypolicy/FL/Experiment-2/temp_validation/val-50-ollamaa/policy_5_iter_1.json,11,allow_1a3aa330,Allow,"['sts:TagSession', 'sts:AssumeRoleWithWebIdentity']",arn:aws:iam::{account id}:role/{role name},deny_fda03fc6,deny_fda03fc6_combo_1,sts:AssumeRoleWithWebIdentity,arn:aws:iam::{account id}:role/{role name}-forbidden-resource,arn:aws:iam::{account id}:oidc-provider/gitlab.com,{'StringLike': {'gitlab.com:sub': 'project_path:{redacted}/*:ref_type:branch:ref:*'}},deny,deny,unsat,True
policy_5_iter_1.json,,/home/bhall2/Documents/fixmypolicy/FL/Experiment-2/temp_validation/val-50-ollamaa/policy_5_iter_1.json,11,allow_1a3aa330,Allow,"['sts:TagSession', 'sts:AssumeRoleWithWebIdentity']",arn:aws:iam::{account id}:role/{role name},deny_fda03fc6,deny_fda03fc6_combo_2,sts:TagSession,arn:aws:iam::{account id}:role/{role name}-forbidden-resource,arn:aws:iam::{account id}:oidc-provider/gitlab.com,{'StringLike': {'gitlab.com:sub': 'project_path:{redacted}/*:ref_type:branch:ref:*'}},deny,deny,unsat,True
policy_5_iter_1.json,,/home/bhall2/Documents/fixmypolicy/FL/Experiment-2/temp_validation/val-50-ollamaa/policy_5_iter_1.json,12,allow_a3073d0d,Allow,"['sts:TagSession', 'sts:AssumeRoleWithWebIdentity']",arn:aws:iam::{account id}:role/{role name},allow_a8fd7ef6,allow_a8fd7ef6_combo_1,sts:AssumeRoleWithWebIdentity,arn:aws:iam::{account id}:role/{role name},arn:aws:iam::{account id}:oidc-provider/gitlab.com,{'StringLike': {'gitlab.com:sub': 'project_path:{redacted}/*:ref_type:branch:ref:*'}},allow,allow,sat,True
policy_5_iter_1.json,,/home/bhall2/Documents/fixmypolicy/FL/Experiment-2/temp_validation/val-50-ollamaa/policy_5_iter_1.json,12,allow_a3073d0d,Allow,"['sts:TagSession', 'sts:AssumeRoleWithWebIdentity']",arn:aws:iam::{account id}:role/{role name},allow_e641a090,allow_e641a090_combo_1,sts:AssumeRoleWithWebIdentity,arn:aws:iam::{account id}:role/{role name},arn:aws:iam::{account id}:oidc-provider/gitlab.com,{'StringLike': {'gitlab.com:sub': 'project_path:{redacted}/*:ref_type:branch:ref:*'}},allow,allow,sat,True
policy_5_iter_1.json,,/home/bhall2/Documents/fixmypolicy/FL/Experiment-2/temp_validation/val-50-ollamaa/policy_5_iter_1.json,12,allow_a3073d0d,Allow,"['sts:TagSession', 'sts:AssumeRoleWithWebIdentity']",arn:aws:iam::{account id}:role/{role name},deny_f13ef671,deny_f13ef671_combo_1,iam:CreateUser,arn:aws:iam::{account id}:role/{role name},arn:aws:iam::123456789012:user/alice,{'DateLessThan': {'aws:CurrentTime': '2025-12-31T23:59:59Z'}},deny,deny,unsat,True
policy_5_iter_1.json,,/home/bhall2/Documents/fixmypolicy/FL/Experiment-2/temp_validation/val-50-ollamaa/policy_5_iter_1.json,12,allow_a3073d0d,Allow,"['sts:TagSession', 'sts:AssumeRoleWithWebIdentity']",arn:aws:iam::{account id}:role/{role name},allow_d28acd92,allow_d28acd92_combo_1,sts:TagSession,arn:aws:iam::{account id}:role/{role name},arn:aws:iam::123456789012:user/alice,{'DateGreaterThan': {'aws:CurrentTime': '2024-01-01T00:00:00Z'}},allow,deny,unsat,False
policy_5_iter_1.json,,/home/bhall2/Documents/fixmypolicy/FL/Experiment-2/temp_validation/val-50-ollamaa/policy_5_iter_1.json,12,allow_a3073d0d,Allow,"['sts:TagSession', 'sts:AssumeRoleWithWebIdentity']",arn:aws:iam::{account id}:role/{role name},allow_d28acd92,allow_d28acd92_combo_2,sts:AssumeRoleWithWebIdentity,arn:aws:iam::{account id}:role/{role name},arn:aws:iam::123456789012:user/alice,{'DateGreaterThan': {'aws:CurrentTime': '2024-01-01T00:00:00Z'}},allow,deny,unsat,False
policy_5_iter_1.json,,/home/bhall2/Documents/fixmypolicy/FL/Experiment-2/temp_validation/val-50-ollamaa/policy_5_iter_1.json,12,allow_a3073d0d,Allow,"['sts:TagSession', 'sts:AssumeRoleWithWebIdentity']",arn:aws:iam::{account id}:role/{role name},allow_ad67e7d3,allow_ad67e7d3_combo_1,sts:TagSession,arn:aws:iam::{account id}:role/{role name},arn:aws:iam::{account id}:oidc-provider/gitlab.com,{'StringLike': {'gitlab.com:sub': 'project_path:{redacted}/ref_type:branch:ref'}},allow,allow,sat,True
policy_5_iter_1.json,,/home/bhall2/Documents/fixmypolicy/FL/Experiment-2/temp_validation/val-50-ollamaa/policy_5_iter_1.json,12,allow_a3073d0d,Allow,"['sts:TagSession', 'sts:AssumeRoleWithWebIdentity']",arn:aws:iam::{account id}:role/{role name},allow_ad67e7d3,allow_ad67e7d3_combo_2,sts:AssumeRoleWithWebIdentity,arn:aws:iam::{account id}:role/{role name},arn:aws:iam::{account id}:oidc-provider/gitlab.com,{'StringLike': {'gitlab.com:sub': 'project_path:{redacted}/ref_type:branch:ref'}},allow,allow,sat,True
policy_5_iter_1.json,,/home/bhall2/Documents/fixmypolicy/FL/Experiment-2/temp_validation/val-50-ollamaa/policy_5_iter_1.json,12,allow_a3073d0d,Allow,"['sts:TagSession', 'sts:AssumeRoleWithWebIdentity']",arn:aws:iam::{account id}:role/{role name},deny_51d9c228,deny_51d9c228_combo_1,ec2:RunInstances,arn:aws:iam::{account id}:role/{role name},arn:aws:iam::123456789012:user/alice,{'DateLessThan': {'aws:CurrentTime': '2025-12-31T23:59:59Z'}},deny,deny,unsat,True
policy_5_iter_1.json,,/home/bhall2/Documents/fixmypolicy/FL/Experiment-2/temp_validation/val-50-ollamaa/policy_5_iter_1.json,12,allow_a3073d0d,Allow,"['sts:TagSession', 'sts:AssumeRoleWithWebIdentity']",arn:aws:iam::{account id}:role/{role name},deny_c81babfb,deny_c81babfb_combo_1,sts:TagSession,forbidden-arn:aws:iam::{account id}:role/{role name}-specific,arn:aws:iam::{account id}:oidc-provider/forbidden-gitlab.com,{'IpAddress': {'aws:SourceIp': '203.0.113.0/24'}},deny,deny,unsat,True
policy_5_iter_1.json,,/home/bhall2/Documents/fixmypolicy/FL/Experiment-2/temp_validation/val-50-ollamaa/policy_5_iter_1.json,12,allow_a3073d0d,Allow,"['sts:TagSession', 'sts:AssumeRoleWithWebIdentity']",arn:aws:iam::{account id}:role/{role name},deny_c81babfb,deny_c81babfb_combo_2,sts:AssumeRoleWithWebIdentity,forbidden-arn:aws:iam::{account id}:role/{role name}-specific,arn:aws:iam::{account id}:oidc-provider/forbidden-gitlab.com,{'IpAddress': {'aws:SourceIp': '203.0.113.0/24'}},deny,deny,unsat,True
policy_5_iter_1.json,,/home/bhall2/Documents/fixmypolicy/FL/Experiment-2/temp_validation/val-50-ollamaa/policy_5_iter_1.json,12,allow_a3073d0d,Allow,"['sts:TagSession', 'sts:AssumeRoleWithWebIdentity']",arn:aws:iam::{account id}:role/{role name},deny_d9e1c623,deny_d9e1c623_combo_1,sts:AssumeRoleWithWebIdentity,arn:aws:iam::{account id}:role/{role name}-forbidden-resource,arn:aws:iam::999888777666:oidc-provider/gitlab.com,{'StringEquals': {'aws:RequestedRegion': 'us-east-1'}},deny,deny,unsat,True
policy_5_iter_1.json,,/home/bhall2/Documents/fixmypolicy/FL/Experiment-2/temp_validation/val-50-ollamaa/policy_5_iter_1.json,12,allow_a3073d0d,Allow,"['sts:TagSession', 'sts:AssumeRoleWithWebIdentity']",arn:aws:iam::{account id}:role/{role name},deny_eae39e7d,deny_eae39e7d_combo_1,lambda:CreateFunction,arn:aws:iam::{account id}:role/{role name},arn:aws:iam::{account id}:oidc-provider/forbidden-gitlab.com,{'DateLessThan': {'aws:CurrentTime': '2025-12-31T23:59:59Z'}},deny,deny,unsat,True
policy_5_iter_1.json,,/home/bhall2/Documents/fixmypolicy/FL/Experiment-2/temp_validation/val-50-ollamaa/policy_5_iter_1.json,12,allow_a3073d0d,Allow,"['sts:TagSession', 'sts:AssumeRoleWithWebIdentity']",arn:aws:iam::{account id}:role/{role name},allow_277adc8e,allow_277adc8e_combo_1,sts:TagSession,arn:aws:iam::{account id}:role/{role name},arn:aws:iam::{account id}:oidc-provider/gitlab.com,{'StringLike': {'gitlab.com:sub': 'project_path:{redacted}/ref_type:branch:ref'}},allow,allow,sat,True
policy_5_iter_1.json,,/home/bhall2/Documents/fixmypolicy/FL/Experiment-2/temp_validation/val-50-ollamaa/policy_5_iter_1.json,12,allow_a3073d0d,Allow,"['sts:TagSession', 'sts:AssumeRoleWithWebIdentity']",arn:aws:iam::{account id}:role/{role name},allow_277adc8e,allow_277adc8e_combo_2,sts:AssumeRoleWithWebIdentity,arn:aws:iam::{account id}:role/{role name},arn:aws:iam::{account id}:oidc-provider/gitlab.com,{'StringLike': {'gitlab.com:sub': 'project_path:{redacted}/ref_type:branch:ref'}},allow,allow,sat,True
policy_5_iter_1.json,,/home/bhall2/Documents/fixmypolicy/FL/Experiment-2/temp_validation/val-50-ollamaa/policy_5_iter_1.json,12,allow_a3073d0d,Allow,"['sts:TagSession', 'sts:AssumeRoleWithWebIdentity']",arn:aws:iam::{account id}:role/{role name},deny_2efa2500,deny_2efa2500_combo_1,sts:TagSession,arn:aws:iam::{account id}:role/{role name}-forbidden-resource,arn:aws:iam::{account id}:oidc-provider/gitlab.com,{'StringLike': {'gitlab.com:sub': 'project_path:{redacted}/*:ref_type:branch:ref:*'}},deny,deny,unsat,True
policy_5_iter_1.json,,/home/bhall2/Documents/fixmypolicy/FL/Experiment-2/temp_validation/val-50-ollamaa/policy_5_iter_1.json,12,allow_a3073d0d,Allow,"['sts:TagSession', 'sts:AssumeRoleWithWebIdentity']",arn:aws:iam::{account id}:role/{role name},deny_2efa2500,deny_2efa2500_combo_2,sts:AssumeRoleWithWebIdentity,arn:aws:iam::{account id}:role/{role name}-forbidden-resource,arn:aws:iam::{account id}:oidc-provider/gitlab.com,{'StringLike': {'gitlab.com:sub': 'project_path:{redacted}/*:ref_type:branch:ref:*'}},deny,deny,unsat,True
policy_5_iter_1.json,,/home/bhall2/Documents/fixmypolicy/FL/Experiment-2/temp_validation/val-50-ollamaa/policy_5_iter_1.json,12,allow_a3073d0d,Allow,"['sts:TagSession', 'sts:AssumeRoleWithWebIdentity']",arn:aws:iam::{account id}:role/{role name},allow_4b2e6812,allow_4b2e6812_combo_1,sts:TagSession,arn:aws:iam::{account id}:role/{role name},arn:aws:iam::999888777666:oidc-provider/gitlab.com,{'StringEquals': {'aws:RequestedRegion': 'us-west-2'}},allow,deny,unsat,False
policy_5_iter_1.json,,/home/bhall2/Documents/fixmypolicy/FL/Experiment-2/temp_validation/val-50-ollamaa/policy_5_iter_1.json,12,allow_a3073d0d,Allow,"['sts:TagSession', 'sts:AssumeRoleWithWebIdentity']",arn:aws:iam::{account id}:role/{role name},allow_4b2e6812,allow_4b2e6812_combo_2,sts:AssumeRoleWithWebIdentity,arn:aws:iam::{account id}:role/{role name},arn:aws:iam::999888777666:oidc-provider/gitlab.com,{'StringEquals': {'aws:RequestedRegion': 'us-west-2'}},allow,deny,unsat,False
policy_5_iter_1.json,,/home/bhall2/Documents/fixmypolicy/FL/Experiment-2/temp_validation/val-50-ollamaa/policy_5_iter_1.json,12,allow_a3073d0d,Allow,"['sts:TagSession', 'sts:AssumeRoleWithWebIdentity']",arn:aws:iam::{account id}:role/{role name},deny_2ccddee4,deny_2ccddee4_combo_1,iam:DeleteUser,arn:aws:iam::{account id}:role/{role name},arn:aws:iam::999888777666:oidc-provider/gitlab.com,{'DateLessThan': {'aws:CurrentTime': '2025-12-31T23:59:59Z'}},deny,deny,unsat,True
policy_5_iter_1.json,,/home/bhall2/Documents/fixmypolicy/FL/Experiment-2/temp_validation/val-50-ollamaa/policy_5_iter_1.json,12,allow_a3073d0d,Allow,"['sts:TagSession', 'sts:AssumeRoleWithWebIdentity']",arn:aws:iam::{account id}:role/{role name},allow_8d6aad9f,allow_8d6aad9f_combo_1,sts:TagSession,arn:aws:iam::{account id}:role/{role name},arn:aws:iam::{account id}:oidc-provider/gitlab.com,{'StringLike': {'gitlab.com:sub': 'project_path:{redacted}/*:ref_type:branch:ref:*'}},allow,allow,sat,True
policy_5_iter_1.json,,/home/bhall2/Documents/fixmypolicy/FL/Experiment-2/temp_validation/val-50-ollamaa/policy_5_iter_1.json,12,allow_a3073d0d,Allow,"['sts:TagSession', 'sts:AssumeRoleWithWebIdentity']",arn:aws:iam::{account id}:role/{role name},allow_8d6aad9f,allow_8d6aad9f_combo_2,sts:AssumeRoleWithWebIdentity,arn:aws:iam::{account id}:role/{role name},arn:aws:iam::{account id}:oidc-provider/gitlab.com,{'StringLike': {'gitlab.com:sub': 'project_path:{redacted}/*:ref_type:branch:ref:*'}},allow,allow,sat,True
policy_5_iter_1.json,,/home/bhall2/Documents/fixmypolicy/FL/Experiment-2/temp_validation/val-50-ollamaa/policy_5_iter_1.json,12,allow_a3073d0d,Allow,"['sts:TagSession', 'sts:AssumeRoleWithWebIdentity']",arn:aws:iam::{account id}:role/{role name},allow_46828ad7,allow_46828ad7_combo_1,sts:AssumeRoleWithWebIdentity,arn:aws:iam::{account id}:role/{role name},arn:aws:iam::123456789012:user/alice,{'DateGreaterThan': {'aws:CurrentTime': '2024-01-01T00:00:00Z'}},allow,deny,unsat,False
policy_5_iter_1.json,,/home/bhall2/Documents/fixmypolicy/FL/Experiment-2/temp_validation/val-50-ollamaa/policy_5_iter_1.json,12,allow_a3073d0d,Allow,"['sts:TagSession', 'sts:AssumeRoleWithWebIdentity']",arn:aws:iam::{account id}:role/{role name},allow_46828ad7,allow_46828ad7_combo_2,sts:TagSession,arn:aws:iam::{account id}:role/{role name},arn:aws:iam::123456789012:user/alice,{'DateGreaterThan': {'aws:CurrentTime': '2024-01-01T00:00:00Z'}},allow,deny,unsat,False
policy_5_iter_1.json,,/home/bhall2/Documents/fixmypolicy/FL/Experiment-2/temp_validation/val-50-ollamaa/policy_5_iter_1.json,12,allow_a3073d0d,Allow,"['sts:TagSession', 'sts:AssumeRoleWithWebIdentity']",arn:aws:iam::{account id}:role/{role name},deny_284a8d13,deny_284a8d13_combo_1,lambda:CreateFunction,arn:aws:iam::{account id}:role/{role name},arn:aws:iam::123456789012:user/alice,{'DateLessThan': {'aws:CurrentTime': '2025-12-31T23:59:59Z'}},deny,deny,unsat,True
policy_5_iter_1.json,,/home/bhall2/Documents/fixmypolicy/FL/Experiment-2/temp_validation/val-50-ollamaa/policy_5_iter_1.json,12,allow_a3073d0d,Allow,"['sts:TagSession', 'sts:AssumeRoleWithWebIdentity']",arn:aws:iam::{account id}:role/{role name},allow_d296b21a,allow_d296b21a_combo_1,sts:TagSession,arn:aws:iam::{account id}:role/{role name},arn:aws:iam::999888777666:oidc-provider/gitlab.com,{'StringEquals': {'aws:RequestedRegion': 'us-east-1'}},allow,deny,unsat,False
policy_5_iter_1.json,,/home/bhall2/Documents/fixmypolicy/FL/Experiment-2/temp_validation/val-50-ollamaa/policy_5_iter_1.json,12,allow_a3073d0d,Allow,"['sts:TagSession', 'sts:AssumeRoleWithWebIdentity']",arn:aws:iam::{account id}:role/{role name},allow_d296b21a,allow_d296b21a_combo_2,sts:AssumeRoleWithWebIdentity,arn:aws:iam::{account id}:role/{role name},arn:aws:iam::999888777666:oidc-provider/gitlab.com,{'StringEquals': {'aws:RequestedRegion': 'us-east-1'}},allow,deny,unsat,False
policy_5_iter_1.json,,/home/bhall2/Documents/fixmypolicy/FL/Experiment-2/temp_validation/val-50-ollamaa/policy_5_iter_1.json,12,allow_a3073d0d,Allow,"['sts:TagSession', 'sts:AssumeRoleWithWebIdentity']",arn:aws:iam::{account id}:role/{role name},deny_0f38f412,deny_0f38f412_combo_1,ec2:RunInstances,arn:aws:iam::{account id}:role/{role name},arn:aws:iam::123456789012:user/alice,{'IpAddress': {'aws:SourceIp': '203.0.113.0/24'}},deny,deny,unsat,True
policy_5_iter_1.json,,/home/bhall2/Documents/fixmypolicy/FL/Experiment-2/temp_validation/val-50-ollamaa/policy_5_iter_1.json,12,allow_a3073d0d,Allow,"['sts:TagSession', 'sts:AssumeRoleWithWebIdentity']",arn:aws:iam::{account id}:role/{role name},deny_dccafd42,deny_dccafd42_combo_1,sts:TagSession,forbidden-arn:aws:iam::{account id}:role/{role name}-specific,arn:aws:iam::{account id}:oidc-provider/forbidden-gitlab.com,{'DateLessThan': {'aws:CurrentTime': '2025-12-31T23:59:59Z'}},deny,deny,unsat,True
policy_5_iter_1.json,,/home/bhall2/Documents/fixmypolicy/FL/Experiment-2/temp_validation/val-50-ollamaa/policy_5_iter_1.json,12,allow_a3073d0d,Allow,"['sts:TagSession', 'sts:AssumeRoleWithWebIdentity']",arn:aws:iam::{account id}:role/{role name},deny_dccafd42,deny_dccafd42_combo_2,sts:AssumeRoleWithWebIdentity,forbidden-arn:aws:iam::{account id}:role/{role name}-specific,arn:aws:iam::{account id}:oidc-provider/forbidden-gitlab.com,{'DateLessThan': {'aws:CurrentTime': '2025-12-31T23:59:59Z'}},deny,deny,unsat,True
policy_5_iter_1.json,,/home/bhall2/Documents/fixmypolicy/FL/Experiment-2/temp_validation/val-50-ollamaa/policy_5_iter_1.json,12,allow_a3073d0d,Allow,"['sts:TagSession', 'sts:AssumeRoleWithWebIdentity']",arn:aws:iam::{account id}:role/{role name},allow_b3521fa7,allow_b3521fa7_combo_1,sts:AssumeRoleWithWebIdentity,arn:aws:iam::{account id}:role/{role name},arn:aws:iam::{account id}:oidc-provider/gitlab.com,{'StringLike': {'gitlab.com:sub': 'project_path:{redacted}/*:ref_type:branch:ref:*'}},allow,allow,sat,True
policy_5_iter_1.json,,/home/bhall2/Documents/fixmypolicy/FL/Experiment-2/temp_validation/val-50-ollamaa/policy_5_iter_1.json,12,allow_a3073d0d,Allow,"['sts:TagSession', 'sts:AssumeRoleWithWebIdentity']",arn:aws:iam::{account id}:role/{role name},deny_5cdc410d,deny_5cdc410d_combo_1,sts:AssumeRoleWithWebIdentity,arn:aws:iam::{account id}:role/{role name}-forbidden-resource,arn:aws:iam::999888777666:oidc-provider/gitlab.com,{'DateLessThan': {'aws:CurrentTime': '2025-12-31T23:59:59Z'}},deny,deny,unsat,True
policy_5_iter_1.json,,/home/bhall2/Documents/fixmypolicy/FL/Experiment-2/temp_validation/val-50-ollamaa/policy_5_iter_1.json,12,allow_a3073d0d,Allow,"['sts:TagSession', 'sts:AssumeRoleWithWebIdentity']",arn:aws:iam::{account id}:role/{role name},allow_1a3aa330,allow_1a3aa330_combo_1,sts:TagSession,arn:aws:iam::{account id}:role/{role name},arn:aws:iam::{account id}:oidc-provider/gitlab.com,{'StringLike': {'gitlab.com:sub': 'project_path:{redacted}/*:ref_type:branch:ref:*'}},allow,allow,sat,True
policy_5_iter_1.json,,/home/bhall2/Documents/fixmypolicy/FL/Experiment-2/temp_validation/val-50-ollamaa/policy_5_iter_1.json,12,allow_a3073d0d,Allow,"['sts:TagSession', 'sts:AssumeRoleWithWebIdentity']",arn:aws:iam::{account id}:role/{role name},allow_1a3aa330,allow_1a3aa330_combo_2,sts:AssumeRoleWithWebIdentity,arn:aws:iam::{account id}:role/{role name},arn:aws:iam::{account id}:oidc-provider/gitlab.com,{'StringLike': {'gitlab.com:sub': 'project_path:{redacted}/*:ref_type:branch:ref:*'}},allow,allow,sat,True
policy_5_iter_1.json,,/home/bhall2/Documents/fixmypolicy/FL/Experiment-2/temp_validation/val-50-ollamaa/policy_5_iter_1.json,12,allow_a3073d0d,Allow,"['sts:TagSession', 'sts:AssumeRoleWithWebIdentity']",arn:aws:iam::{account id}:role/{role name},deny_8dc7e4d8,deny_8dc7e4d8_combo_1,sts:TagSession,arn:aws:iam::{account id}:role/{role name}-forbidden-resource,arn:aws:iam::{account id}:oidc-provider/gitlab.com,{'StringLike': {'gitlab.com:sub': 'project_path:{redacted}/*:ref_type:branch:ref:*'}},deny,deny,unsat,True
policy_5_iter_1.json,,/home/bhall2/Documents/fixmypolicy/FL/Experiment-2/temp_validation/val-50-ollamaa/policy_5_iter_1.json,12,allow_a3073d0d,Allow,"['sts:TagSession', 'sts:AssumeRoleWithWebIdentity']",arn:aws:iam::{account id}:role/{role name},allow_a3073d0d,allow_a3073d0d_combo_1,sts:TagSession,arn:aws:iam::{account id}:role/{role name},arn:aws:iam::{account id}:oidc-provider/gitlab.com,{'StringLike': {'gitlab.com:sub': 'project_path:{redacted}/*:ref_type:branch:ref:*'}},allow,allow,sat,True
policy_5_iter_1.json,,/home/bhall2/Documents/fixmypolicy/FL/Experiment-2/temp_validation/val-50-ollamaa/policy_5_iter_1.json,12,allow_a3073d0d,Allow,"['sts:TagSession', 'sts:AssumeRoleWithWebIdentity']",arn:aws:iam::{account id}:role/{role name},allow_a3073d0d,allow_a3073d0d_combo_2,sts:AssumeRoleWithWebIdentity,arn:aws:iam::{account id}:role/{role name},arn:aws:iam::{account id}:oidc-provider/gitlab.com,{'StringLike': {'gitlab.com:sub': 'project_path:{redacted}/*:ref_type:branch:ref:*'}},allow,allow,sat,True
policy_5_iter_1.json,,/home/bhall2/Documents/fixmypolicy/FL/Experiment-2/temp_validation/val-50-ollamaa/policy_5_iter_1.json,12,allow_a3073d0d,Allow,"['sts:TagSession', 'sts:AssumeRoleWithWebIdentity']",arn:aws:iam::{account id}:role/{role name},allow_39a49474,allow_39a49474_combo_1,sts:AssumeRoleWithWebIdentity,arn:aws:iam::{account id}:role/{role name},arn:aws:iam::{account id}:oidc-provider/gitlab.com,{'StringLike': {'gitlab.com:sub': 'project_path:{redacted}/*:ref_type:branch:ref:*'}},allow,allow,sat,True
policy_5_iter_1.json,,/home/bhall2/Documents/fixmypolicy/FL/Experiment-2/temp_validation/val-50-ollamaa/policy_5_iter_1.json,12,allow_a3073d0d,Allow,"['sts:TagSession', 'sts:AssumeRoleWithWebIdentity']",arn:aws:iam::{account id}:role/{role name},allow_39a49474,allow_39a49474_combo_2,sts:TagSession,arn:aws:iam::{account id}:role/{role name},arn:aws:iam::{account id}:oidc-provider/gitlab.com,{'StringLike': {'gitlab.com:sub': 'project_path:{redacted}/*:ref_type:branch:ref:*'}},allow,allow,sat,True
policy_5_iter_1.json,,/home/bhall2/Documents/fixmypolicy/FL/Experiment-2/temp_validation/val-50-ollamaa/policy_5_iter_1.json,12,allow_a3073d0d,Allow,"['sts:TagSession', 'sts:AssumeRoleWithWebIdentity']",arn:aws:iam::{account id}:role/{role name},deny_b2a7386a,deny_b2a7386a_combo_1,iam:DeleteUser,arn:aws:iam::{account id}:role/{role name},arn:aws:iam::999888777666:oidc-provider/gitlab.com,{'StringEquals': {'aws:RequestedRegion': 'us-west-2'}},deny,deny,unsat,True
policy_5_iter_1.json,,/home/bhall2/Documents/fixmypolicy/FL/Experiment-2/temp_validation/val-50-ollamaa/policy_5_iter_1.json,12,allow_a3073d0d,Allow,"['sts:TagSession', 'sts:AssumeRoleWithWebIdentity']",arn:aws:iam::{account id}:role/{role name},deny_200cd3bf,deny_200cd3bf_combo_1,sts:AssumeRoleWithWebIdentity,arn:aws:iam::{account id}:role/{role name}-forbidden-resource,arn:aws:iam::123456789012:user/alice,{'StringEquals': {'aws:RequestedRegion': 'us-east-1'}},deny,deny,unsat,True
policy_5_iter_1.json,,/home/bhall2/Documents/fixmypolicy/FL/Experiment-2/temp_validation/val-50-ollamaa/policy_5_iter_1.json,12,allow_a3073d0d,Allow,"['sts:TagSession', 'sts:AssumeRoleWithWebIdentity']",arn:aws:iam::{account id}:role/{role name},allow_9e959d67,allow_9e959d67_combo_1,sts:TagSession,arn:aws:iam::{account id}:role/{role name},arn:aws:iam::{account id}:oidc-provider/gitlab.com,{'StringLike': {'gitlab.com:sub': 'project_path:{redacted}/*:ref_type:branch:ref:*'}},allow,allow,sat,True
policy_5_iter_1.json,,/home/bhall2/Documents/fixmypolicy/FL/Experiment-2/temp_validation/val-50-ollamaa/policy_5_iter_1.json,12,allow_a3073d0d,Allow,"['sts:TagSession', 'sts:AssumeRoleWithWebIdentity']",arn:aws:iam::{account id}:role/{role name},allow_8b2a35e8,allow_8b2a35e8_combo_1,sts:TagSession,arn:aws:iam::{account id}:role/{role name},arn:aws:iam::123456789012:user/alice,{'StringEquals': {'aws:RequestedRegion': 'us-east-1'}},allow,deny,unsat,False
policy_5_iter_1.json,,/home/bhall2/Documents/fixmypolicy/FL/Experiment-2/temp_validation/val-50-ollamaa/policy_5_iter_1.json,12,allow_a3073d0d,Allow,"['sts:TagSession', 'sts:AssumeRoleWithWebIdentity']",arn:aws:iam::{account id}:role/{role name},allow_a7f5ef81,allow_a7f5ef81_combo_1,sts:TagSession,arn:aws:iam::{account id}:role/{role name},arn:aws:iam::{account id}:oidc-provider/gitlab.com,{'StringLike': {'gitlab.com:sub': 'project_path:{redacted}/*:ref_type:branch:ref:*'}},allow,allow,sat,True
policy_5_iter_1.json,,/home/bhall2/Documents/fixmypolicy/FL/Experiment-2/temp_validation/val-50-ollamaa/policy_5_iter_1.json,12,allow_a3073d0d,Allow,"['sts:TagSession', 'sts:AssumeRoleWithWebIdentity']",arn:aws:iam::{account id}:role/{role name},deny_a61a5c77,deny_a61a5c77_combo_1,ec2:DescribeInstances,arn:aws:iam::{account id}:role/{role name},arn:aws:iam::{account id}:oidc-provider/forbidden-gitlab.com,{'IpAddress': {'aws:SourceIp': '203.0.113.0/24'}},deny,deny,unsat,True
policy_5_iter_1.json,,/home/bhall2/Documents/fixmypolicy/FL/Experiment-2/temp_validation/val-50-ollamaa/policy_5_iter_1.json,12,allow_a3073d0d,Allow,"['sts:TagSession', 'sts:AssumeRoleWithWebIdentity']",arn:aws:iam::{account id}:role/{role name},allow_8fe72846,allow_8fe72846_combo_1,sts:AssumeRoleWithWebIdentity,arn:aws:iam::{account id}:role/{role name},arn:aws:iam::{account id}:oidc-provider/gitlab.com,{'StringLike': {'gitlab.com:sub': 'project_path:{redacted}/*:ref_type:branch:ref:*'}},allow,allow,sat,True
policy_5_iter_1.json,,/home/bhall2/Documents/fixmypolicy/FL/Experiment-2/temp_validation/val-50-ollamaa/policy_5_iter_1.json,12,allow_a3073d0d,Allow,"['sts:TagSession', 'sts:AssumeRoleWithWebIdentity']",arn:aws:iam::{account id}:role/{role name},allow_8fe72846,allow_8fe72846_combo_2,sts:TagSession,arn:aws:iam::{account id}:role/{role name},arn:aws:iam::{account id}:oidc-provider/gitlab.com,{'StringLike': {'gitlab.com:sub': 'project_path:{redacted}/*:ref_type:branch:ref:*'}},allow,allow,sat,True
policy_5_iter_1.json,,/home/bhall2/Documents/fixmypolicy/FL/Experiment-2/temp_validation/val-50-ollamaa/policy_5_iter_1.json,12,allow_a3073d0d,Allow,"['sts:TagSession', 'sts:AssumeRoleWithWebIdentity']",arn:aws:iam::{account id}:role/{role name},allow_b9703ac8,allow_b9703ac8_combo_1,sts:AssumeRoleWithWebIdentity,arn:aws:iam::{account id}:role/{role name},arn:aws:iam::{account id}:oidc-provider/gitlab.com,{'StringLike': {'gitlab.com:sub': 'project_path:{redacted}/*:ref_type:branch:ref:*'}},allow,allow,sat,True
policy_5_iter_1.json,,/home/bhall2/Documents/fixmypolicy/FL/Experiment-2/temp_validation/val-50-ollamaa/policy_5_iter_1.json,12,allow_a3073d0d,Allow,"['sts:TagSession', 'sts:AssumeRoleWithWebIdentity']",arn:aws:iam::{account id}:role/{role name},allow_b9703ac8,allow_b9703ac8_combo_2,sts:TagSession,arn:aws:iam::{account id}:role/{role name},arn:aws:iam::{account id}:oidc-provider/gitlab.com,{'StringLike': {'gitlab.com:sub': 'project_path:{redacted}/*:ref_type:branch:ref:*'}},allow,allow,sat,True
policy_5_iter_1.json,,/home/bhall2/Documents/fixmypolicy/FL/Experiment-2/temp_validation/val-50-ollamaa/policy_5_iter_1.json,12,allow_a3073d0d,Allow,"['sts:TagSession', 'sts:AssumeRoleWithWebIdentity']",arn:aws:iam::{account id}:role/{role name},deny_fda03fc6,deny_fda03fc6_combo_1,sts:AssumeRoleWithWebIdentity,arn:aws:iam::{account id}:role/{role name}-forbidden-resource,arn:aws:iam::{account id}:oidc-provider/gitlab.com,{'StringLike': {'gitlab.com:sub': 'project_path:{redacted}/*:ref_type:branch:ref:*'}},deny,deny,unsat,True
policy_5_iter_1.json,,/home/bhall2/Documents/fixmypolicy/FL/Experiment-2/temp_validation/val-50-ollamaa/policy_5_iter_1.json,12,allow_a3073d0d,Allow,"['sts:TagSession', 'sts:AssumeRoleWithWebIdentity']",arn:aws:iam::{account id}:role/{role name},deny_fda03fc6,deny_fda03fc6_combo_2,sts:TagSession,arn:aws:iam::{account id}:role/{role name}-forbidden-resource,arn:aws:iam::{account id}:oidc-provider/gitlab.com,{'StringLike': {'gitlab.com:sub': 'project_path:{redacted}/*:ref_type:branch:ref:*'}},deny,deny,unsat,True
policy_5_iter_1.json,,/home/bhall2/Documents/fixmypolicy/FL/Experiment-2/temp_validation/val-50-ollamaa/policy_5_iter_1.json,13,allow_39a49474,Allow,"['sts:AssumeRoleWithWebIdentity', 'sts:TagSession']",arn:aws:iam::{account id}:role/{role name},allow_a8fd7ef6,allow_a8fd7ef6_combo_1,sts:AssumeRoleWithWebIdentity,arn:aws:iam::{account id}:role/{role name},arn:aws:iam::{account id}:oidc-provider/gitlab.com,{'StringLike': {'gitlab.com:sub': 'project_path:{redacted}/*:ref_type:branch:ref:*'}},allow,allow,sat,True
policy_5_iter_1.json,,/home/bhall2/Documents/fixmypolicy/FL/Experiment-2/temp_validation/val-50-ollamaa/policy_5_iter_1.json,13,allow_39a49474,Allow,"['sts:AssumeRoleWithWebIdentity', 'sts:TagSession']",arn:aws:iam::{account id}:role/{role name},allow_e641a090,allow_e641a090_combo_1,sts:AssumeRoleWithWebIdentity,arn:aws:iam::{account id}:role/{role name},arn:aws:iam::{account id}:oidc-provider/gitlab.com,{'StringLike': {'gitlab.com:sub': 'project_path:{redacted}/*:ref_type:branch:ref:*'}},allow,allow,sat,True
policy_5_iter_1.json,,/home/bhall2/Documents/fixmypolicy/FL/Experiment-2/temp_validation/val-50-ollamaa/policy_5_iter_1.json,13,allow_39a49474,Allow,"['sts:AssumeRoleWithWebIdentity', 'sts:TagSession']",arn:aws:iam::{account id}:role/{role name},deny_f13ef671,deny_f13ef671_combo_1,iam:CreateUser,arn:aws:iam::{account id}:role/{role name},arn:aws:iam::123456789012:user/alice,{'DateLessThan': {'aws:CurrentTime': '2025-12-31T23:59:59Z'}},deny,deny,unsat,True
policy_5_iter_1.json,,/home/bhall2/Documents/fixmypolicy/FL/Experiment-2/temp_validation/val-50-ollamaa/policy_5_iter_1.json,13,allow_39a49474,Allow,"['sts:AssumeRoleWithWebIdentity', 'sts:TagSession']",arn:aws:iam::{account id}:role/{role name},allow_d28acd92,allow_d28acd92_combo_1,sts:TagSession,arn:aws:iam::{account id}:role/{role name},arn:aws:iam::123456789012:user/alice,{'DateGreaterThan': {'aws:CurrentTime': '2024-01-01T00:00:00Z'}},allow,deny,unsat,False
policy_5_iter_1.json,,/home/bhall2/Documents/fixmypolicy/FL/Experiment-2/temp_validation/val-50-ollamaa/policy_5_iter_1.json,13,allow_39a49474,Allow,"['sts:AssumeRoleWithWebIdentity', 'sts:TagSession']",arn:aws:iam::{account id}:role/{role name},allow_d28acd92,allow_d28acd92_combo_2,sts:AssumeRoleWithWebIdentity,arn:aws:iam::{account id}:role/{role name},arn:aws:iam::123456789012:user/alice,{'DateGreaterThan': {'aws:CurrentTime': '2024-01-01T00:00:00Z'}},allow,deny,unsat,False
policy_5_iter_1.json,,/home/bhall2/Documents/fixmypolicy/FL/Experiment-2/temp_validation/val-50-ollamaa/policy_5_iter_1.json,13,allow_39a49474,Allow,"['sts:AssumeRoleWithWebIdentity', 'sts:TagSession']",arn:aws:iam::{account id}:role/{role name},allow_ad67e7d3,allow_ad67e7d3_combo_1,sts:TagSession,arn:aws:iam::{account id}:role/{role name},arn:aws:iam::{account id}:oidc-provider/gitlab.com,{'StringLike': {'gitlab.com:sub': 'project_path:{redacted}/ref_type:branch:ref'}},allow,allow,sat,True
policy_5_iter_1.json,,/home/bhall2/Documents/fixmypolicy/FL/Experiment-2/temp_validation/val-50-ollamaa/policy_5_iter_1.json,13,allow_39a49474,Allow,"['sts:AssumeRoleWithWebIdentity', 'sts:TagSession']",arn:aws:iam::{account id}:role/{role name},allow_ad67e7d3,allow_ad67e7d3_combo_2,sts:AssumeRoleWithWebIdentity,arn:aws:iam::{account id}:role/{role name},arn:aws:iam::{account id}:oidc-provider/gitlab.com,{'StringLike': {'gitlab.com:sub': 'project_path:{redacted}/ref_type:branch:ref'}},allow,allow,sat,True
policy_5_iter_1.json,,/home/bhall2/Documents/fixmypolicy/FL/Experiment-2/temp_validation/val-50-ollamaa/policy_5_iter_1.json,13,allow_39a49474,Allow,"['sts:AssumeRoleWithWebIdentity', 'sts:TagSession']",arn:aws:iam::{account id}:role/{role name},deny_51d9c228,deny_51d9c228_combo_1,ec2:RunInstances,arn:aws:iam::{account id}:role/{role name},arn:aws:iam::123456789012:user/alice,{'DateLessThan': {'aws:CurrentTime': '2025-12-31T23:59:59Z'}},deny,deny,unsat,True
policy_5_iter_1.json,,/home/bhall2/Documents/fixmypolicy/FL/Experiment-2/temp_validation/val-50-ollamaa/policy_5_iter_1.json,13,allow_39a49474,Allow,"['sts:AssumeRoleWithWebIdentity', 'sts:TagSession']",arn:aws:iam::{account id}:role/{role name},deny_c81babfb,deny_c81babfb_combo_1,sts:TagSession,forbidden-arn:aws:iam::{account id}:role/{role name}-specific,arn:aws:iam::{account id}:oidc-provider/forbidden-gitlab.com,{'IpAddress': {'aws:SourceIp': '203.0.113.0/24'}},deny,deny,unsat,True
policy_5_iter_1.json,,/home/bhall2/Documents/fixmypolicy/FL/Experiment-2/temp_validation/val-50-ollamaa/policy_5_iter_1.json,13,allow_39a49474,Allow,"['sts:AssumeRoleWithWebIdentity', 'sts:TagSession']",arn:aws:iam::{account id}:role/{role name},deny_c81babfb,deny_c81babfb_combo_2,sts:AssumeRoleWithWebIdentity,forbidden-arn:aws:iam::{account id}:role/{role name}-specific,arn:aws:iam::{account id}:oidc-provider/forbidden-gitlab.com,{'IpAddress': {'aws:SourceIp': '203.0.113.0/24'}},deny,deny,unsat,True
policy_5_iter_1.json,,/home/bhall2/Documents/fixmypolicy/FL/Experiment-2/temp_validation/val-50-ollamaa/policy_5_iter_1.json,13,allow_39a49474,Allow,"['sts:AssumeRoleWithWebIdentity', 'sts:TagSession']",arn:aws:iam::{account id}:role/{role name},deny_d9e1c623,deny_d9e1c623_combo_1,sts:AssumeRoleWithWebIdentity,arn:aws:iam::{account id}:role/{role name}-forbidden-resource,arn:aws:iam::999888777666:oidc-provider/gitlab.com,{'StringEquals': {'aws:RequestedRegion': 'us-east-1'}},deny,deny,unsat,True
policy_5_iter_1.json,,/home/bhall2/Documents/fixmypolicy/FL/Experiment-2/temp_validation/val-50-ollamaa/policy_5_iter_1.json,13,allow_39a49474,Allow,"['sts:AssumeRoleWithWebIdentity', 'sts:TagSession']",arn:aws:iam::{account id}:role/{role name},deny_eae39e7d,deny_eae39e7d_combo_1,lambda:CreateFunction,arn:aws:iam::{account id}:role/{role name},arn:aws:iam::{account id}:oidc-provider/forbidden-gitlab.com,{'DateLessThan': {'aws:CurrentTime': '2025-12-31T23:59:59Z'}},deny,deny,unsat,True
policy_5_iter_1.json,,/home/bhall2/Documents/fixmypolicy/FL/Experiment-2/temp_validation/val-50-ollamaa/policy_5_iter_1.json,13,allow_39a49474,Allow,"['sts:AssumeRoleWithWebIdentity', 'sts:TagSession']",arn:aws:iam::{account id}:role/{role name},allow_277adc8e,allow_277adc8e_combo_1,sts:TagSession,arn:aws:iam::{account id}:role/{role name},arn:aws:iam::{account id}:oidc-provider/gitlab.com,{'StringLike': {'gitlab.com:sub': 'project_path:{redacted}/ref_type:branch:ref'}},allow,allow,sat,True
policy_5_iter_1.json,,/home/bhall2/Documents/fixmypolicy/FL/Experiment-2/temp_validation/val-50-ollamaa/policy_5_iter_1.json,13,allow_39a49474,Allow,"['sts:AssumeRoleWithWebIdentity', 'sts:TagSession']",arn:aws:iam::{account id}:role/{role name},allow_277adc8e,allow_277adc8e_combo_2,sts:AssumeRoleWithWebIdentity,arn:aws:iam::{account id}:role/{role name},arn:aws:iam::{account id}:oidc-provider/gitlab.com,{'StringLike': {'gitlab.com:sub': 'project_path:{redacted}/ref_type:branch:ref'}},allow,allow,sat,True
policy_5_iter_1.json,,/home/bhall2/Documents/fixmypolicy/FL/Experiment-2/temp_validation/val-50-ollamaa/policy_5_iter_1.json,13,allow_39a49474,Allow,"['sts:AssumeRoleWithWebIdentity', 'sts:TagSession']",arn:aws:iam::{account id}:role/{role name},deny_2efa2500,deny_2efa2500_combo_1,sts:TagSession,arn:aws:iam::{account id}:role/{role name}-forbidden-resource,arn:aws:iam::{account id}:oidc-provider/gitlab.com,{'StringLike': {'gitlab.com:sub': 'project_path:{redacted}/*:ref_type:branch:ref:*'}},deny,deny,unsat,True
policy_5_iter_1.json,,/home/bhall2/Documents/fixmypolicy/FL/Experiment-2/temp_validation/val-50-ollamaa/policy_5_iter_1.json,13,allow_39a49474,Allow,"['sts:AssumeRoleWithWebIdentity', 'sts:TagSession']",arn:aws:iam::{account id}:role/{role name},deny_2efa2500,deny_2efa2500_combo_2,sts:AssumeRoleWithWebIdentity,arn:aws:iam::{account id}:role/{role name}-forbidden-resource,arn:aws:iam::{account id}:oidc-provider/gitlab.com,{'StringLike': {'gitlab.com:sub': 'project_path:{redacted}/*:ref_type:branch:ref:*'}},deny,deny,unsat,True
policy_5_iter_1.json,,/home/bhall2/Documents/fixmypolicy/FL/Experiment-2/temp_validation/val-50-ollamaa/policy_5_iter_1.json,13,allow_39a49474,Allow,"['sts:AssumeRoleWithWebIdentity', 'sts:TagSession']",arn:aws:iam::{account id}:role/{role name},allow_4b2e6812,allow_4b2e6812_combo_1,sts:TagSession,arn:aws:iam::{account id}:role/{role name},arn:aws:iam::999888777666:oidc-provider/gitlab.com,{'StringEquals': {'aws:RequestedRegion': 'us-west-2'}},allow,deny,unsat,False
policy_5_iter_1.json,,/home/bhall2/Documents/fixmypolicy/FL/Experiment-2/temp_validation/val-50-ollamaa/policy_5_iter_1.json,13,allow_39a49474,Allow,"['sts:AssumeRoleWithWebIdentity', 'sts:TagSession']",arn:aws:iam::{account id}:role/{role name},allow_4b2e6812,allow_4b2e6812_combo_2,sts:AssumeRoleWithWebIdentity,arn:aws:iam::{account id}:role/{role name},arn:aws:iam::999888777666:oidc-provider/gitlab.com,{'StringEquals': {'aws:RequestedRegion': 'us-west-2'}},allow,deny,unsat,False
policy_5_iter_1.json,,/home/bhall2/Documents/fixmypolicy/FL/Experiment-2/temp_validation/val-50-ollamaa/policy_5_iter_1.json,13,allow_39a49474,Allow,"['sts:AssumeRoleWithWebIdentity', 'sts:TagSession']",arn:aws:iam::{account id}:role/{role name},deny_2ccddee4,deny_2ccddee4_combo_1,iam:DeleteUser,arn:aws:iam::{account id}:role/{role name},arn:aws:iam::999888777666:oidc-provider/gitlab.com,{'DateLessThan': {'aws:CurrentTime': '2025-12-31T23:59:59Z'}},deny,deny,unsat,True
policy_5_iter_1.json,,/home/bhall2/Documents/fixmypolicy/FL/Experiment-2/temp_validation/val-50-ollamaa/policy_5_iter_1.json,13,allow_39a49474,Allow,"['sts:AssumeRoleWithWebIdentity', 'sts:TagSession']",arn:aws:iam::{account id}:role/{role name},allow_8d6aad9f,allow_8d6aad9f_combo_1,sts:TagSession,arn:aws:iam::{account id}:role/{role name},arn:aws:iam::{account id}:oidc-provider/gitlab.com,{'StringLike': {'gitlab.com:sub': 'project_path:{redacted}/*:ref_type:branch:ref:*'}},allow,allow,sat,True
policy_5_iter_1.json,,/home/bhall2/Documents/fixmypolicy/FL/Experiment-2/temp_validation/val-50-ollamaa/policy_5_iter_1.json,13,allow_39a49474,Allow,"['sts:AssumeRoleWithWebIdentity', 'sts:TagSession']",arn:aws:iam::{account id}:role/{role name},allow_8d6aad9f,allow_8d6aad9f_combo_2,sts:AssumeRoleWithWebIdentity,arn:aws:iam::{account id}:role/{role name},arn:aws:iam::{account id}:oidc-provider/gitlab.com,{'StringLike': {'gitlab.com:sub': 'project_path:{redacted}/*:ref_type:branch:ref:*'}},allow,allow,sat,True
policy_5_iter_1.json,,/home/bhall2/Documents/fixmypolicy/FL/Experiment-2/temp_validation/val-50-ollamaa/policy_5_iter_1.json,13,allow_39a49474,Allow,"['sts:AssumeRoleWithWebIdentity', 'sts:TagSession']",arn:aws:iam::{account id}:role/{role name},allow_46828ad7,allow_46828ad7_combo_1,sts:AssumeRoleWithWebIdentity,arn:aws:iam::{account id}:role/{role name},arn:aws:iam::123456789012:user/alice,{'DateGreaterThan': {'aws:CurrentTime': '2024-01-01T00:00:00Z'}},allow,deny,unsat,False
policy_5_iter_1.json,,/home/bhall2/Documents/fixmypolicy/FL/Experiment-2/temp_validation/val-50-ollamaa/policy_5_iter_1.json,13,allow_39a49474,Allow,"['sts:AssumeRoleWithWebIdentity', 'sts:TagSession']",arn:aws:iam::{account id}:role/{role name},allow_46828ad7,allow_46828ad7_combo_2,sts:TagSession,arn:aws:iam::{account id}:role/{role name},arn:aws:iam::123456789012:user/alice,{'DateGreaterThan': {'aws:CurrentTime': '2024-01-01T00:00:00Z'}},allow,deny,unsat,False
policy_5_iter_1.json,,/home/bhall2/Documents/fixmypolicy/FL/Experiment-2/temp_validation/val-50-ollamaa/policy_5_iter_1.json,13,allow_39a49474,Allow,"['sts:AssumeRoleWithWebIdentity', 'sts:TagSession']",arn:aws:iam::{account id}:role/{role name},deny_284a8d13,deny_284a8d13_combo_1,lambda:CreateFunction,arn:aws:iam::{account id}:role/{role name},arn:aws:iam::123456789012:user/alice,{'DateLessThan': {'aws:CurrentTime': '2025-12-31T23:59:59Z'}},deny,deny,unsat,True
policy_5_iter_1.json,,/home/bhall2/Documents/fixmypolicy/FL/Experiment-2/temp_validation/val-50-ollamaa/policy_5_iter_1.json,13,allow_39a49474,Allow,"['sts:AssumeRoleWithWebIdentity', 'sts:TagSession']",arn:aws:iam::{account id}:role/{role name},allow_d296b21a,allow_d296b21a_combo_1,sts:TagSession,arn:aws:iam::{account id}:role/{role name},arn:aws:iam::999888777666:oidc-provider/gitlab.com,{'StringEquals': {'aws:RequestedRegion': 'us-east-1'}},allow,deny,unsat,False
policy_5_iter_1.json,,/home/bhall2/Documents/fixmypolicy/FL/Experiment-2/temp_validation/val-50-ollamaa/policy_5_iter_1.json,13,allow_39a49474,Allow,"['sts:AssumeRoleWithWebIdentity', 'sts:TagSession']",arn:aws:iam::{account id}:role/{role name},allow_d296b21a,allow_d296b21a_combo_2,sts:AssumeRoleWithWebIdentity,arn:aws:iam::{account id}:role/{role name},arn:aws:iam::999888777666:oidc-provider/gitlab.com,{'StringEquals': {'aws:RequestedRegion': 'us-east-1'}},allow,deny,unsat,False
policy_5_iter_1.json,,/home/bhall2/Documents/fixmypolicy/FL/Experiment-2/temp_validation/val-50-ollamaa/policy_5_iter_1.json,13,allow_39a49474,Allow,"['sts:AssumeRoleWithWebIdentity', 'sts:TagSession']",arn:aws:iam::{account id}:role/{role name},deny_0f38f412,deny_0f38f412_combo_1,ec2:RunInstances,arn:aws:iam::{account id}:role/{role name},arn:aws:iam::123456789012:user/alice,{'IpAddress': {'aws:SourceIp': '203.0.113.0/24'}},deny,deny,unsat,True
policy_5_iter_1.json,,/home/bhall2/Documents/fixmypolicy/FL/Experiment-2/temp_validation/val-50-ollamaa/policy_5_iter_1.json,13,allow_39a49474,Allow,"['sts:AssumeRoleWithWebIdentity', 'sts:TagSession']",arn:aws:iam::{account id}:role/{role name},deny_dccafd42,deny_dccafd42_combo_1,sts:TagSession,forbidden-arn:aws:iam::{account id}:role/{role name}-specific,arn:aws:iam::{account id}:oidc-provider/forbidden-gitlab.com,{'DateLessThan': {'aws:CurrentTime': '2025-12-31T23:59:59Z'}},deny,deny,unsat,True
policy_5_iter_1.json,,/home/bhall2/Documents/fixmypolicy/FL/Experiment-2/temp_validation/val-50-ollamaa/policy_5_iter_1.json,13,allow_39a49474,Allow,"['sts:AssumeRoleWithWebIdentity', 'sts:TagSession']",arn:aws:iam::{account id}:role/{role name},deny_dccafd42,deny_dccafd42_combo_2,sts:AssumeRoleWithWebIdentity,forbidden-arn:aws:iam::{account id}:role/{role name}-specific,arn:aws:iam::{account id}:oidc-provider/forbidden-gitlab.com,{'DateLessThan': {'aws:CurrentTime': '2025-12-31T23:59:59Z'}},deny,deny,unsat,True
policy_5_iter_1.json,,/home/bhall2/Documents/fixmypolicy/FL/Experiment-2/temp_validation/val-50-ollamaa/policy_5_iter_1.json,13,allow_39a49474,Allow,"['sts:AssumeRoleWithWebIdentity', 'sts:TagSession']",arn:aws:iam::{account id}:role/{role name},allow_b3521fa7,allow_b3521fa7_combo_1,sts:AssumeRoleWithWebIdentity,arn:aws:iam::{account id}:role/{role name},arn:aws:iam::{account id}:oidc-provider/gitlab.com,{'StringLike': {'gitlab.com:sub': 'project_path:{redacted}/*:ref_type:branch:ref:*'}},allow,allow,sat,True
policy_5_iter_1.json,,/home/bhall2/Documents/fixmypolicy/FL/Experiment-2/temp_validation/val-50-ollamaa/policy_5_iter_1.json,13,allow_39a49474,Allow,"['sts:AssumeRoleWithWebIdentity', 'sts:TagSession']",arn:aws:iam::{account id}:role/{role name},deny_5cdc410d,deny_5cdc410d_combo_1,sts:AssumeRoleWithWebIdentity,arn:aws:iam::{account id}:role/{role name}-forbidden-resource,arn:aws:iam::999888777666:oidc-provider/gitlab.com,{'DateLessThan': {'aws:CurrentTime': '2025-12-31T23:59:59Z'}},deny,deny,unsat,True
policy_5_iter_1.json,,/home/bhall2/Documents/fixmypolicy/FL/Experiment-2/temp_validation/val-50-ollamaa/policy_5_iter_1.json,13,allow_39a49474,Allow,"['sts:AssumeRoleWithWebIdentity', 'sts:TagSession']",arn:aws:iam::{account id}:role/{role name},allow_1a3aa330,allow_1a3aa330_combo_1,sts:TagSession,arn:aws:iam::{account id}:role/{role name},arn:aws:iam::{account id}:oidc-provider/gitlab.com,{'StringLike': {'gitlab.com:sub': 'project_path:{redacted}/*:ref_type:branch:ref:*'}},allow,allow,sat,True
policy_5_iter_1.json,,/home/bhall2/Documents/fixmypolicy/FL/Experiment-2/temp_validation/val-50-ollamaa/policy_5_iter_1.json,13,allow_39a49474,Allow,"['sts:AssumeRoleWithWebIdentity', 'sts:TagSession']",arn:aws:iam::{account id}:role/{role name},allow_1a3aa330,allow_1a3aa330_combo_2,sts:AssumeRoleWithWebIdentity,arn:aws:iam::{account id}:role/{role name},arn:aws:iam::{account id}:oidc-provider/gitlab.com,{'StringLike': {'gitlab.com:sub': 'project_path:{redacted}/*:ref_type:branch:ref:*'}},allow,allow,sat,True
policy_5_iter_1.json,,/home/bhall2/Documents/fixmypolicy/FL/Experiment-2/temp_validation/val-50-ollamaa/policy_5_iter_1.json,13,allow_39a49474,Allow,"['sts:AssumeRoleWithWebIdentity', 'sts:TagSession']",arn:aws:iam::{account id}:role/{role name},deny_8dc7e4d8,deny_8dc7e4d8_combo_1,sts:TagSession,arn:aws:iam::{account id}:role/{role name}-forbidden-resource,arn:aws:iam::{account id}:oidc-provider/gitlab.com,{'StringLike': {'gitlab.com:sub': 'project_path:{redacted}/*:ref_type:branch:ref:*'}},deny,deny,unsat,True
policy_5_iter_1.json,,/home/bhall2/Documents/fixmypolicy/FL/Experiment-2/temp_validation/val-50-ollamaa/policy_5_iter_1.json,13,allow_39a49474,Allow,"['sts:AssumeRoleWithWebIdentity', 'sts:TagSession']",arn:aws:iam::{account id}:role/{role name},allow_a3073d0d,allow_a3073d0d_combo_1,sts:TagSession,arn:aws:iam::{account id}:role/{role name},arn:aws:iam::{account id}:oidc-provider/gitlab.com,{'StringLike': {'gitlab.com:sub': 'project_path:{redacted}/*:ref_type:branch:ref:*'}},allow,allow,sat,True
policy_5_iter_1.json,,/home/bhall2/Documents/fixmypolicy/FL/Experiment-2/temp_validation/val-50-ollamaa/policy_5_iter_1.json,13,allow_39a49474,Allow,"['sts:AssumeRoleWithWebIdentity', 'sts:TagSession']",arn:aws:iam::{account id}:role/{role name},allow_a3073d0d,allow_a3073d0d_combo_2,sts:AssumeRoleWithWebIdentity,arn:aws:iam::{account id}:role/{role name},arn:aws:iam::{account id}:oidc-provider/gitlab.com,{'StringLike': {'gitlab.com:sub': 'project_path:{redacted}/*:ref_type:branch:ref:*'}},allow,allow,sat,True
policy_5_iter_1.json,,/home/bhall2/Documents/fixmypolicy/FL/Experiment-2/temp_validation/val-50-ollamaa/policy_5_iter_1.json,13,allow_39a49474,Allow,"['sts:AssumeRoleWithWebIdentity', 'sts:TagSession']",arn:aws:iam::{account id}:role/{role name},allow_39a49474,allow_39a49474_combo_1,sts:AssumeRoleWithWebIdentity,arn:aws:iam::{account id}:role/{role name},arn:aws:iam::{account id}:oidc-provider/gitlab.com,{'StringLike': {'gitlab.com:sub': 'project_path:{redacted}/*:ref_type:branch:ref:*'}},allow,allow,sat,True
policy_5_iter_1.json,,/home/bhall2/Documents/fixmypolicy/FL/Experiment-2/temp_validation/val-50-ollamaa/policy_5_iter_1.json,13,allow_39a49474,Allow,"['sts:AssumeRoleWithWebIdentity', 'sts:TagSession']",arn:aws:iam::{account id}:role/{role name},allow_39a49474,allow_39a49474_combo_2,sts:TagSession,arn:aws:iam::{account id}:role/{role name},arn:aws:iam::{account id}:oidc-provider/gitlab.com,{'StringLike': {'gitlab.com:sub': 'project_path:{redacted}/*:ref_type:branch:ref:*'}},allow,allow,sat,True
policy_5_iter_1.json,,/home/bhall2/Documents/fixmypolicy/FL/Experiment-2/temp_validation/val-50-ollamaa/policy_5_iter_1.json,13,allow_39a49474,Allow,"['sts:AssumeRoleWithWebIdentity', 'sts:TagSession']",arn:aws:iam::{account id}:role/{role name},deny_b2a7386a,deny_b2a7386a_combo_1,iam:DeleteUser,arn:aws:iam::{account id}:role/{role name},arn:aws:iam::999888777666:oidc-provider/gitlab.com,{'StringEquals': {'aws:RequestedRegion': 'us-west-2'}},deny,deny,unsat,True
policy_5_iter_1.json,,/home/bhall2/Documents/fixmypolicy/FL/Experiment-2/temp_validation/val-50-ollamaa/policy_5_iter_1.json,13,allow_39a49474,Allow,"['sts:AssumeRoleWithWebIdentity', 'sts:TagSession']",arn:aws:iam::{account id}:role/{role name},deny_200cd3bf,deny_200cd3bf_combo_1,sts:AssumeRoleWithWebIdentity,arn:aws:iam::{account id}:role/{role name}-forbidden-resource,arn:aws:iam::123456789012:user/alice,{'StringEquals': {'aws:RequestedRegion': 'us-east-1'}},deny,deny,unsat,True
policy_5_iter_1.json,,/home/bhall2/Documents/fixmypolicy/FL/Experiment-2/temp_validation/val-50-ollamaa/policy_5_iter_1.json,13,allow_39a49474,Allow,"['sts:AssumeRoleWithWebIdentity', 'sts:TagSession']",arn:aws:iam::{account id}:role/{role name},allow_9e959d67,allow_9e959d67_combo_1,sts:TagSession,arn:aws:iam::{account id}:role/{role name},arn:aws:iam::{account id}:oidc-provider/gitlab.com,{'StringLike': {'gitlab.com:sub': 'project_path:{redacted}/*:ref_type:branch:ref:*'}},allow,allow,sat,True
policy_5_iter_1.json,,/home/bhall2/Documents/fixmypolicy/FL/Experiment-2/temp_validation/val-50-ollamaa/policy_5_iter_1.json,13,allow_39a49474,Allow,"['sts:AssumeRoleWithWebIdentity', 'sts:TagSession']",arn:aws:iam::{account id}:role/{role name},allow_8b2a35e8,allow_8b2a35e8_combo_1,sts:TagSession,arn:aws:iam::{account id}:role/{role name},arn:aws:iam::123456789012:user/alice,{'StringEquals': {'aws:RequestedRegion': 'us-east-1'}},allow,deny,unsat,False
policy_5_iter_1.json,,/home/bhall2/Documents/fixmypolicy/FL/Experiment-2/temp_validation/val-50-ollamaa/policy_5_iter_1.json,13,allow_39a49474,Allow,"['sts:AssumeRoleWithWebIdentity', 'sts:TagSession']",arn:aws:iam::{account id}:role/{role name},allow_a7f5ef81,allow_a7f5ef81_combo_1,sts:TagSession,arn:aws:iam::{account id}:role/{role name},arn:aws:iam::{account id}:oidc-provider/gitlab.com,{'StringLike': {'gitlab.com:sub': 'project_path:{redacted}/*:ref_type:branch:ref:*'}},allow,allow,sat,True
policy_5_iter_1.json,,/home/bhall2/Documents/fixmypolicy/FL/Experiment-2/temp_validation/val-50-ollamaa/policy_5_iter_1.json,13,allow_39a49474,Allow,"['sts:AssumeRoleWithWebIdentity', 'sts:TagSession']",arn:aws:iam::{account id}:role/{role name},deny_a61a5c77,deny_a61a5c77_combo_1,ec2:DescribeInstances,arn:aws:iam::{account id}:role/{role name},arn:aws:iam::{account id}:oidc-provider/forbidden-gitlab.com,{'IpAddress': {'aws:SourceIp': '203.0.113.0/24'}},deny,deny,unsat,True
policy_5_iter_1.json,,/home/bhall2/Documents/fixmypolicy/FL/Experiment-2/temp_validation/val-50-ollamaa/policy_5_iter_1.json,13,allow_39a49474,Allow,"['sts:AssumeRoleWithWebIdentity', 'sts:TagSession']",arn:aws:iam::{account id}:role/{role name},allow_8fe72846,allow_8fe72846_combo_1,sts:AssumeRoleWithWebIdentity,arn:aws:iam::{account id}:role/{role name},arn:aws:iam::{account id}:oidc-provider/gitlab.com,{'StringLike': {'gitlab.com:sub': 'project_path:{redacted}/*:ref_type:branch:ref:*'}},allow,allow,sat,True
policy_5_iter_1.json,,/home/bhall2/Documents/fixmypolicy/FL/Experiment-2/temp_validation/val-50-ollamaa/policy_5_iter_1.json,13,allow_39a49474,Allow,"['sts:AssumeRoleWithWebIdentity', 'sts:TagSession']",arn:aws:iam::{account id}:role/{role name},allow_8fe72846,allow_8fe72846_combo_2,sts:TagSession,arn:aws:iam::{account id}:role/{role name},arn:aws:iam::{account id}:oidc-provider/gitlab.com,{'StringLike': {'gitlab.com:sub': 'project_path:{redacted}/*:ref_type:branch:ref:*'}},allow,allow,sat,True
policy_5_iter_1.json,,/home/bhall2/Documents/fixmypolicy/FL/Experiment-2/temp_validation/val-50-ollamaa/policy_5_iter_1.json,13,allow_39a49474,Allow,"['sts:AssumeRoleWithWebIdentity', 'sts:TagSession']",arn:aws:iam::{account id}:role/{role name},allow_b9703ac8,allow_b9703ac8_combo_1,sts:AssumeRoleWithWebIdentity,arn:aws:iam::{account id}:role/{role name},arn:aws:iam::{account id}:oidc-provider/gitlab.com,{'StringLike': {'gitlab.com:sub': 'project_path:{redacted}/*:ref_type:branch:ref:*'}},allow,allow,sat,True
policy_5_iter_1.json,,/home/bhall2/Documents/fixmypolicy/FL/Experiment-2/temp_validation/val-50-ollamaa/policy_5_iter_1.json,13,allow_39a49474,Allow,"['sts:AssumeRoleWithWebIdentity', 'sts:TagSession']",arn:aws:iam::{account id}:role/{role name},allow_b9703ac8,allow_b9703ac8_combo_2,sts:TagSession,arn:aws:iam::{account id}:role/{role name},arn:aws:iam::{account id}:oidc-provider/gitlab.com,{'StringLike': {'gitlab.com:sub': 'project_path:{redacted}/*:ref_type:branch:ref:*'}},allow,allow,sat,True
policy_5_iter_1.json,,/home/bhall2/Documents/fixmypolicy/FL/Experiment-2/temp_validation/val-50-ollamaa/policy_5_iter_1.json,13,allow_39a49474,Allow,"['sts:AssumeRoleWithWebIdentity', 'sts:TagSession']",arn:aws:iam::{account id}:role/{role name},deny_fda03fc6,deny_fda03fc6_combo_1,sts:AssumeRoleWithWebIdentity,arn:aws:iam::{account id}:role/{role name}-forbidden-resource,arn:aws:iam::{account id}:oidc-provider/gitlab.com,{'StringLike': {'gitlab.com:sub': 'project_path:{redacted}/*:ref_type:branch:ref:*'}},deny,deny,unsat,True
policy_5_iter_1.json,,/home/bhall2/Documents/fixmypolicy/FL/Experiment-2/temp_validation/val-50-ollamaa/policy_5_iter_1.json,13,allow_39a49474,Allow,"['sts:AssumeRoleWithWebIdentity', 'sts:TagSession']",arn:aws:iam::{account id}:role/{role name},deny_fda03fc6,deny_fda03fc6_combo_2,sts:TagSession,arn:aws:iam::{account id}:role/{role name}-forbidden-resource,arn:aws:iam::{account id}:oidc-provider/gitlab.com,{'StringLike': {'gitlab.com:sub': 'project_path:{redacted}/*:ref_type:branch:ref:*'}},deny,deny,unsat,True
policy_5_iter_1.json,,/home/bhall2/Documents/fixmypolicy/FL/Experiment-2/temp_validation/val-50-ollamaa/policy_5_iter_1.json,14,allow_9e959d67,Allow,['sts:TagSession'],arn:aws:iam::{account id}:role/{role name},allow_a8fd7ef6,allow_a8fd7ef6_combo_1,sts:AssumeRoleWithWebIdentity,arn:aws:iam::{account id}:role/{role name},arn:aws:iam::{account id}:oidc-provider/gitlab.com,{'StringLike': {'gitlab.com:sub': 'project_path:{redacted}/*:ref_type:branch:ref:*'}},allow,deny,unsat,False
policy_5_iter_1.json,,/home/bhall2/Documents/fixmypolicy/FL/Experiment-2/temp_validation/val-50-ollamaa/policy_5_iter_1.json,14,allow_9e959d67,Allow,['sts:TagSession'],arn:aws:iam::{account id}:role/{role name},allow_e641a090,allow_e641a090_combo_1,sts:AssumeRoleWithWebIdentity,arn:aws:iam::{account id}:role/{role name},arn:aws:iam::{account id}:oidc-provider/gitlab.com,{'StringLike': {'gitlab.com:sub': 'project_path:{redacted}/*:ref_type:branch:ref:*'}},allow,deny,unsat,False
policy_5_iter_1.json,,/home/bhall2/Documents/fixmypolicy/FL/Experiment-2/temp_validation/val-50-ollamaa/policy_5_iter_1.json,14,allow_9e959d67,Allow,['sts:TagSession'],arn:aws:iam::{account id}:role/{role name},deny_f13ef671,deny_f13ef671_combo_1,iam:CreateUser,arn:aws:iam::{account id}:role/{role name},arn:aws:iam::123456789012:user/alice,{'DateLessThan': {'aws:CurrentTime': '2025-12-31T23:59:59Z'}},deny,deny,unsat,True
policy_5_iter_1.json,,/home/bhall2/Documents/fixmypolicy/FL/Experiment-2/temp_validation/val-50-ollamaa/policy_5_iter_1.json,14,allow_9e959d67,Allow,['sts:TagSession'],arn:aws:iam::{account id}:role/{role name},allow_d28acd92,allow_d28acd92_combo_1,sts:TagSession,arn:aws:iam::{account id}:role/{role name},arn:aws:iam::123456789012:user/alice,{'DateGreaterThan': {'aws:CurrentTime': '2024-01-01T00:00:00Z'}},allow,deny,unsat,False
policy_5_iter_1.json,,/home/bhall2/Documents/fixmypolicy/FL/Experiment-2/temp_validation/val-50-ollamaa/policy_5_iter_1.json,14,allow_9e959d67,Allow,['sts:TagSession'],arn:aws:iam::{account id}:role/{role name},allow_d28acd92,allow_d28acd92_combo_2,sts:AssumeRoleWithWebIdentity,arn:aws:iam::{account id}:role/{role name},arn:aws:iam::123456789012:user/alice,{'DateGreaterThan': {'aws:CurrentTime': '2024-01-01T00:00:00Z'}},allow,deny,unsat,False
policy_5_iter_1.json,,/home/bhall2/Documents/fixmypolicy/FL/Experiment-2/temp_validation/val-50-ollamaa/policy_5_iter_1.json,14,allow_9e959d67,Allow,['sts:TagSession'],arn:aws:iam::{account id}:role/{role name},allow_ad67e7d3,allow_ad67e7d3_combo_1,sts:TagSession,arn:aws:iam::{account id}:role/{role name},arn:aws:iam::{account id}:oidc-provider/gitlab.com,{'StringLike': {'gitlab.com:sub': 'project_path:{redacted}/ref_type:branch:ref'}},allow,allow,sat,True
policy_5_iter_1.json,,/home/bhall2/Documents/fixmypolicy/FL/Experiment-2/temp_validation/val-50-ollamaa/policy_5_iter_1.json,14,allow_9e959d67,Allow,['sts:TagSession'],arn:aws:iam::{account id}:role/{role name},allow_ad67e7d3,allow_ad67e7d3_combo_2,sts:AssumeRoleWithWebIdentity,arn:aws:iam::{account id}:role/{role name},arn:aws:iam::{account id}:oidc-provider/gitlab.com,{'StringLike': {'gitlab.com:sub': 'project_path:{redacted}/ref_type:branch:ref'}},allow,deny,unsat,False
policy_5_iter_1.json,,/home/bhall2/Documents/fixmypolicy/FL/Experiment-2/temp_validation/val-50-ollamaa/policy_5_iter_1.json,14,allow_9e959d67,Allow,['sts:TagSession'],arn:aws:iam::{account id}:role/{role name},deny_51d9c228,deny_51d9c228_combo_1,ec2:RunInstances,arn:aws:iam::{account id}:role/{role name},arn:aws:iam::123456789012:user/alice,{'DateLessThan': {'aws:CurrentTime': '2025-12-31T23:59:59Z'}},deny,deny,unsat,True
policy_5_iter_1.json,,/home/bhall2/Documents/fixmypolicy/FL/Experiment-2/temp_validation/val-50-ollamaa/policy_5_iter_1.json,14,allow_9e959d67,Allow,['sts:TagSession'],arn:aws:iam::{account id}:role/{role name},deny_c81babfb,deny_c81babfb_combo_1,sts:TagSession,forbidden-arn:aws:iam::{account id}:role/{role name}-specific,arn:aws:iam::{account id}:oidc-provider/forbidden-gitlab.com,{'IpAddress': {'aws:SourceIp': '203.0.113.0/24'}},deny,deny,unsat,True
policy_5_iter_1.json,,/home/bhall2/Documents/fixmypolicy/FL/Experiment-2/temp_validation/val-50-ollamaa/policy_5_iter_1.json,14,allow_9e959d67,Allow,['sts:TagSession'],arn:aws:iam::{account id}:role/{role name},deny_c81babfb,deny_c81babfb_combo_2,sts:AssumeRoleWithWebIdentity,forbidden-arn:aws:iam::{account id}:role/{role name}-specific,arn:aws:iam::{account id}:oidc-provider/forbidden-gitlab.com,{'IpAddress': {'aws:SourceIp': '203.0.113.0/24'}},deny,deny,unsat,True
policy_5_iter_1.json,,/home/bhall2/Documents/fixmypolicy/FL/Experiment-2/temp_validation/val-50-ollamaa/policy_5_iter_1.json,14,allow_9e959d67,Allow,['sts:TagSession'],arn:aws:iam::{account id}:role/{role name},deny_d9e1c623,deny_d9e1c623_combo_1,sts:AssumeRoleWithWebIdentity,arn:aws:iam::{account id}:role/{role name}-forbidden-resource,arn:aws:iam::999888777666:oidc-provider/gitlab.com,{'StringEquals': {'aws:RequestedRegion': 'us-east-1'}},deny,deny,unsat,True
policy_5_iter_1.json,,/home/bhall2/Documents/fixmypolicy/FL/Experiment-2/temp_validation/val-50-ollamaa/policy_5_iter_1.json,14,allow_9e959d67,Allow,['sts:TagSession'],arn:aws:iam::{account id}:role/{role name},deny_eae39e7d,deny_eae39e7d_combo_1,lambda:CreateFunction,arn:aws:iam::{account id}:role/{role name},arn:aws:iam::{account id}:oidc-provider/forbidden-gitlab.com,{'DateLessThan': {'aws:CurrentTime': '2025-12-31T23:59:59Z'}},deny,deny,unsat,True
policy_5_iter_1.json,,/home/bhall2/Documents/fixmypolicy/FL/Experiment-2/temp_validation/val-50-ollamaa/policy_5_iter_1.json,14,allow_9e959d67,Allow,['sts:TagSession'],arn:aws:iam::{account id}:role/{role name},allow_277adc8e,allow_277adc8e_combo_1,sts:TagSession,arn:aws:iam::{account id}:role/{role name},arn:aws:iam::{account id}:oidc-provider/gitlab.com,{'StringLike': {'gitlab.com:sub': 'project_path:{redacted}/ref_type:branch:ref'}},allow,allow,sat,True
policy_5_iter_1.json,,/home/bhall2/Documents/fixmypolicy/FL/Experiment-2/temp_validation/val-50-ollamaa/policy_5_iter_1.json,14,allow_9e959d67,Allow,['sts:TagSession'],arn:aws:iam::{account id}:role/{role name},allow_277adc8e,allow_277adc8e_combo_2,sts:AssumeRoleWithWebIdentity,arn:aws:iam::{account id}:role/{role name},arn:aws:iam::{account id}:oidc-provider/gitlab.com,{'StringLike': {'gitlab.com:sub': 'project_path:{redacted}/ref_type:branch:ref'}},allow,deny,unsat,False
policy_5_iter_1.json,,/home/bhall2/Documents/fixmypolicy/FL/Experiment-2/temp_validation/val-50-ollamaa/policy_5_iter_1.json,14,allow_9e959d67,Allow,['sts:TagSession'],arn:aws:iam::{account id}:role/{role name},deny_2efa2500,deny_2efa2500_combo_1,sts:TagSession,arn:aws:iam::{account id}:role/{role name}-forbidden-resource,arn:aws:iam::{account id}:oidc-provider/gitlab.com,{'StringLike': {'gitlab.com:sub': 'project_path:{redacted}/*:ref_type:branch:ref:*'}},deny,deny,unsat,True
policy_5_iter_1.json,,/home/bhall2/Documents/fixmypolicy/FL/Experiment-2/temp_validation/val-50-ollamaa/policy_5_iter_1.json,14,allow_9e959d67,Allow,['sts:TagSession'],arn:aws:iam::{account id}:role/{role name},deny_2efa2500,deny_2efa2500_combo_2,sts:AssumeRoleWithWebIdentity,arn:aws:iam::{account id}:role/{role name}-forbidden-resource,arn:aws:iam::{account id}:oidc-provider/gitlab.com,{'StringLike': {'gitlab.com:sub': 'project_path:{redacted}/*:ref_type:branch:ref:*'}},deny,deny,unsat,True
policy_5_iter_1.json,,/home/bhall2/Documents/fixmypolicy/FL/Experiment-2/temp_validation/val-50-ollamaa/policy_5_iter_1.json,14,allow_9e959d67,Allow,['sts:TagSession'],arn:aws:iam::{account id}:role/{role name},allow_4b2e6812,allow_4b2e6812_combo_1,sts:TagSession,arn:aws:iam::{account id}:role/{role name},arn:aws:iam::999888777666:oidc-provider/gitlab.com,{'StringEquals': {'aws:RequestedRegion': 'us-west-2'}},allow,deny,unsat,False
policy_5_iter_1.json,,/home/bhall2/Documents/fixmypolicy/FL/Experiment-2/temp_validation/val-50-ollamaa/policy_5_iter_1.json,14,allow_9e959d67,Allow,['sts:TagSession'],arn:aws:iam::{account id}:role/{role name},allow_4b2e6812,allow_4b2e6812_combo_2,sts:AssumeRoleWithWebIdentity,arn:aws:iam::{account id}:role/{role name},arn:aws:iam::999888777666:oidc-provider/gitlab.com,{'StringEquals': {'aws:RequestedRegion': 'us-west-2'}},allow,deny,unsat,False
policy_5_iter_1.json,,/home/bhall2/Documents/fixmypolicy/FL/Experiment-2/temp_validation/val-50-ollamaa/policy_5_iter_1.json,14,allow_9e959d67,Allow,['sts:TagSession'],arn:aws:iam::{account id}:role/{role name},deny_2ccddee4,deny_2ccddee4_combo_1,iam:DeleteUser,arn:aws:iam::{account id}:role/{role name},arn:aws:iam::999888777666:oidc-provider/gitlab.com,{'DateLessThan': {'aws:CurrentTime': '2025-12-31T23:59:59Z'}},deny,deny,unsat,True
policy_5_iter_1.json,,/home/bhall2/Documents/fixmypolicy/FL/Experiment-2/temp_validation/val-50-ollamaa/policy_5_iter_1.json,14,allow_9e959d67,Allow,['sts:TagSession'],arn:aws:iam::{account id}:role/{role name},allow_8d6aad9f,allow_8d6aad9f_combo_1,sts:TagSession,arn:aws:iam::{account id}:role/{role name},arn:aws:iam::{account id}:oidc-provider/gitlab.com,{'StringLike': {'gitlab.com:sub': 'project_path:{redacted}/*:ref_type:branch:ref:*'}},allow,allow,sat,True
policy_5_iter_1.json,,/home/bhall2/Documents/fixmypolicy/FL/Experiment-2/temp_validation/val-50-ollamaa/policy_5_iter_1.json,14,allow_9e959d67,Allow,['sts:TagSession'],arn:aws:iam::{account id}:role/{role name},allow_8d6aad9f,allow_8d6aad9f_combo_2,sts:AssumeRoleWithWebIdentity,arn:aws:iam::{account id}:role/{role name},arn:aws:iam::{account id}:oidc-provider/gitlab.com,{'StringLike': {'gitlab.com:sub': 'project_path:{redacted}/*:ref_type:branch:ref:*'}},allow,deny,unsat,False
policy_5_iter_1.json,,/home/bhall2/Documents/fixmypolicy/FL/Experiment-2/temp_validation/val-50-ollamaa/policy_5_iter_1.json,14,allow_9e959d67,Allow,['sts:TagSession'],arn:aws:iam::{account id}:role/{role name},allow_46828ad7,allow_46828ad7_combo_1,sts:AssumeRoleWithWebIdentity,arn:aws:iam::{account id}:role/{role name},arn:aws:iam::123456789012:user/alice,{'DateGreaterThan': {'aws:CurrentTime': '2024-01-01T00:00:00Z'}},allow,deny,unsat,False
policy_5_iter_1.json,,/home/bhall2/Documents/fixmypolicy/FL/Experiment-2/temp_validation/val-50-ollamaa/policy_5_iter_1.json,14,allow_9e959d67,Allow,['sts:TagSession'],arn:aws:iam::{account id}:role/{role name},allow_46828ad7,allow_46828ad7_combo_2,sts:TagSession,arn:aws:iam::{account id}:role/{role name},arn:aws:iam::123456789012:user/alice,{'DateGreaterThan': {'aws:CurrentTime': '2024-01-01T00:00:00Z'}},allow,deny,unsat,False
policy_5_iter_1.json,,/home/bhall2/Documents/fixmypolicy/FL/Experiment-2/temp_validation/val-50-ollamaa/policy_5_iter_1.json,14,allow_9e959d67,Allow,['sts:TagSession'],arn:aws:iam::{account id}:role/{role name},deny_284a8d13,deny_284a8d13_combo_1,lambda:CreateFunction,arn:aws:iam::{account id}:role/{role name},arn:aws:iam::123456789012:user/alice,{'DateLessThan': {'aws:CurrentTime': '2025-12-31T23:59:59Z'}},deny,deny,unsat,True
policy_5_iter_1.json,,/home/bhall2/Documents/fixmypolicy/FL/Experiment-2/temp_validation/val-50-ollamaa/policy_5_iter_1.json,14,allow_9e959d67,Allow,['sts:TagSession'],arn:aws:iam::{account id}:role/{role name},allow_d296b21a,allow_d296b21a_combo_1,sts:TagSession,arn:aws:iam::{account id}:role/{role name},arn:aws:iam::999888777666:oidc-provider/gitlab.com,{'StringEquals': {'aws:RequestedRegion': 'us-east-1'}},allow,deny,unsat,False
policy_5_iter_1.json,,/home/bhall2/Documents/fixmypolicy/FL/Experiment-2/temp_validation/val-50-ollamaa/policy_5_iter_1.json,14,allow_9e959d67,Allow,['sts:TagSession'],arn:aws:iam::{account id}:role/{role name},allow_d296b21a,allow_d296b21a_combo_2,sts:AssumeRoleWithWebIdentity,arn:aws:iam::{account id}:role/{role name},arn:aws:iam::999888777666:oidc-provider/gitlab.com,{'StringEquals': {'aws:RequestedRegion': 'us-east-1'}},allow,deny,unsat,False
policy_5_iter_1.json,,/home/bhall2/Documents/fixmypolicy/FL/Experiment-2/temp_validation/val-50-ollamaa/policy_5_iter_1.json,14,allow_9e959d67,Allow,['sts:TagSession'],arn:aws:iam::{account id}:role/{role name},deny_0f38f412,deny_0f38f412_combo_1,ec2:RunInstances,arn:aws:iam::{account id}:role/{role name},arn:aws:iam::123456789012:user/alice,{'IpAddress': {'aws:SourceIp': '203.0.113.0/24'}},deny,deny,unsat,True
policy_5_iter_1.json,,/home/bhall2/Documents/fixmypolicy/FL/Experiment-2/temp_validation/val-50-ollamaa/policy_5_iter_1.json,14,allow_9e959d67,Allow,['sts:TagSession'],arn:aws:iam::{account id}:role/{role name},deny_dccafd42,deny_dccafd42_combo_1,sts:TagSession,forbidden-arn:aws:iam::{account id}:role/{role name}-specific,arn:aws:iam::{account id}:oidc-provider/forbidden-gitlab.com,{'DateLessThan': {'aws:CurrentTime': '2025-12-31T23:59:59Z'}},deny,deny,unsat,True
policy_5_iter_1.json,,/home/bhall2/Documents/fixmypolicy/FL/Experiment-2/temp_validation/val-50-ollamaa/policy_5_iter_1.json,14,allow_9e959d67,Allow,['sts:TagSession'],arn:aws:iam::{account id}:role/{role name},deny_dccafd42,deny_dccafd42_combo_2,sts:AssumeRoleWithWebIdentity,forbidden-arn:aws:iam::{account id}:role/{role name}-specific,arn:aws:iam::{account id}:oidc-provider/forbidden-gitlab.com,{'DateLessThan': {'aws:CurrentTime': '2025-12-31T23:59:59Z'}},deny,deny,unsat,True
policy_5_iter_1.json,,/home/bhall2/Documents/fixmypolicy/FL/Experiment-2/temp_validation/val-50-ollamaa/policy_5_iter_1.json,14,allow_9e959d67,Allow,['sts:TagSession'],arn:aws:iam::{account id}:role/{role name},allow_b3521fa7,allow_b3521fa7_combo_1,sts:AssumeRoleWithWebIdentity,arn:aws:iam::{account id}:role/{role name},arn:aws:iam::{account id}:oidc-provider/gitlab.com,{'StringLike': {'gitlab.com:sub': 'project_path:{redacted}/*:ref_type:branch:ref:*'}},allow,deny,unsat,False
policy_5_iter_1.json,,/home/bhall2/Documents/fixmypolicy/FL/Experiment-2/temp_validation/val-50-ollamaa/policy_5_iter_1.json,14,allow_9e959d67,Allow,['sts:TagSession'],arn:aws:iam::{account id}:role/{role name},deny_5cdc410d,deny_5cdc410d_combo_1,sts:AssumeRoleWithWebIdentity,arn:aws:iam::{account id}:role/{role name}-forbidden-resource,arn:aws:iam::999888777666:oidc-provider/gitlab.com,{'DateLessThan': {'aws:CurrentTime': '2025-12-31T23:59:59Z'}},deny,deny,unsat,True
policy_5_iter_1.json,,/home/bhall2/Documents/fixmypolicy/FL/Experiment-2/temp_validation/val-50-ollamaa/policy_5_iter_1.json,14,allow_9e959d67,Allow,['sts:TagSession'],arn:aws:iam::{account id}:role/{role name},allow_1a3aa330,allow_1a3aa330_combo_1,sts:TagSession,arn:aws:iam::{account id}:role/{role name},arn:aws:iam::{account id}:oidc-provider/gitlab.com,{'StringLike': {'gitlab.com:sub': 'project_path:{redacted}/*:ref_type:branch:ref:*'}},allow,allow,sat,True
policy_5_iter_1.json,,/home/bhall2/Documents/fixmypolicy/FL/Experiment-2/temp_validation/val-50-ollamaa/policy_5_iter_1.json,14,allow_9e959d67,Allow,['sts:TagSession'],arn:aws:iam::{account id}:role/{role name},allow_1a3aa330,allow_1a3aa330_combo_2,sts:AssumeRoleWithWebIdentity,arn:aws:iam::{account id}:role/{role name},arn:aws:iam::{account id}:oidc-provider/gitlab.com,{'StringLike': {'gitlab.com:sub': 'project_path:{redacted}/*:ref_type:branch:ref:*'}},allow,deny,unsat,False
policy_5_iter_1.json,,/home/bhall2/Documents/fixmypolicy/FL/Experiment-2/temp_validation/val-50-ollamaa/policy_5_iter_1.json,14,allow_9e959d67,Allow,['sts:TagSession'],arn:aws:iam::{account id}:role/{role name},deny_8dc7e4d8,deny_8dc7e4d8_combo_1,sts:TagSession,arn:aws:iam::{account id}:role/{role name}-forbidden-resource,arn:aws:iam::{account id}:oidc-provider/gitlab.com,{'StringLike': {'gitlab.com:sub': 'project_path:{redacted}/*:ref_type:branch:ref:*'}},deny,deny,unsat,True
policy_5_iter_1.json,,/home/bhall2/Documents/fixmypolicy/FL/Experiment-2/temp_validation/val-50-ollamaa/policy_5_iter_1.json,14,allow_9e959d67,Allow,['sts:TagSession'],arn:aws:iam::{account id}:role/{role name},allow_a3073d0d,allow_a3073d0d_combo_1,sts:TagSession,arn:aws:iam::{account id}:role/{role name},arn:aws:iam::{account id}:oidc-provider/gitlab.com,{'StringLike': {'gitlab.com:sub': 'project_path:{redacted}/*:ref_type:branch:ref:*'}},allow,allow,sat,True
policy_5_iter_1.json,,/home/bhall2/Documents/fixmypolicy/FL/Experiment-2/temp_validation/val-50-ollamaa/policy_5_iter_1.json,14,allow_9e959d67,Allow,['sts:TagSession'],arn:aws:iam::{account id}:role/{role name},allow_a3073d0d,allow_a3073d0d_combo_2,sts:AssumeRoleWithWebIdentity,arn:aws:iam::{account id}:role/{role name},arn:aws:iam::{account id}:oidc-provider/gitlab.com,{'StringLike': {'gitlab.com:sub': 'project_path:{redacted}/*:ref_type:branch:ref:*'}},allow,deny,unsat,False
policy_5_iter_1.json,,/home/bhall2/Documents/fixmypolicy/FL/Experiment-2/temp_validation/val-50-ollamaa/policy_5_iter_1.json,14,allow_9e959d67,Allow,['sts:TagSession'],arn:aws:iam::{account id}:role/{role name},allow_39a49474,allow_39a49474_combo_1,sts:AssumeRoleWithWebIdentity,arn:aws:iam::{account id}:role/{role name},arn:aws:iam::{account id}:oidc-provider/gitlab.com,{'StringLike': {'gitlab.com:sub': 'project_path:{redacted}/*:ref_type:branch:ref:*'}},allow,deny,unsat,False
policy_5_iter_1.json,,/home/bhall2/Documents/fixmypolicy/FL/Experiment-2/temp_validation/val-50-ollamaa/policy_5_iter_1.json,14,allow_9e959d67,Allow,['sts:TagSession'],arn:aws:iam::{account id}:role/{role name},allow_39a49474,allow_39a49474_combo_2,sts:TagSession,arn:aws:iam::{account id}:role/{role name},arn:aws:iam::{account id}:oidc-provider/gitlab.com,{'StringLike': {'gitlab.com:sub': 'project_path:{redacted}/*:ref_type:branch:ref:*'}},allow,allow,sat,True
policy_5_iter_1.json,,/home/bhall2/Documents/fixmypolicy/FL/Experiment-2/temp_validation/val-50-ollamaa/policy_5_iter_1.json,14,allow_9e959d67,Allow,['sts:TagSession'],arn:aws:iam::{account id}:role/{role name},deny_b2a7386a,deny_b2a7386a_combo_1,iam:DeleteUser,arn:aws:iam::{account id}:role/{role name},arn:aws:iam::999888777666:oidc-provider/gitlab.com,{'StringEquals': {'aws:RequestedRegion': 'us-west-2'}},deny,deny,unsat,True
policy_5_iter_1.json,,/home/bhall2/Documents/fixmypolicy/FL/Experiment-2/temp_validation/val-50-ollamaa/policy_5_iter_1.json,14,allow_9e959d67,Allow,['sts:TagSession'],arn:aws:iam::{account id}:role/{role name},deny_200cd3bf,deny_200cd3bf_combo_1,sts:AssumeRoleWithWebIdentity,arn:aws:iam::{account id}:role/{role name}-forbidden-resource,arn:aws:iam::123456789012:user/alice,{'StringEquals': {'aws:RequestedRegion': 'us-east-1'}},deny,deny,unsat,True
policy_5_iter_1.json,,/home/bhall2/Documents/fixmypolicy/FL/Experiment-2/temp_validation/val-50-ollamaa/policy_5_iter_1.json,14,allow_9e959d67,Allow,['sts:TagSession'],arn:aws:iam::{account id}:role/{role name},allow_9e959d67,allow_9e959d67_combo_1,sts:TagSession,arn:aws:iam::{account id}:role/{role name},arn:aws:iam::{account id}:oidc-provider/gitlab.com,{'StringLike': {'gitlab.com:sub': 'project_path:{redacted}/*:ref_type:branch:ref:*'}},allow,allow,sat,True
policy_5_iter_1.json,,/home/bhall2/Documents/fixmypolicy/FL/Experiment-2/temp_validation/val-50-ollamaa/policy_5_iter_1.json,14,allow_9e959d67,Allow,['sts:TagSession'],arn:aws:iam::{account id}:role/{role name},allow_8b2a35e8,allow_8b2a35e8_combo_1,sts:TagSession,arn:aws:iam::{account id}:role/{role name},arn:aws:iam::123456789012:user/alice,{'StringEquals': {'aws:RequestedRegion': 'us-east-1'}},allow,deny,unsat,False
policy_5_iter_1.json,,/home/bhall2/Documents/fixmypolicy/FL/Experiment-2/temp_validation/val-50-ollamaa/policy_5_iter_1.json,14,allow_9e959d67,Allow,['sts:TagSession'],arn:aws:iam::{account id}:role/{role name},allow_a7f5ef81,allow_a7f5ef81_combo_1,sts:TagSession,arn:aws:iam::{account id}:role/{role name},arn:aws:iam::{account id}:oidc-provider/gitlab.com,{'StringLike': {'gitlab.com:sub': 'project_path:{redacted}/*:ref_type:branch:ref:*'}},allow,allow,sat,True
policy_5_iter_1.json,,/home/bhall2/Documents/fixmypolicy/FL/Experiment-2/temp_validation/val-50-ollamaa/policy_5_iter_1.json,14,allow_9e959d67,Allow,['sts:TagSession'],arn:aws:iam::{account id}:role/{role name},deny_a61a5c77,deny_a61a5c77_combo_1,ec2:DescribeInstances,arn:aws:iam::{account id}:role/{role name},arn:aws:iam::{account id}:oidc-provider/forbidden-gitlab.com,{'IpAddress': {'aws:SourceIp': '203.0.113.0/24'}},deny,deny,unsat,True
policy_5_iter_1.json,,/home/bhall2/Documents/fixmypolicy/FL/Experiment-2/temp_validation/val-50-ollamaa/policy_5_iter_1.json,14,allow_9e959d67,Allow,['sts:TagSession'],arn:aws:iam::{account id}:role/{role name},allow_8fe72846,allow_8fe72846_combo_1,sts:AssumeRoleWithWebIdentity,arn:aws:iam::{account id}:role/{role name},arn:aws:iam::{account id}:oidc-provider/gitlab.com,{'StringLike': {'gitlab.com:sub': 'project_path:{redacted}/*:ref_type:branch:ref:*'}},allow,deny,unsat,False
policy_5_iter_1.json,,/home/bhall2/Documents/fixmypolicy/FL/Experiment-2/temp_validation/val-50-ollamaa/policy_5_iter_1.json,14,allow_9e959d67,Allow,['sts:TagSession'],arn:aws:iam::{account id}:role/{role name},allow_8fe72846,allow_8fe72846_combo_2,sts:TagSession,arn:aws:iam::{account id}:role/{role name},arn:aws:iam::{account id}:oidc-provider/gitlab.com,{'StringLike': {'gitlab.com:sub': 'project_path:{redacted}/*:ref_type:branch:ref:*'}},allow,allow,sat,True
policy_5_iter_1.json,,/home/bhall2/Documents/fixmypolicy/FL/Experiment-2/temp_validation/val-50-ollamaa/policy_5_iter_1.json,14,allow_9e959d67,Allow,['sts:TagSession'],arn:aws:iam::{account id}:role/{role name},allow_b9703ac8,allow_b9703ac8_combo_1,sts:AssumeRoleWithWebIdentity,arn:aws:iam::{account id}:role/{role name},arn:aws:iam::{account id}:oidc-provider/gitlab.com,{'StringLike': {'gitlab.com:sub': 'project_path:{redacted}/*:ref_type:branch:ref:*'}},allow,deny,unsat,False
policy_5_iter_1.json,,/home/bhall2/Documents/fixmypolicy/FL/Experiment-2/temp_validation/val-50-ollamaa/policy_5_iter_1.json,14,allow_9e959d67,Allow,['sts:TagSession'],arn:aws:iam::{account id}:role/{role name},allow_b9703ac8,allow_b9703ac8_combo_2,sts:TagSession,arn:aws:iam::{account id}:role/{role name},arn:aws:iam::{account id}:oidc-provider/gitlab.com,{'StringLike': {'gitlab.com:sub': 'project_path:{redacted}/*:ref_type:branch:ref:*'}},allow,allow,sat,True
policy_5_iter_1.json,,/home/bhall2/Documents/fixmypolicy/FL/Experiment-2/temp_validation/val-50-ollamaa/policy_5_iter_1.json,14,allow_9e959d67,Allow,['sts:TagSession'],arn:aws:iam::{account id}:role/{role name},deny_fda03fc6,deny_fda03fc6_combo_1,sts:AssumeRoleWithWebIdentity,arn:aws:iam::{account id}:role/{role name}-forbidden-resource,arn:aws:iam::{account id}:oidc-provider/gitlab.com,{'StringLike': {'gitlab.com:sub': 'project_path:{redacted}/*:ref_type:branch:ref:*'}},deny,deny,unsat,True
policy_5_iter_1.json,,/home/bhall2/Documents/fixmypolicy/FL/Experiment-2/temp_validation/val-50-ollamaa/policy_5_iter_1.json,14,allow_9e959d67,Allow,['sts:TagSession'],arn:aws:iam::{account id}:role/{role name},deny_fda03fc6,deny_fda03fc6_combo_2,sts:TagSession,arn:aws:iam::{account id}:role/{role name}-forbidden-resource,arn:aws:iam::{account id}:oidc-provider/gitlab.com,{'StringLike': {'gitlab.com:sub': 'project_path:{redacted}/*:ref_type:branch:ref:*'}},deny,deny,unsat,True
policy_5_iter_1.json,,/home/bhall2/Documents/fixmypolicy/FL/Experiment-2/temp_validation/val-50-ollamaa/policy_5_iter_1.json,15,allow_8b2a35e8,Allow,['sts:TagSession'],arn:aws:iam::{account id}:role/{role name},allow_a8fd7ef6,allow_a8fd7ef6_combo_1,sts:AssumeRoleWithWebIdentity,arn:aws:iam::{account id}:role/{role name},arn:aws:iam::{account id}:oidc-provider/gitlab.com,{'StringLike': {'gitlab.com:sub': 'project_path:{redacted}/*:ref_type:branch:ref:*'}},allow,deny,unsat,False
policy_5_iter_1.json,,/home/bhall2/Documents/fixmypolicy/FL/Experiment-2/temp_validation/val-50-ollamaa/policy_5_iter_1.json,15,allow_8b2a35e8,Allow,['sts:TagSession'],arn:aws:iam::{account id}:role/{role name},allow_e641a090,allow_e641a090_combo_1,sts:AssumeRoleWithWebIdentity,arn:aws:iam::{account id}:role/{role name},arn:aws:iam::{account id}:oidc-provider/gitlab.com,{'StringLike': {'gitlab.com:sub': 'project_path:{redacted}/*:ref_type:branch:ref:*'}},allow,deny,unsat,False
policy_5_iter_1.json,,/home/bhall2/Documents/fixmypolicy/FL/Experiment-2/temp_validation/val-50-ollamaa/policy_5_iter_1.json,15,allow_8b2a35e8,Allow,['sts:TagSession'],arn:aws:iam::{account id}:role/{role name},deny_f13ef671,deny_f13ef671_combo_1,iam:CreateUser,arn:aws:iam::{account id}:role/{role name},arn:aws:iam::123456789012:user/alice,{'DateLessThan': {'aws:CurrentTime': '2025-12-31T23:59:59Z'}},deny,deny,unsat,True
policy_5_iter_1.json,,/home/bhall2/Documents/fixmypolicy/FL/Experiment-2/temp_validation/val-50-ollamaa/policy_5_iter_1.json,15,allow_8b2a35e8,Allow,['sts:TagSession'],arn:aws:iam::{account id}:role/{role name},allow_d28acd92,allow_d28acd92_combo_1,sts:TagSession,arn:aws:iam::{account id}:role/{role name},arn:aws:iam::123456789012:user/alice,{'DateGreaterThan': {'aws:CurrentTime': '2024-01-01T00:00:00Z'}},allow,allow,sat,True
policy_5_iter_1.json,,/home/bhall2/Documents/fixmypolicy/FL/Experiment-2/temp_validation/val-50-ollamaa/policy_5_iter_1.json,15,allow_8b2a35e8,Allow,['sts:TagSession'],arn:aws:iam::{account id}:role/{role name},allow_d28acd92,allow_d28acd92_combo_2,sts:AssumeRoleWithWebIdentity,arn:aws:iam::{account id}:role/{role name},arn:aws:iam::123456789012:user/alice,{'DateGreaterThan': {'aws:CurrentTime': '2024-01-01T00:00:00Z'}},allow,deny,unsat,False
policy_5_iter_1.json,,/home/bhall2/Documents/fixmypolicy/FL/Experiment-2/temp_validation/val-50-ollamaa/policy_5_iter_1.json,15,allow_8b2a35e8,Allow,['sts:TagSession'],arn:aws:iam::{account id}:role/{role name},allow_ad67e7d3,allow_ad67e7d3_combo_1,sts:TagSession,arn:aws:iam::{account id}:role/{role name},arn:aws:iam::{account id}:oidc-provider/gitlab.com,{'StringLike': {'gitlab.com:sub': 'project_path:{redacted}/ref_type:branch:ref'}},allow,deny,unsat,False
policy_5_iter_1.json,,/home/bhall2/Documents/fixmypolicy/FL/Experiment-2/temp_validation/val-50-ollamaa/policy_5_iter_1.json,15,allow_8b2a35e8,Allow,['sts:TagSession'],arn:aws:iam::{account id}:role/{role name},allow_ad67e7d3,allow_ad67e7d3_combo_2,sts:AssumeRoleWithWebIdentity,arn:aws:iam::{account id}:role/{role name},arn:aws:iam::{account id}:oidc-provider/gitlab.com,{'StringLike': {'gitlab.com:sub': 'project_path:{redacted}/ref_type:branch:ref'}},allow,deny,unsat,False
policy_5_iter_1.json,,/home/bhall2/Documents/fixmypolicy/FL/Experiment-2/temp_validation/val-50-ollamaa/policy_5_iter_1.json,15,allow_8b2a35e8,Allow,['sts:TagSession'],arn:aws:iam::{account id}:role/{role name},deny_51d9c228,deny_51d9c228_combo_1,ec2:RunInstances,arn:aws:iam::{account id}:role/{role name},arn:aws:iam::123456789012:user/alice,{'DateLessThan': {'aws:CurrentTime': '2025-12-31T23:59:59Z'}},deny,deny,unsat,True
policy_5_iter_1.json,,/home/bhall2/Documents/fixmypolicy/FL/Experiment-2/temp_validation/val-50-ollamaa/policy_5_iter_1.json,15,allow_8b2a35e8,Allow,['sts:TagSession'],arn:aws:iam::{account id}:role/{role name},deny_c81babfb,deny_c81babfb_combo_1,sts:TagSession,forbidden-arn:aws:iam::{account id}:role/{role name}-specific,arn:aws:iam::{account id}:oidc-provider/forbidden-gitlab.com,{'IpAddress': {'aws:SourceIp': '203.0.113.0/24'}},deny,deny,unsat,True
policy_5_iter_1.json,,/home/bhall2/Documents/fixmypolicy/FL/Experiment-2/temp_validation/val-50-ollamaa/policy_5_iter_1.json,15,allow_8b2a35e8,Allow,['sts:TagSession'],arn:aws:iam::{account id}:role/{role name},deny_c81babfb,deny_c81babfb_combo_2,sts:AssumeRoleWithWebIdentity,forbidden-arn:aws:iam::{account id}:role/{role name}-specific,arn:aws:iam::{account id}:oidc-provider/forbidden-gitlab.com,{'IpAddress': {'aws:SourceIp': '203.0.113.0/24'}},deny,deny,unsat,True
policy_5_iter_1.json,,/home/bhall2/Documents/fixmypolicy/FL/Experiment-2/temp_validation/val-50-ollamaa/policy_5_iter_1.json,15,allow_8b2a35e8,Allow,['sts:TagSession'],arn:aws:iam::{account id}:role/{role name},deny_d9e1c623,deny_d9e1c623_combo_1,sts:AssumeRoleWithWebIdentity,arn:aws:iam::{account id}:role/{role name}-forbidden-resource,arn:aws:iam::999888777666:oidc-provider/gitlab.com,{'StringEquals': {'aws:RequestedRegion': 'us-east-1'}},deny,deny,unsat,True
policy_5_iter_1.json,,/home/bhall2/Documents/fixmypolicy/FL/Experiment-2/temp_validation/val-50-ollamaa/policy_5_iter_1.json,15,allow_8b2a35e8,Allow,['sts:TagSession'],arn:aws:iam::{account id}:role/{role name},deny_eae39e7d,deny_eae39e7d_combo_1,lambda:CreateFunction,arn:aws:iam::{account id}:role/{role name},arn:aws:iam::{account id}:oidc-provider/forbidden-gitlab.com,{'DateLessThan': {'aws:CurrentTime': '2025-12-31T23:59:59Z'}},deny,deny,unsat,True
policy_5_iter_1.json,,/home/bhall2/Documents/fixmypolicy/FL/Experiment-2/temp_validation/val-50-ollamaa/policy_5_iter_1.json,15,allow_8b2a35e8,Allow,['sts:TagSession'],arn:aws:iam::{account id}:role/{role name},allow_277adc8e,allow_277adc8e_combo_1,sts:TagSession,arn:aws:iam::{account id}:role/{role name},arn:aws:iam::{account id}:oidc-provider/gitlab.com,{'StringLike': {'gitlab.com:sub': 'project_path:{redacted}/ref_type:branch:ref'}},allow,deny,unsat,False
policy_5_iter_1.json,,/home/bhall2/Documents/fixmypolicy/FL/Experiment-2/temp_validation/val-50-ollamaa/policy_5_iter_1.json,15,allow_8b2a35e8,Allow,['sts:TagSession'],arn:aws:iam::{account id}:role/{role name},allow_277adc8e,allow_277adc8e_combo_2,sts:AssumeRoleWithWebIdentity,arn:aws:iam::{account id}:role/{role name},arn:aws:iam::{account id}:oidc-provider/gitlab.com,{'StringLike': {'gitlab.com:sub': 'project_path:{redacted}/ref_type:branch:ref'}},allow,deny,unsat,False
policy_5_iter_1.json,,/home/bhall2/Documents/fixmypolicy/FL/Experiment-2/temp_validation/val-50-ollamaa/policy_5_iter_1.json,15,allow_8b2a35e8,Allow,['sts:TagSession'],arn:aws:iam::{account id}:role/{role name},deny_2efa2500,deny_2efa2500_combo_1,sts:TagSession,arn:aws:iam::{account id}:role/{role name}-forbidden-resource,arn:aws:iam::{account id}:oidc-provider/gitlab.com,{'StringLike': {'gitlab.com:sub': 'project_path:{redacted}/*:ref_type:branch:ref:*'}},deny,deny,unsat,True
policy_5_iter_1.json,,/home/bhall2/Documents/fixmypolicy/FL/Experiment-2/temp_validation/val-50-ollamaa/policy_5_iter_1.json,15,allow_8b2a35e8,Allow,['sts:TagSession'],arn:aws:iam::{account id}:role/{role name},deny_2efa2500,deny_2efa2500_combo_2,sts:AssumeRoleWithWebIdentity,arn:aws:iam::{account id}:role/{role name}-forbidden-resource,arn:aws:iam::{account id}:oidc-provider/gitlab.com,{'StringLike': {'gitlab.com:sub': 'project_path:{redacted}/*:ref_type:branch:ref:*'}},deny,deny,unsat,True
policy_5_iter_1.json,,/home/bhall2/Documents/fixmypolicy/FL/Experiment-2/temp_validation/val-50-ollamaa/policy_5_iter_1.json,15,allow_8b2a35e8,Allow,['sts:TagSession'],arn:aws:iam::{account id}:role/{role name},allow_4b2e6812,allow_4b2e6812_combo_1,sts:TagSession,arn:aws:iam::{account id}:role/{role name},arn:aws:iam::999888777666:oidc-provider/gitlab.com,{'StringEquals': {'aws:RequestedRegion': 'us-west-2'}},allow,deny,unsat,False
policy_5_iter_1.json,,/home/bhall2/Documents/fixmypolicy/FL/Experiment-2/temp_validation/val-50-ollamaa/policy_5_iter_1.json,15,allow_8b2a35e8,Allow,['sts:TagSession'],arn:aws:iam::{account id}:role/{role name},allow_4b2e6812,allow_4b2e6812_combo_2,sts:AssumeRoleWithWebIdentity,arn:aws:iam::{account id}:role/{role name},arn:aws:iam::999888777666:oidc-provider/gitlab.com,{'StringEquals': {'aws:RequestedRegion': 'us-west-2'}},allow,deny,unsat,False
policy_5_iter_1.json,,/home/bhall2/Documents/fixmypolicy/FL/Experiment-2/temp_validation/val-50-ollamaa/policy_5_iter_1.json,15,allow_8b2a35e8,Allow,['sts:TagSession'],arn:aws:iam::{account id}:role/{role name},deny_2ccddee4,deny_2ccddee4_combo_1,iam:DeleteUser,arn:aws:iam::{account id}:role/{role name},arn:aws:iam::999888777666:oidc-provider/gitlab.com,{'DateLessThan': {'aws:CurrentTime': '2025-12-31T23:59:59Z'}},deny,deny,unsat,True
policy_5_iter_1.json,,/home/bhall2/Documents/fixmypolicy/FL/Experiment-2/temp_validation/val-50-ollamaa/policy_5_iter_1.json,15,allow_8b2a35e8,Allow,['sts:TagSession'],arn:aws:iam::{account id}:role/{role name},allow_8d6aad9f,allow_8d6aad9f_combo_1,sts:TagSession,arn:aws:iam::{account id}:role/{role name},arn:aws:iam::{account id}:oidc-provider/gitlab.com,{'StringLike': {'gitlab.com:sub': 'project_path:{redacted}/*:ref_type:branch:ref:*'}},allow,deny,unsat,False
policy_5_iter_1.json,,/home/bhall2/Documents/fixmypolicy/FL/Experiment-2/temp_validation/val-50-ollamaa/policy_5_iter_1.json,15,allow_8b2a35e8,Allow,['sts:TagSession'],arn:aws:iam::{account id}:role/{role name},allow_8d6aad9f,allow_8d6aad9f_combo_2,sts:AssumeRoleWithWebIdentity,arn:aws:iam::{account id}:role/{role name},arn:aws:iam::{account id}:oidc-provider/gitlab.com,{'StringLike': {'gitlab.com:sub': 'project_path:{redacted}/*:ref_type:branch:ref:*'}},allow,deny,unsat,False
policy_5_iter_1.json,,/home/bhall2/Documents/fixmypolicy/FL/Experiment-2/temp_validation/val-50-ollamaa/policy_5_iter_1.json,15,allow_8b2a35e8,Allow,['sts:TagSession'],arn:aws:iam::{account id}:role/{role name},allow_46828ad7,allow_46828ad7_combo_1,sts:AssumeRoleWithWebIdentity,arn:aws:iam::{account id}:role/{role name},arn:aws:iam::123456789012:user/alice,{'DateGreaterThan': {'aws:CurrentTime': '2024-01-01T00:00:00Z'}},allow,deny,unsat,False
policy_5_iter_1.json,,/home/bhall2/Documents/fixmypolicy/FL/Experiment-2/temp_validation/val-50-ollamaa/policy_5_iter_1.json,15,allow_8b2a35e8,Allow,['sts:TagSession'],arn:aws:iam::{account id}:role/{role name},allow_46828ad7,allow_46828ad7_combo_2,sts:TagSession,arn:aws:iam::{account id}:role/{role name},arn:aws:iam::123456789012:user/alice,{'DateGreaterThan': {'aws:CurrentTime': '2024-01-01T00:00:00Z'}},allow,allow,sat,True
policy_5_iter_1.json,,/home/bhall2/Documents/fixmypolicy/FL/Experiment-2/temp_validation/val-50-ollamaa/policy_5_iter_1.json,15,allow_8b2a35e8,Allow,['sts:TagSession'],arn:aws:iam::{account id}:role/{role name},deny_284a8d13,deny_284a8d13_combo_1,lambda:CreateFunction,arn:aws:iam::{account id}:role/{role name},arn:aws:iam::123456789012:user/alice,{'DateLessThan': {'aws:CurrentTime': '2025-12-31T23:59:59Z'}},deny,deny,unsat,True
policy_5_iter_1.json,,/home/bhall2/Documents/fixmypolicy/FL/Experiment-2/temp_validation/val-50-ollamaa/policy_5_iter_1.json,15,allow_8b2a35e8,Allow,['sts:TagSession'],arn:aws:iam::{account id}:role/{role name},allow_d296b21a,allow_d296b21a_combo_1,sts:TagSession,arn:aws:iam::{account id}:role/{role name},arn:aws:iam::999888777666:oidc-provider/gitlab.com,{'StringEquals': {'aws:RequestedRegion': 'us-east-1'}},allow,deny,unsat,False
policy_5_iter_1.json,,/home/bhall2/Documents/fixmypolicy/FL/Experiment-2/temp_validation/val-50-ollamaa/policy_5_iter_1.json,15,allow_8b2a35e8,Allow,['sts:TagSession'],arn:aws:iam::{account id}:role/{role name},allow_d296b21a,allow_d296b21a_combo_2,sts:AssumeRoleWithWebIdentity,arn:aws:iam::{account id}:role/{role name},arn:aws:iam::999888777666:oidc-provider/gitlab.com,{'StringEquals': {'aws:RequestedRegion': 'us-east-1'}},allow,deny,unsat,False
policy_5_iter_1.json,,/home/bhall2/Documents/fixmypolicy/FL/Experiment-2/temp_validation/val-50-ollamaa/policy_5_iter_1.json,15,allow_8b2a35e8,Allow,['sts:TagSession'],arn:aws:iam::{account id}:role/{role name},deny_0f38f412,deny_0f38f412_combo_1,ec2:RunInstances,arn:aws:iam::{account id}:role/{role name},arn:aws:iam::123456789012:user/alice,{'IpAddress': {'aws:SourceIp': '203.0.113.0/24'}},deny,deny,unsat,True
policy_5_iter_1.json,,/home/bhall2/Documents/fixmypolicy/FL/Experiment-2/temp_validation/val-50-ollamaa/policy_5_iter_1.json,15,allow_8b2a35e8,Allow,['sts:TagSession'],arn:aws:iam::{account id}:role/{role name},deny_dccafd42,deny_dccafd42_combo_1,sts:TagSession,forbidden-arn:aws:iam::{account id}:role/{role name}-specific,arn:aws:iam::{account id}:oidc-provider/forbidden-gitlab.com,{'DateLessThan': {'aws:CurrentTime': '2025-12-31T23:59:59Z'}},deny,deny,unsat,True
policy_5_iter_1.json,,/home/bhall2/Documents/fixmypolicy/FL/Experiment-2/temp_validation/val-50-ollamaa/policy_5_iter_1.json,15,allow_8b2a35e8,Allow,['sts:TagSession'],arn:aws:iam::{account id}:role/{role name},deny_dccafd42,deny_dccafd42_combo_2,sts:AssumeRoleWithWebIdentity,forbidden-arn:aws:iam::{account id}:role/{role name}-specific,arn:aws:iam::{account id}:oidc-provider/forbidden-gitlab.com,{'DateLessThan': {'aws:CurrentTime': '2025-12-31T23:59:59Z'}},deny,deny,unsat,True
policy_5_iter_1.json,,/home/bhall2/Documents/fixmypolicy/FL/Experiment-2/temp_validation/val-50-ollamaa/policy_5_iter_1.json,15,allow_8b2a35e8,Allow,['sts:TagSession'],arn:aws:iam::{account id}:role/{role name},allow_b3521fa7,allow_b3521fa7_combo_1,sts:AssumeRoleWithWebIdentity,arn:aws:iam::{account id}:role/{role name},arn:aws:iam::{account id}:oidc-provider/gitlab.com,{'StringLike': {'gitlab.com:sub': 'project_path:{redacted}/*:ref_type:branch:ref:*'}},allow,deny,unsat,False
policy_5_iter_1.json,,/home/bhall2/Documents/fixmypolicy/FL/Experiment-2/temp_validation/val-50-ollamaa/policy_5_iter_1.json,15,allow_8b2a35e8,Allow,['sts:TagSession'],arn:aws:iam::{account id}:role/{role name},deny_5cdc410d,deny_5cdc410d_combo_1,sts:AssumeRoleWithWebIdentity,arn:aws:iam::{account id}:role/{role name}-forbidden-resource,arn:aws:iam::999888777666:oidc-provider/gitlab.com,{'DateLessThan': {'aws:CurrentTime': '2025-12-31T23:59:59Z'}},deny,deny,unsat,True
policy_5_iter_1.json,,/home/bhall2/Documents/fixmypolicy/FL/Experiment-2/temp_validation/val-50-ollamaa/policy_5_iter_1.json,15,allow_8b2a35e8,Allow,['sts:TagSession'],arn:aws:iam::{account id}:role/{role name},allow_1a3aa330,allow_1a3aa330_combo_1,sts:TagSession,arn:aws:iam::{account id}:role/{role name},arn:aws:iam::{account id}:oidc-provider/gitlab.com,{'StringLike': {'gitlab.com:sub': 'project_path:{redacted}/*:ref_type:branch:ref:*'}},allow,deny,unsat,False
policy_5_iter_1.json,,/home/bhall2/Documents/fixmypolicy/FL/Experiment-2/temp_validation/val-50-ollamaa/policy_5_iter_1.json,15,allow_8b2a35e8,Allow,['sts:TagSession'],arn:aws:iam::{account id}:role/{role name},allow_1a3aa330,allow_1a3aa330_combo_2,sts:AssumeRoleWithWebIdentity,arn:aws:iam::{account id}:role/{role name},arn:aws:iam::{account id}:oidc-provider/gitlab.com,{'StringLike': {'gitlab.com:sub': 'project_path:{redacted}/*:ref_type:branch:ref:*'}},allow,deny,unsat,False
policy_5_iter_1.json,,/home/bhall2/Documents/fixmypolicy/FL/Experiment-2/temp_validation/val-50-ollamaa/policy_5_iter_1.json,15,allow_8b2a35e8,Allow,['sts:TagSession'],arn:aws:iam::{account id}:role/{role name},deny_8dc7e4d8,deny_8dc7e4d8_combo_1,sts:TagSession,arn:aws:iam::{account id}:role/{role name}-forbidden-resource,arn:aws:iam::{account id}:oidc-provider/gitlab.com,{'StringLike': {'gitlab.com:sub': 'project_path:{redacted}/*:ref_type:branch:ref:*'}},deny,deny,unsat,True
policy_5_iter_1.json,,/home/bhall2/Documents/fixmypolicy/FL/Experiment-2/temp_validation/val-50-ollamaa/policy_5_iter_1.json,15,allow_8b2a35e8,Allow,['sts:TagSession'],arn:aws:iam::{account id}:role/{role name},allow_a3073d0d,allow_a3073d0d_combo_1,sts:TagSession,arn:aws:iam::{account id}:role/{role name},arn:aws:iam::{account id}:oidc-provider/gitlab.com,{'StringLike': {'gitlab.com:sub': 'project_path:{redacted}/*:ref_type:branch:ref:*'}},allow,deny,unsat,False
policy_5_iter_1.json,,/home/bhall2/Documents/fixmypolicy/FL/Experiment-2/temp_validation/val-50-ollamaa/policy_5_iter_1.json,15,allow_8b2a35e8,Allow,['sts:TagSession'],arn:aws:iam::{account id}:role/{role name},allow_a3073d0d,allow_a3073d0d_combo_2,sts:AssumeRoleWithWebIdentity,arn:aws:iam::{account id}:role/{role name},arn:aws:iam::{account id}:oidc-provider/gitlab.com,{'StringLike': {'gitlab.com:sub': 'project_path:{redacted}/*:ref_type:branch:ref:*'}},allow,deny,unsat,False
policy_5_iter_1.json,,/home/bhall2/Documents/fixmypolicy/FL/Experiment-2/temp_validation/val-50-ollamaa/policy_5_iter_1.json,15,allow_8b2a35e8,Allow,['sts:TagSession'],arn:aws:iam::{account id}:role/{role name},allow_39a49474,allow_39a49474_combo_1,sts:AssumeRoleWithWebIdentity,arn:aws:iam::{account id}:role/{role name},arn:aws:iam::{account id}:oidc-provider/gitlab.com,{'StringLike': {'gitlab.com:sub': 'project_path:{redacted}/*:ref_type:branch:ref:*'}},allow,deny,unsat,False
policy_5_iter_1.json,,/home/bhall2/Documents/fixmypolicy/FL/Experiment-2/temp_validation/val-50-ollamaa/policy_5_iter_1.json,15,allow_8b2a35e8,Allow,['sts:TagSession'],arn:aws:iam::{account id}:role/{role name},allow_39a49474,allow_39a49474_combo_2,sts:TagSession,arn:aws:iam::{account id}:role/{role name},arn:aws:iam::{account id}:oidc-provider/gitlab.com,{'StringLike': {'gitlab.com:sub': 'project_path:{redacted}/*:ref_type:branch:ref:*'}},allow,deny,unsat,False
policy_5_iter_1.json,,/home/bhall2/Documents/fixmypolicy/FL/Experiment-2/temp_validation/val-50-ollamaa/policy_5_iter_1.json,15,allow_8b2a35e8,Allow,['sts:TagSession'],arn:aws:iam::{account id}:role/{role name},deny_b2a7386a,deny_b2a7386a_combo_1,iam:DeleteUser,arn:aws:iam::{account id}:role/{role name},arn:aws:iam::999888777666:oidc-provider/gitlab.com,{'StringEquals': {'aws:RequestedRegion': 'us-west-2'}},deny,deny,unsat,True
policy_5_iter_1.json,,/home/bhall2/Documents/fixmypolicy/FL/Experiment-2/temp_validation/val-50-ollamaa/policy_5_iter_1.json,15,allow_8b2a35e8,Allow,['sts:TagSession'],arn:aws:iam::{account id}:role/{role name},deny_200cd3bf,deny_200cd3bf_combo_1,sts:AssumeRoleWithWebIdentity,arn:aws:iam::{account id}:role/{role name}-forbidden-resource,arn:aws:iam::123456789012:user/alice,{'StringEquals': {'aws:RequestedRegion': 'us-east-1'}},deny,deny,unsat,True
policy_5_iter_1.json,,/home/bhall2/Documents/fixmypolicy/FL/Experiment-2/temp_validation/val-50-ollamaa/policy_5_iter_1.json,15,allow_8b2a35e8,Allow,['sts:TagSession'],arn:aws:iam::{account id}:role/{role name},allow_9e959d67,allow_9e959d67_combo_1,sts:TagSession,arn:aws:iam::{account id}:role/{role name},arn:aws:iam::{account id}:oidc-provider/gitlab.com,{'StringLike': {'gitlab.com:sub': 'project_path:{redacted}/*:ref_type:branch:ref:*'}},allow,deny,unsat,False
policy_5_iter_1.json,,/home/bhall2/Documents/fixmypolicy/FL/Experiment-2/temp_validation/val-50-ollamaa/policy_5_iter_1.json,15,allow_8b2a35e8,Allow,['sts:TagSession'],arn:aws:iam::{account id}:role/{role name},allow_8b2a35e8,allow_8b2a35e8_combo_1,sts:TagSession,arn:aws:iam::{account id}:role/{role name},arn:aws:iam::123456789012:user/alice,{'StringEquals': {'aws:RequestedRegion': 'us-east-1'}},allow,allow,sat,True
policy_5_iter_1.json,,/home/bhall2/Documents/fixmypolicy/FL/Experiment-2/temp_validation/val-50-ollamaa/policy_5_iter_1.json,15,allow_8b2a35e8,Allow,['sts:TagSession'],arn:aws:iam::{account id}:role/{role name},allow_a7f5ef81,allow_a7f5ef81_combo_1,sts:TagSession,arn:aws:iam::{account id}:role/{role name},arn:aws:iam::{account id}:oidc-provider/gitlab.com,{'StringLike': {'gitlab.com:sub': 'project_path:{redacted}/*:ref_type:branch:ref:*'}},allow,deny,unsat,False
policy_5_iter_1.json,,/home/bhall2/Documents/fixmypolicy/FL/Experiment-2/temp_validation/val-50-ollamaa/policy_5_iter_1.json,15,allow_8b2a35e8,Allow,['sts:TagSession'],arn:aws:iam::{account id}:role/{role name},deny_a61a5c77,deny_a61a5c77_combo_1,ec2:DescribeInstances,arn:aws:iam::{account id}:role/{role name},arn:aws:iam::{account id}:oidc-provider/forbidden-gitlab.com,{'IpAddress': {'aws:SourceIp': '203.0.113.0/24'}},deny,deny,unsat,True
policy_5_iter_1.json,,/home/bhall2/Documents/fixmypolicy/FL/Experiment-2/temp_validation/val-50-ollamaa/policy_5_iter_1.json,15,allow_8b2a35e8,Allow,['sts:TagSession'],arn:aws:iam::{account id}:role/{role name},allow_8fe72846,allow_8fe72846_combo_1,sts:AssumeRoleWithWebIdentity,arn:aws:iam::{account id}:role/{role name},arn:aws:iam::{account id}:oidc-provider/gitlab.com,{'StringLike': {'gitlab.com:sub': 'project_path:{redacted}/*:ref_type:branch:ref:*'}},allow,deny,unsat,False
policy_5_iter_1.json,,/home/bhall2/Documents/fixmypolicy/FL/Experiment-2/temp_validation/val-50-ollamaa/policy_5_iter_1.json,15,allow_8b2a35e8,Allow,['sts:TagSession'],arn:aws:iam::{account id}:role/{role name},allow_8fe72846,allow_8fe72846_combo_2,sts:TagSession,arn:aws:iam::{account id}:role/{role name},arn:aws:iam::{account id}:oidc-provider/gitlab.com,{'StringLike': {'gitlab.com:sub': 'project_path:{redacted}/*:ref_type:branch:ref:*'}},allow,deny,unsat,False
policy_5_iter_1.json,,/home/bhall2/Documents/fixmypolicy/FL/Experiment-2/temp_validation/val-50-ollamaa/policy_5_iter_1.json,15,allow_8b2a35e8,Allow,['sts:TagSession'],arn:aws:iam::{account id}:role/{role name},allow_b9703ac8,allow_b9703ac8_combo_1,sts:AssumeRoleWithWebIdentity,arn:aws:iam::{account id}:role/{role name},arn:aws:iam::{account id}:oidc-provider/gitlab.com,{'StringLike': {'gitlab.com:sub': 'project_path:{redacted}/*:ref_type:branch:ref:*'}},allow,deny,unsat,False
policy_5_iter_1.json,,/home/bhall2/Documents/fixmypolicy/FL/Experiment-2/temp_validation/val-50-ollamaa/policy_5_iter_1.json,15,allow_8b2a35e8,Allow,['sts:TagSession'],arn:aws:iam::{account id}:role/{role name},allow_b9703ac8,allow_b9703ac8_combo_2,sts:TagSession,arn:aws:iam::{account id}:role/{role name},arn:aws:iam::{account id}:oidc-provider/gitlab.com,{'StringLike': {'gitlab.com:sub': 'project_path:{redacted}/*:ref_type:branch:ref:*'}},allow,deny,unsat,False
policy_5_iter_1.json,,/home/bhall2/Documents/fixmypolicy/FL/Experiment-2/temp_validation/val-50-ollamaa/policy_5_iter_1.json,15,allow_8b2a35e8,Allow,['sts:TagSession'],arn:aws:iam::{account id}:role/{role name},deny_fda03fc6,deny_fda03fc6_combo_1,sts:AssumeRoleWithWebIdentity,arn:aws:iam::{account id}:role/{role name}-forbidden-resource,arn:aws:iam::{account id}:oidc-provider/gitlab.com,{'StringLike': {'gitlab.com:sub': 'project_path:{redacted}/*:ref_type:branch:ref:*'}},deny,deny,unsat,True
policy_5_iter_1.json,,/home/bhall2/Documents/fixmypolicy/FL/Experiment-2/temp_validation/val-50-ollamaa/policy_5_iter_1.json,15,allow_8b2a35e8,Allow,['sts:TagSession'],arn:aws:iam::{account id}:role/{role name},deny_fda03fc6,deny_fda03fc6_combo_2,sts:TagSession,arn:aws:iam::{account id}:role/{role name}-forbidden-resource,arn:aws:iam::{account id}:oidc-provider/gitlab.com,{'StringLike': {'gitlab.com:sub': 'project_path:{redacted}/*:ref_type:branch:ref:*'}},deny,deny,unsat,True
policy_5_iter_1.json,,/home/bhall2/Documents/fixmypolicy/FL/Experiment-2/temp_validation/val-50-ollamaa/policy_5_iter_1.json,16,allow_a7f5ef81,Allow,['sts:TagSession'],arn:aws:iam::{account id}:role/{role name},allow_a8fd7ef6,allow_a8fd7ef6_combo_1,sts:AssumeRoleWithWebIdentity,arn:aws:iam::{account id}:role/{role name},arn:aws:iam::{account id}:oidc-provider/gitlab.com,{'StringLike': {'gitlab.com:sub': 'project_path:{redacted}/*:ref_type:branch:ref:*'}},allow,deny,unsat,False
policy_5_iter_1.json,,/home/bhall2/Documents/fixmypolicy/FL/Experiment-2/temp_validation/val-50-ollamaa/policy_5_iter_1.json,16,allow_a7f5ef81,Allow,['sts:TagSession'],arn:aws:iam::{account id}:role/{role name},allow_e641a090,allow_e641a090_combo_1,sts:AssumeRoleWithWebIdentity,arn:aws:iam::{account id}:role/{role name},arn:aws:iam::{account id}:oidc-provider/gitlab.com,{'StringLike': {'gitlab.com:sub': 'project_path:{redacted}/*:ref_type:branch:ref:*'}},allow,deny,unsat,False
policy_5_iter_1.json,,/home/bhall2/Documents/fixmypolicy/FL/Experiment-2/temp_validation/val-50-ollamaa/policy_5_iter_1.json,16,allow_a7f5ef81,Allow,['sts:TagSession'],arn:aws:iam::{account id}:role/{role name},deny_f13ef671,deny_f13ef671_combo_1,iam:CreateUser,arn:aws:iam::{account id}:role/{role name},arn:aws:iam::123456789012:user/alice,{'DateLessThan': {'aws:CurrentTime': '2025-12-31T23:59:59Z'}},deny,deny,unsat,True
policy_5_iter_1.json,,/home/bhall2/Documents/fixmypolicy/FL/Experiment-2/temp_validation/val-50-ollamaa/policy_5_iter_1.json,16,allow_a7f5ef81,Allow,['sts:TagSession'],arn:aws:iam::{account id}:role/{role name},allow_d28acd92,allow_d28acd92_combo_1,sts:TagSession,arn:aws:iam::{account id}:role/{role name},arn:aws:iam::123456789012:user/alice,{'DateGreaterThan': {'aws:CurrentTime': '2024-01-01T00:00:00Z'}},allow,deny,unsat,False
policy_5_iter_1.json,,/home/bhall2/Documents/fixmypolicy/FL/Experiment-2/temp_validation/val-50-ollamaa/policy_5_iter_1.json,16,allow_a7f5ef81,Allow,['sts:TagSession'],arn:aws:iam::{account id}:role/{role name},allow_d28acd92,allow_d28acd92_combo_2,sts:AssumeRoleWithWebIdentity,arn:aws:iam::{account id}:role/{role name},arn:aws:iam::123456789012:user/alice,{'DateGreaterThan': {'aws:CurrentTime': '2024-01-01T00:00:00Z'}},allow,deny,unsat,False
policy_5_iter_1.json,,/home/bhall2/Documents/fixmypolicy/FL/Experiment-2/temp_validation/val-50-ollamaa/policy_5_iter_1.json,16,allow_a7f5ef81,Allow,['sts:TagSession'],arn:aws:iam::{account id}:role/{role name},allow_ad67e7d3,allow_ad67e7d3_combo_1,sts:TagSession,arn:aws:iam::{account id}:role/{role name},arn:aws:iam::{account id}:oidc-provider/gitlab.com,{'StringLike': {'gitlab.com:sub': 'project_path:{redacted}/ref_type:branch:ref'}},allow,allow,sat,True
policy_5_iter_1.json,,/home/bhall2/Documents/fixmypolicy/FL/Experiment-2/temp_validation/val-50-ollamaa/policy_5_iter_1.json,16,allow_a7f5ef81,Allow,['sts:TagSession'],arn:aws:iam::{account id}:role/{role name},allow_ad67e7d3,allow_ad67e7d3_combo_2,sts:AssumeRoleWithWebIdentity,arn:aws:iam::{account id}:role/{role name},arn:aws:iam::{account id}:oidc-provider/gitlab.com,{'StringLike': {'gitlab.com:sub': 'project_path:{redacted}/ref_type:branch:ref'}},allow,deny,unsat,False
policy_5_iter_1.json,,/home/bhall2/Documents/fixmypolicy/FL/Experiment-2/temp_validation/val-50-ollamaa/policy_5_iter_1.json,16,allow_a7f5ef81,Allow,['sts:TagSession'],arn:aws:iam::{account id}:role/{role name},deny_51d9c228,deny_51d9c228_combo_1,ec2:RunInstances,arn:aws:iam::{account id}:role/{role name},arn:aws:iam::123456789012:user/alice,{'DateLessThan': {'aws:CurrentTime': '2025-12-31T23:59:59Z'}},deny,deny,unsat,True
policy_5_iter_1.json,,/home/bhall2/Documents/fixmypolicy/FL/Experiment-2/temp_validation/val-50-ollamaa/policy_5_iter_1.json,16,allow_a7f5ef81,Allow,['sts:TagSession'],arn:aws:iam::{account id}:role/{role name},deny_c81babfb,deny_c81babfb_combo_1,sts:TagSession,forbidden-arn:aws:iam::{account id}:role/{role name}-specific,arn:aws:iam::{account id}:oidc-provider/forbidden-gitlab.com,{'IpAddress': {'aws:SourceIp': '203.0.113.0/24'}},deny,deny,unsat,True
policy_5_iter_1.json,,/home/bhall2/Documents/fixmypolicy/FL/Experiment-2/temp_validation/val-50-ollamaa/policy_5_iter_1.json,16,allow_a7f5ef81,Allow,['sts:TagSession'],arn:aws:iam::{account id}:role/{role name},deny_c81babfb,deny_c81babfb_combo_2,sts:AssumeRoleWithWebIdentity,forbidden-arn:aws:iam::{account id}:role/{role name}-specific,arn:aws:iam::{account id}:oidc-provider/forbidden-gitlab.com,{'IpAddress': {'aws:SourceIp': '203.0.113.0/24'}},deny,deny,unsat,True
policy_5_iter_1.json,,/home/bhall2/Documents/fixmypolicy/FL/Experiment-2/temp_validation/val-50-ollamaa/policy_5_iter_1.json,16,allow_a7f5ef81,Allow,['sts:TagSession'],arn:aws:iam::{account id}:role/{role name},deny_d9e1c623,deny_d9e1c623_combo_1,sts:AssumeRoleWithWebIdentity,arn:aws:iam::{account id}:role/{role name}-forbidden-resource,arn:aws:iam::999888777666:oidc-provider/gitlab.com,{'StringEquals': {'aws:RequestedRegion': 'us-east-1'}},deny,deny,unsat,True
policy_5_iter_1.json,,/home/bhall2/Documents/fixmypolicy/FL/Experiment-2/temp_validation/val-50-ollamaa/policy_5_iter_1.json,16,allow_a7f5ef81,Allow,['sts:TagSession'],arn:aws:iam::{account id}:role/{role name},deny_eae39e7d,deny_eae39e7d_combo_1,lambda:CreateFunction,arn:aws:iam::{account id}:role/{role name},arn:aws:iam::{account id}:oidc-provider/forbidden-gitlab.com,{'DateLessThan': {'aws:CurrentTime': '2025-12-31T23:59:59Z'}},deny,deny,unsat,True
policy_5_iter_1.json,,/home/bhall2/Documents/fixmypolicy/FL/Experiment-2/temp_validation/val-50-ollamaa/policy_5_iter_1.json,16,allow_a7f5ef81,Allow,['sts:TagSession'],arn:aws:iam::{account id}:role/{role name},allow_277adc8e,allow_277adc8e_combo_1,sts:TagSession,arn:aws:iam::{account id}:role/{role name},arn:aws:iam::{account id}:oidc-provider/gitlab.com,{'StringLike': {'gitlab.com:sub': 'project_path:{redacted}/ref_type:branch:ref'}},allow,allow,sat,True
policy_5_iter_1.json,,/home/bhall2/Documents/fixmypolicy/FL/Experiment-2/temp_validation/val-50-ollamaa/policy_5_iter_1.json,16,allow_a7f5ef81,Allow,['sts:TagSession'],arn:aws:iam::{account id}:role/{role name},allow_277adc8e,allow_277adc8e_combo_2,sts:AssumeRoleWithWebIdentity,arn:aws:iam::{account id}:role/{role name},arn:aws:iam::{account id}:oidc-provider/gitlab.com,{'StringLike': {'gitlab.com:sub': 'project_path:{redacted}/ref_type:branch:ref'}},allow,deny,unsat,False
policy_5_iter_1.json,,/home/bhall2/Documents/fixmypolicy/FL/Experiment-2/temp_validation/val-50-ollamaa/policy_5_iter_1.json,16,allow_a7f5ef81,Allow,['sts:TagSession'],arn:aws:iam::{account id}:role/{role name},deny_2efa2500,deny_2efa2500_combo_1,sts:TagSession,arn:aws:iam::{account id}:role/{role name}-forbidden-resource,arn:aws:iam::{account id}:oidc-provider/gitlab.com,{'StringLike': {'gitlab.com:sub': 'project_path:{redacted}/*:ref_type:branch:ref:*'}},deny,deny,unsat,True
policy_5_iter_1.json,,/home/bhall2/Documents/fixmypolicy/FL/Experiment-2/temp_validation/val-50-ollamaa/policy_5_iter_1.json,16,allow_a7f5ef81,Allow,['sts:TagSession'],arn:aws:iam::{account id}:role/{role name},deny_2efa2500,deny_2efa2500_combo_2,sts:AssumeRoleWithWebIdentity,arn:aws:iam::{account id}:role/{role name}-forbidden-resource,arn:aws:iam::{account id}:oidc-provider/gitlab.com,{'StringLike': {'gitlab.com:sub': 'project_path:{redacted}/*:ref_type:branch:ref:*'}},deny,deny,unsat,True
policy_5_iter_1.json,,/home/bhall2/Documents/fixmypolicy/FL/Experiment-2/temp_validation/val-50-ollamaa/policy_5_iter_1.json,16,allow_a7f5ef81,Allow,['sts:TagSession'],arn:aws:iam::{account id}:role/{role name},allow_4b2e6812,allow_4b2e6812_combo_1,sts:TagSession,arn:aws:iam::{account id}:role/{role name},arn:aws:iam::999888777666:oidc-provider/gitlab.com,{'StringEquals': {'aws:RequestedRegion': 'us-west-2'}},allow,deny,unsat,False
policy_5_iter_1.json,,/home/bhall2/Documents/fixmypolicy/FL/Experiment-2/temp_validation/val-50-ollamaa/policy_5_iter_1.json,16,allow_a7f5ef81,Allow,['sts:TagSession'],arn:aws:iam::{account id}:role/{role name},allow_4b2e6812,allow_4b2e6812_combo_2,sts:AssumeRoleWithWebIdentity,arn:aws:iam::{account id}:role/{role name},arn:aws:iam::999888777666:oidc-provider/gitlab.com,{'StringEquals': {'aws:RequestedRegion': 'us-west-2'}},allow,deny,unsat,False
policy_5_iter_1.json,,/home/bhall2/Documents/fixmypolicy/FL/Experiment-2/temp_validation/val-50-ollamaa/policy_5_iter_1.json,16,allow_a7f5ef81,Allow,['sts:TagSession'],arn:aws:iam::{account id}:role/{role name},deny_2ccddee4,deny_2ccddee4_combo_1,iam:DeleteUser,arn:aws:iam::{account id}:role/{role name},arn:aws:iam::999888777666:oidc-provider/gitlab.com,{'DateLessThan': {'aws:CurrentTime': '2025-12-31T23:59:59Z'}},deny,deny,unsat,True
policy_5_iter_1.json,,/home/bhall2/Documents/fixmypolicy/FL/Experiment-2/temp_validation/val-50-ollamaa/policy_5_iter_1.json,16,allow_a7f5ef81,Allow,['sts:TagSession'],arn:aws:iam::{account id}:role/{role name},allow_8d6aad9f,allow_8d6aad9f_combo_1,sts:TagSession,arn:aws:iam::{account id}:role/{role name},arn:aws:iam::{account id}:oidc-provider/gitlab.com,{'StringLike': {'gitlab.com:sub': 'project_path:{redacted}/*:ref_type:branch:ref:*'}},allow,allow,sat,True
policy_5_iter_1.json,,/home/bhall2/Documents/fixmypolicy/FL/Experiment-2/temp_validation/val-50-ollamaa/policy_5_iter_1.json,16,allow_a7f5ef81,Allow,['sts:TagSession'],arn:aws:iam::{account id}:role/{role name},allow_8d6aad9f,allow_8d6aad9f_combo_2,sts:AssumeRoleWithWebIdentity,arn:aws:iam::{account id}:role/{role name},arn:aws:iam::{account id}:oidc-provider/gitlab.com,{'StringLike': {'gitlab.com:sub': 'project_path:{redacted}/*:ref_type:branch:ref:*'}},allow,deny,unsat,False
policy_5_iter_1.json,,/home/bhall2/Documents/fixmypolicy/FL/Experiment-2/temp_validation/val-50-ollamaa/policy_5_iter_1.json,16,allow_a7f5ef81,Allow,['sts:TagSession'],arn:aws:iam::{account id}:role/{role name},allow_46828ad7,allow_46828ad7_combo_1,sts:AssumeRoleWithWebIdentity,arn:aws:iam::{account id}:role/{role name},arn:aws:iam::123456789012:user/alice,{'DateGreaterThan': {'aws:CurrentTime': '2024-01-01T00:00:00Z'}},allow,deny,unsat,False
policy_5_iter_1.json,,/home/bhall2/Documents/fixmypolicy/FL/Experiment-2/temp_validation/val-50-ollamaa/policy_5_iter_1.json,16,allow_a7f5ef81,Allow,['sts:TagSession'],arn:aws:iam::{account id}:role/{role name},allow_46828ad7,allow_46828ad7_combo_2,sts:TagSession,arn:aws:iam::{account id}:role/{role name},arn:aws:iam::123456789012:user/alice,{'DateGreaterThan': {'aws:CurrentTime': '2024-01-01T00:00:00Z'}},allow,deny,unsat,False
policy_5_iter_1.json,,/home/bhall2/Documents/fixmypolicy/FL/Experiment-2/temp_validation/val-50-ollamaa/policy_5_iter_1.json,16,allow_a7f5ef81,Allow,['sts:TagSession'],arn:aws:iam::{account id}:role/{role name},deny_284a8d13,deny_284a8d13_combo_1,lambda:CreateFunction,arn:aws:iam::{account id}:role/{role name},arn:aws:iam::123456789012:user/alice,{'DateLessThan': {'aws:CurrentTime': '2025-12-31T23:59:59Z'}},deny,deny,unsat,True
policy_5_iter_1.json,,/home/bhall2/Documents/fixmypolicy/FL/Experiment-2/temp_validation/val-50-ollamaa/policy_5_iter_1.json,16,allow_a7f5ef81,Allow,['sts:TagSession'],arn:aws:iam::{account id}:role/{role name},allow_d296b21a,allow_d296b21a_combo_1,sts:TagSession,arn:aws:iam::{account id}:role/{role name},arn:aws:iam::999888777666:oidc-provider/gitlab.com,{'StringEquals': {'aws:RequestedRegion': 'us-east-1'}},allow,deny,unsat,False
policy_5_iter_1.json,,/home/bhall2/Documents/fixmypolicy/FL/Experiment-2/temp_validation/val-50-ollamaa/policy_5_iter_1.json,16,allow_a7f5ef81,Allow,['sts:TagSession'],arn:aws:iam::{account id}:role/{role name},allow_d296b21a,allow_d296b21a_combo_2,sts:AssumeRoleWithWebIdentity,arn:aws:iam::{account id}:role/{role name},arn:aws:iam::999888777666:oidc-provider/gitlab.com,{'StringEquals': {'aws:RequestedRegion': 'us-east-1'}},allow,deny,unsat,False
policy_5_iter_1.json,,/home/bhall2/Documents/fixmypolicy/FL/Experiment-2/temp_validation/val-50-ollamaa/policy_5_iter_1.json,16,allow_a7f5ef81,Allow,['sts:TagSession'],arn:aws:iam::{account id}:role/{role name},deny_0f38f412,deny_0f38f412_combo_1,ec2:RunInstances,arn:aws:iam::{account id}:role/{role name},arn:aws:iam::123456789012:user/alice,{'IpAddress': {'aws:SourceIp': '203.0.113.0/24'}},deny,deny,unsat,True
policy_5_iter_1.json,,/home/bhall2/Documents/fixmypolicy/FL/Experiment-2/temp_validation/val-50-ollamaa/policy_5_iter_1.json,16,allow_a7f5ef81,Allow,['sts:TagSession'],arn:aws:iam::{account id}:role/{role name},deny_dccafd42,deny_dccafd42_combo_1,sts:TagSession,forbidden-arn:aws:iam::{account id}:role/{role name}-specific,arn:aws:iam::{account id}:oidc-provider/forbidden-gitlab.com,{'DateLessThan': {'aws:CurrentTime': '2025-12-31T23:59:59Z'}},deny,deny,unsat,True
policy_5_iter_1.json,,/home/bhall2/Documents/fixmypolicy/FL/Experiment-2/temp_validation/val-50-ollamaa/policy_5_iter_1.json,16,allow_a7f5ef81,Allow,['sts:TagSession'],arn:aws:iam::{account id}:role/{role name},deny_dccafd42,deny_dccafd42_combo_2,sts:AssumeRoleWithWebIdentity,forbidden-arn:aws:iam::{account id}:role/{role name}-specific,arn:aws:iam::{account id}:oidc-provider/forbidden-gitlab.com,{'DateLessThan': {'aws:CurrentTime': '2025-12-31T23:59:59Z'}},deny,deny,unsat,True
policy_5_iter_1.json,,/home/bhall2/Documents/fixmypolicy/FL/Experiment-2/temp_validation/val-50-ollamaa/policy_5_iter_1.json,16,allow_a7f5ef81,Allow,['sts:TagSession'],arn:aws:iam::{account id}:role/{role name},allow_b3521fa7,allow_b3521fa7_combo_1,sts:AssumeRoleWithWebIdentity,arn:aws:iam::{account id}:role/{role name},arn:aws:iam::{account id}:oidc-provider/gitlab.com,{'StringLike': {'gitlab.com:sub': 'project_path:{redacted}/*:ref_type:branch:ref:*'}},allow,deny,unsat,False
policy_5_iter_1.json,,/home/bhall2/Documents/fixmypolicy/FL/Experiment-2/temp_validation/val-50-ollamaa/policy_5_iter_1.json,16,allow_a7f5ef81,Allow,['sts:TagSession'],arn:aws:iam::{account id}:role/{role name},deny_5cdc410d,deny_5cdc410d_combo_1,sts:AssumeRoleWithWebIdentity,arn:aws:iam::{account id}:role/{role name}-forbidden-resource,arn:aws:iam::999888777666:oidc-provider/gitlab.com,{'DateLessThan': {'aws:CurrentTime': '2025-12-31T23:59:59Z'}},deny,deny,unsat,True
policy_5_iter_1.json,,/home/bhall2/Documents/fixmypolicy/FL/Experiment-2/temp_validation/val-50-ollamaa/policy_5_iter_1.json,16,allow_a7f5ef81,Allow,['sts:TagSession'],arn:aws:iam::{account id}:role/{role name},allow_1a3aa330,allow_1a3aa330_combo_1,sts:TagSession,arn:aws:iam::{account id}:role/{role name},arn:aws:iam::{account id}:oidc-provider/gitlab.com,{'StringLike': {'gitlab.com:sub': 'project_path:{redacted}/*:ref_type:branch:ref:*'}},allow,allow,sat,True
policy_5_iter_1.json,,/home/bhall2/Documents/fixmypolicy/FL/Experiment-2/temp_validation/val-50-ollamaa/policy_5_iter_1.json,16,allow_a7f5ef81,Allow,['sts:TagSession'],arn:aws:iam::{account id}:role/{role name},allow_1a3aa330,allow_1a3aa330_combo_2,sts:AssumeRoleWithWebIdentity,arn:aws:iam::{account id}:role/{role name},arn:aws:iam::{account id}:oidc-provider/gitlab.com,{'StringLike': {'gitlab.com:sub': 'project_path:{redacted}/*:ref_type:branch:ref:*'}},allow,deny,unsat,False
policy_5_iter_1.json,,/home/bhall2/Documents/fixmypolicy/FL/Experiment-2/temp_validation/val-50-ollamaa/policy_5_iter_1.json,16,allow_a7f5ef81,Allow,['sts:TagSession'],arn:aws:iam::{account id}:role/{role name},deny_8dc7e4d8,deny_8dc7e4d8_combo_1,sts:TagSession,arn:aws:iam::{account id}:role/{role name}-forbidden-resource,arn:aws:iam::{account id}:oidc-provider/gitlab.com,{'StringLike': {'gitlab.com:sub': 'project_path:{redacted}/*:ref_type:branch:ref:*'}},deny,deny,unsat,True
policy_5_iter_1.json,,/home/bhall2/Documents/fixmypolicy/FL/Experiment-2/temp_validation/val-50-ollamaa/policy_5_iter_1.json,16,allow_a7f5ef81,Allow,['sts:TagSession'],arn:aws:iam::{account id}:role/{role name},allow_a3073d0d,allow_a3073d0d_combo_1,sts:TagSession,arn:aws:iam::{account id}:role/{role name},arn:aws:iam::{account id}:oidc-provider/gitlab.com,{'StringLike': {'gitlab.com:sub': 'project_path:{redacted}/*:ref_type:branch:ref:*'}},allow,allow,sat,True
policy_5_iter_1.json,,/home/bhall2/Documents/fixmypolicy/FL/Experiment-2/temp_validation/val-50-ollamaa/policy_5_iter_1.json,16,allow_a7f5ef81,Allow,['sts:TagSession'],arn:aws:iam::{account id}:role/{role name},allow_a3073d0d,allow_a3073d0d_combo_2,sts:AssumeRoleWithWebIdentity,arn:aws:iam::{account id}:role/{role name},arn:aws:iam::{account id}:oidc-provider/gitlab.com,{'StringLike': {'gitlab.com:sub': 'project_path:{redacted}/*:ref_type:branch:ref:*'}},allow,deny,unsat,False
policy_5_iter_1.json,,/home/bhall2/Documents/fixmypolicy/FL/Experiment-2/temp_validation/val-50-ollamaa/policy_5_iter_1.json,16,allow_a7f5ef81,Allow,['sts:TagSession'],arn:aws:iam::{account id}:role/{role name},allow_39a49474,allow_39a49474_combo_1,sts:AssumeRoleWithWebIdentity,arn:aws:iam::{account id}:role/{role name},arn:aws:iam::{account id}:oidc-provider/gitlab.com,{'StringLike': {'gitlab.com:sub': 'project_path:{redacted}/*:ref_type:branch:ref:*'}},allow,deny,unsat,False
policy_5_iter_1.json,,/home/bhall2/Documents/fixmypolicy/FL/Experiment-2/temp_validation/val-50-ollamaa/policy_5_iter_1.json,16,allow_a7f5ef81,Allow,['sts:TagSession'],arn:aws:iam::{account id}:role/{role name},allow_39a49474,allow_39a49474_combo_2,sts:TagSession,arn:aws:iam::{account id}:role/{role name},arn:aws:iam::{account id}:oidc-provider/gitlab.com,{'StringLike': {'gitlab.com:sub': 'project_path:{redacted}/*:ref_type:branch:ref:*'}},allow,allow,sat,True
policy_5_iter_1.json,,/home/bhall2/Documents/fixmypolicy/FL/Experiment-2/temp_validation/val-50-ollamaa/policy_5_iter_1.json,16,allow_a7f5ef81,Allow,['sts:TagSession'],arn:aws:iam::{account id}:role/{role name},deny_b2a7386a,deny_b2a7386a_combo_1,iam:DeleteUser,arn:aws:iam::{account id}:role/{role name},arn:aws:iam::999888777666:oidc-provider/gitlab.com,{'StringEquals': {'aws:RequestedRegion': 'us-west-2'}},deny,deny,unsat,True
policy_5_iter_1.json,,/home/bhall2/Documents/fixmypolicy/FL/Experiment-2/temp_validation/val-50-ollamaa/policy_5_iter_1.json,16,allow_a7f5ef81,Allow,['sts:TagSession'],arn:aws:iam::{account id}:role/{role name},deny_200cd3bf,deny_200cd3bf_combo_1,sts:AssumeRoleWithWebIdentity,arn:aws:iam::{account id}:role/{role name}-forbidden-resource,arn:aws:iam::123456789012:user/alice,{'StringEquals': {'aws:RequestedRegion': 'us-east-1'}},deny,deny,unsat,True
policy_5_iter_1.json,,/home/bhall2/Documents/fixmypolicy/FL/Experiment-2/temp_validation/val-50-ollamaa/policy_5_iter_1.json,16,allow_a7f5ef81,Allow,['sts:TagSession'],arn:aws:iam::{account id}:role/{role name},allow_9e959d67,allow_9e959d67_combo_1,sts:TagSession,arn:aws:iam::{account id}:role/{role name},arn:aws:iam::{account id}:oidc-provider/gitlab.com,{'StringLike': {'gitlab.com:sub': 'project_path:{redacted}/*:ref_type:branch:ref:*'}},allow,allow,sat,True
policy_5_iter_1.json,,/home/bhall2/Documents/fixmypolicy/FL/Experiment-2/temp_validation/val-50-ollamaa/policy_5_iter_1.json,16,allow_a7f5ef81,Allow,['sts:TagSession'],arn:aws:iam::{account id}:role/{role name},allow_8b2a35e8,allow_8b2a35e8_combo_1,sts:TagSession,arn:aws:iam::{account id}:role/{role name},arn:aws:iam::123456789012:user/alice,{'StringEquals': {'aws:RequestedRegion': 'us-east-1'}},allow,deny,unsat,False
policy_5_iter_1.json,,/home/bhall2/Documents/fixmypolicy/FL/Experiment-2/temp_validation/val-50-ollamaa/policy_5_iter_1.json,16,allow_a7f5ef81,Allow,['sts:TagSession'],arn:aws:iam::{account id}:role/{role name},allow_a7f5ef81,allow_a7f5ef81_combo_1,sts:TagSession,arn:aws:iam::{account id}:role/{role name},arn:aws:iam::{account id}:oidc-provider/gitlab.com,{'StringLike': {'gitlab.com:sub': 'project_path:{redacted}/*:ref_type:branch:ref:*'}},allow,allow,sat,True
policy_5_iter_1.json,,/home/bhall2/Documents/fixmypolicy/FL/Experiment-2/temp_validation/val-50-ollamaa/policy_5_iter_1.json,16,allow_a7f5ef81,Allow,['sts:TagSession'],arn:aws:iam::{account id}:role/{role name},deny_a61a5c77,deny_a61a5c77_combo_1,ec2:DescribeInstances,arn:aws:iam::{account id}:role/{role name},arn:aws:iam::{account id}:oidc-provider/forbidden-gitlab.com,{'IpAddress': {'aws:SourceIp': '203.0.113.0/24'}},deny,deny,unsat,True
policy_5_iter_1.json,,/home/bhall2/Documents/fixmypolicy/FL/Experiment-2/temp_validation/val-50-ollamaa/policy_5_iter_1.json,16,allow_a7f5ef81,Allow,['sts:TagSession'],arn:aws:iam::{account id}:role/{role name},allow_8fe72846,allow_8fe72846_combo_1,sts:AssumeRoleWithWebIdentity,arn:aws:iam::{account id}:role/{role name},arn:aws:iam::{account id}:oidc-provider/gitlab.com,{'StringLike': {'gitlab.com:sub': 'project_path:{redacted}/*:ref_type:branch:ref:*'}},allow,deny,unsat,False
policy_5_iter_1.json,,/home/bhall2/Documents/fixmypolicy/FL/Experiment-2/temp_validation/val-50-ollamaa/policy_5_iter_1.json,16,allow_a7f5ef81,Allow,['sts:TagSession'],arn:aws:iam::{account id}:role/{role name},allow_8fe72846,allow_8fe72846_combo_2,sts:TagSession,arn:aws:iam::{account id}:role/{role name},arn:aws:iam::{account id}:oidc-provider/gitlab.com,{'StringLike': {'gitlab.com:sub': 'project_path:{redacted}/*:ref_type:branch:ref:*'}},allow,allow,sat,True
policy_5_iter_1.json,,/home/bhall2/Documents/fixmypolicy/FL/Experiment-2/temp_validation/val-50-ollamaa/policy_5_iter_1.json,16,allow_a7f5ef81,Allow,['sts:TagSession'],arn:aws:iam::{account id}:role/{role name},allow_b9703ac8,allow_b9703ac8_combo_1,sts:AssumeRoleWithWebIdentity,arn:aws:iam::{account id}:role/{role name},arn:aws:iam::{account id}:oidc-provider/gitlab.com,{'StringLike': {'gitlab.com:sub': 'project_path:{redacted}/*:ref_type:branch:ref:*'}},allow,deny,unsat,False
policy_5_iter_1.json,,/home/bhall2/Documents/fixmypolicy/FL/Experiment-2/temp_validation/val-50-ollamaa/policy_5_iter_1.json,16,allow_a7f5ef81,Allow,['sts:TagSession'],arn:aws:iam::{account id}:role/{role name},allow_b9703ac8,allow_b9703ac8_combo_2,sts:TagSession,arn:aws:iam::{account id}:role/{role name},arn:aws:iam::{account id}:oidc-provider/gitlab.com,{'StringLike': {'gitlab.com:sub': 'project_path:{redacted}/*:ref_type:branch:ref:*'}},allow,allow,sat,True
policy_5_iter_1.json,,/home/bhall2/Documents/fixmypolicy/FL/Experiment-2/temp_validation/val-50-ollamaa/policy_5_iter_1.json,16,allow_a7f5ef81,Allow,['sts:TagSession'],arn:aws:iam::{account id}:role/{role name},deny_fda03fc6,deny_fda03fc6_combo_1,sts:AssumeRoleWithWebIdentity,arn:aws:iam::{account id}:role/{role name}-forbidden-resource,arn:aws:iam::{account id}:oidc-provider/gitlab.com,{'StringLike': {'gitlab.com:sub': 'project_path:{redacted}/*:ref_type:branch:ref:*'}},deny,deny,unsat,True
policy_5_iter_1.json,,/home/bhall2/Documents/fixmypolicy/FL/Experiment-2/temp_validation/val-50-ollamaa/policy_5_iter_1.json,16,allow_a7f5ef81,Allow,['sts:TagSession'],arn:aws:iam::{account id}:role/{role name},deny_fda03fc6,deny_fda03fc6_combo_2,sts:TagSession,arn:aws:iam::{account id}:role/{role name}-forbidden-resource,arn:aws:iam::{account id}:oidc-provider/gitlab.com,{'StringLike': {'gitlab.com:sub': 'project_path:{redacted}/*:ref_type:branch:ref:*'}},deny,deny,unsat,True
policy_5_iter_1.json,,/home/bhall2/Documents/fixmypolicy/FL/Experiment-2/temp_validation/val-50-ollamaa/policy_5_iter_1.json,17,allow_8fe72846,Allow,"['sts:AssumeRoleWithWebIdentity', 'sts:TagSession']",arn:aws:iam::{account id}:role/{role name},allow_a8fd7ef6,allow_a8fd7ef6_combo_1,sts:AssumeRoleWithWebIdentity,arn:aws:iam::{account id}:role/{role name},arn:aws:iam::{account id}:oidc-provider/gitlab.com,{'StringLike': {'gitlab.com:sub': 'project_path:{redacted}/*:ref_type:branch:ref:*'}},allow,allow,sat,True
policy_5_iter_1.json,,/home/bhall2/Documents/fixmypolicy/FL/Experiment-2/temp_validation/val-50-ollamaa/policy_5_iter_1.json,17,allow_8fe72846,Allow,"['sts:AssumeRoleWithWebIdentity', 'sts:TagSession']",arn:aws:iam::{account id}:role/{role name},allow_e641a090,allow_e641a090_combo_1,sts:AssumeRoleWithWebIdentity,arn:aws:iam::{account id}:role/{role name},arn:aws:iam::{account id}:oidc-provider/gitlab.com,{'StringLike': {'gitlab.com:sub': 'project_path:{redacted}/*:ref_type:branch:ref:*'}},allow,allow,sat,True
policy_5_iter_1.json,,/home/bhall2/Documents/fixmypolicy/FL/Experiment-2/temp_validation/val-50-ollamaa/policy_5_iter_1.json,17,allow_8fe72846,Allow,"['sts:AssumeRoleWithWebIdentity', 'sts:TagSession']",arn:aws:iam::{account id}:role/{role name},deny_f13ef671,deny_f13ef671_combo_1,iam:CreateUser,arn:aws:iam::{account id}:role/{role name},arn:aws:iam::123456789012:user/alice,{'DateLessThan': {'aws:CurrentTime': '2025-12-31T23:59:59Z'}},deny,deny,unsat,True
policy_5_iter_1.json,,/home/bhall2/Documents/fixmypolicy/FL/Experiment-2/temp_validation/val-50-ollamaa/policy_5_iter_1.json,17,allow_8fe72846,Allow,"['sts:AssumeRoleWithWebIdentity', 'sts:TagSession']",arn:aws:iam::{account id}:role/{role name},allow_d28acd92,allow_d28acd92_combo_1,sts:TagSession,arn:aws:iam::{account id}:role/{role name},arn:aws:iam::123456789012:user/alice,{'DateGreaterThan': {'aws:CurrentTime': '2024-01-01T00:00:00Z'}},allow,deny,unsat,False
policy_5_iter_1.json,,/home/bhall2/Documents/fixmypolicy/FL/Experiment-2/temp_validation/val-50-ollamaa/policy_5_iter_1.json,17,allow_8fe72846,Allow,"['sts:AssumeRoleWithWebIdentity', 'sts:TagSession']",arn:aws:iam::{account id}:role/{role name},allow_d28acd92,allow_d28acd92_combo_2,sts:AssumeRoleWithWebIdentity,arn:aws:iam::{account id}:role/{role name},arn:aws:iam::123456789012:user/alice,{'DateGreaterThan': {'aws:CurrentTime': '2024-01-01T00:00:00Z'}},allow,deny,unsat,False
policy_5_iter_1.json,,/home/bhall2/Documents/fixmypolicy/FL/Experiment-2/temp_validation/val-50-ollamaa/policy_5_iter_1.json,17,allow_8fe72846,Allow,"['sts:AssumeRoleWithWebIdentity', 'sts:TagSession']",arn:aws:iam::{account id}:role/{role name},allow_ad67e7d3,allow_ad67e7d3_combo_1,sts:TagSession,arn:aws:iam::{account id}:role/{role name},arn:aws:iam::{account id}:oidc-provider/gitlab.com,{'StringLike': {'gitlab.com:sub': 'project_path:{redacted}/ref_type:branch:ref'}},allow,allow,sat,True
policy_5_iter_1.json,,/home/bhall2/Documents/fixmypolicy/FL/Experiment-2/temp_validation/val-50-ollamaa/policy_5_iter_1.json,17,allow_8fe72846,Allow,"['sts:AssumeRoleWithWebIdentity', 'sts:TagSession']",arn:aws:iam::{account id}:role/{role name},allow_ad67e7d3,allow_ad67e7d3_combo_2,sts:AssumeRoleWithWebIdentity,arn:aws:iam::{account id}:role/{role name},arn:aws:iam::{account id}:oidc-provider/gitlab.com,{'StringLike': {'gitlab.com:sub': 'project_path:{redacted}/ref_type:branch:ref'}},allow,allow,sat,True
policy_5_iter_1.json,,/home/bhall2/Documents/fixmypolicy/FL/Experiment-2/temp_validation/val-50-ollamaa/policy_5_iter_1.json,17,allow_8fe72846,Allow,"['sts:AssumeRoleWithWebIdentity', 'sts:TagSession']",arn:aws:iam::{account id}:role/{role name},deny_51d9c228,deny_51d9c228_combo_1,ec2:RunInstances,arn:aws:iam::{account id}:role/{role name},arn:aws:iam::123456789012:user/alice,{'DateLessThan': {'aws:CurrentTime': '2025-12-31T23:59:59Z'}},deny,deny,unsat,True
policy_5_iter_1.json,,/home/bhall2/Documents/fixmypolicy/FL/Experiment-2/temp_validation/val-50-ollamaa/policy_5_iter_1.json,17,allow_8fe72846,Allow,"['sts:AssumeRoleWithWebIdentity', 'sts:TagSession']",arn:aws:iam::{account id}:role/{role name},deny_c81babfb,deny_c81babfb_combo_1,sts:TagSession,forbidden-arn:aws:iam::{account id}:role/{role name}-specific,arn:aws:iam::{account id}:oidc-provider/forbidden-gitlab.com,{'IpAddress': {'aws:SourceIp': '203.0.113.0/24'}},deny,deny,unsat,True
policy_5_iter_1.json,,/home/bhall2/Documents/fixmypolicy/FL/Experiment-2/temp_validation/val-50-ollamaa/policy_5_iter_1.json,17,allow_8fe72846,Allow,"['sts:AssumeRoleWithWebIdentity', 'sts:TagSession']",arn:aws:iam::{account id}:role/{role name},deny_c81babfb,deny_c81babfb_combo_2,sts:AssumeRoleWithWebIdentity,forbidden-arn:aws:iam::{account id}:role/{role name}-specific,arn:aws:iam::{account id}:oidc-provider/forbidden-gitlab.com,{'IpAddress': {'aws:SourceIp': '203.0.113.0/24'}},deny,deny,unsat,True
policy_5_iter_1.json,,/home/bhall2/Documents/fixmypolicy/FL/Experiment-2/temp_validation/val-50-ollamaa/policy_5_iter_1.json,17,allow_8fe72846,Allow,"['sts:AssumeRoleWithWebIdentity', 'sts:TagSession']",arn:aws:iam::{account id}:role/{role name},deny_d9e1c623,deny_d9e1c623_combo_1,sts:AssumeRoleWithWebIdentity,arn:aws:iam::{account id}:role/{role name}-forbidden-resource,arn:aws:iam::999888777666:oidc-provider/gitlab.com,{'StringEquals': {'aws:RequestedRegion': 'us-east-1'}},deny,deny,unsat,True
policy_5_iter_1.json,,/home/bhall2/Documents/fixmypolicy/FL/Experiment-2/temp_validation/val-50-ollamaa/policy_5_iter_1.json,17,allow_8fe72846,Allow,"['sts:AssumeRoleWithWebIdentity', 'sts:TagSession']",arn:aws:iam::{account id}:role/{role name},deny_eae39e7d,deny_eae39e7d_combo_1,lambda:CreateFunction,arn:aws:iam::{account id}:role/{role name},arn:aws:iam::{account id}:oidc-provider/forbidden-gitlab.com,{'DateLessThan': {'aws:CurrentTime': '2025-12-31T23:59:59Z'}},deny,deny,unsat,True
policy_5_iter_1.json,,/home/bhall2/Documents/fixmypolicy/FL/Experiment-2/temp_validation/val-50-ollamaa/policy_5_iter_1.json,17,allow_8fe72846,Allow,"['sts:AssumeRoleWithWebIdentity', 'sts:TagSession']",arn:aws:iam::{account id}:role/{role name},allow_277adc8e,allow_277adc8e_combo_1,sts:TagSession,arn:aws:iam::{account id}:role/{role name},arn:aws:iam::{account id}:oidc-provider/gitlab.com,{'StringLike': {'gitlab.com:sub': 'project_path:{redacted}/ref_type:branch:ref'}},allow,allow,sat,True
policy_5_iter_1.json,,/home/bhall2/Documents/fixmypolicy/FL/Experiment-2/temp_validation/val-50-ollamaa/policy_5_iter_1.json,17,allow_8fe72846,Allow,"['sts:AssumeRoleWithWebIdentity', 'sts:TagSession']",arn:aws:iam::{account id}:role/{role name},allow_277adc8e,allow_277adc8e_combo_2,sts:AssumeRoleWithWebIdentity,arn:aws:iam::{account id}:role/{role name},arn:aws:iam::{account id}:oidc-provider/gitlab.com,{'StringLike': {'gitlab.com:sub': 'project_path:{redacted}/ref_type:branch:ref'}},allow,allow,sat,True
policy_5_iter_1.json,,/home/bhall2/Documents/fixmypolicy/FL/Experiment-2/temp_validation/val-50-ollamaa/policy_5_iter_1.json,17,allow_8fe72846,Allow,"['sts:AssumeRoleWithWebIdentity', 'sts:TagSession']",arn:aws:iam::{account id}:role/{role name},deny_2efa2500,deny_2efa2500_combo_1,sts:TagSession,arn:aws:iam::{account id}:role/{role name}-forbidden-resource,arn:aws:iam::{account id}:oidc-provider/gitlab.com,{'StringLike': {'gitlab.com:sub': 'project_path:{redacted}/*:ref_type:branch:ref:*'}},deny,deny,unsat,True
policy_5_iter_1.json,,/home/bhall2/Documents/fixmypolicy/FL/Experiment-2/temp_validation/val-50-ollamaa/policy_5_iter_1.json,17,allow_8fe72846,Allow,"['sts:AssumeRoleWithWebIdentity', 'sts:TagSession']",arn:aws:iam::{account id}:role/{role name},deny_2efa2500,deny_2efa2500_combo_2,sts:AssumeRoleWithWebIdentity,arn:aws:iam::{account id}:role/{role name}-forbidden-resource,arn:aws:iam::{account id}:oidc-provider/gitlab.com,{'StringLike': {'gitlab.com:sub': 'project_path:{redacted}/*:ref_type:branch:ref:*'}},deny,deny,unsat,True
policy_5_iter_1.json,,/home/bhall2/Documents/fixmypolicy/FL/Experiment-2/temp_validation/val-50-ollamaa/policy_5_iter_1.json,17,allow_8fe72846,Allow,"['sts:AssumeRoleWithWebIdentity', 'sts:TagSession']",arn:aws:iam::{account id}:role/{role name},allow_4b2e6812,allow_4b2e6812_combo_1,sts:TagSession,arn:aws:iam::{account id}:role/{role name},arn:aws:iam::999888777666:oidc-provider/gitlab.com,{'StringEquals': {'aws:RequestedRegion': 'us-west-2'}},allow,deny,unsat,False
policy_5_iter_1.json,,/home/bhall2/Documents/fixmypolicy/FL/Experiment-2/temp_validation/val-50-ollamaa/policy_5_iter_1.json,17,allow_8fe72846,Allow,"['sts:AssumeRoleWithWebIdentity', 'sts:TagSession']",arn:aws:iam::{account id}:role/{role name},allow_4b2e6812,allow_4b2e6812_combo_2,sts:AssumeRoleWithWebIdentity,arn:aws:iam::{account id}:role/{role name},arn:aws:iam::999888777666:oidc-provider/gitlab.com,{'StringEquals': {'aws:RequestedRegion': 'us-west-2'}},allow,deny,unsat,False
policy_5_iter_1.json,,/home/bhall2/Documents/fixmypolicy/FL/Experiment-2/temp_validation/val-50-ollamaa/policy_5_iter_1.json,17,allow_8fe72846,Allow,"['sts:AssumeRoleWithWebIdentity', 'sts:TagSession']",arn:aws:iam::{account id}:role/{role name},deny_2ccddee4,deny_2ccddee4_combo_1,iam:DeleteUser,arn:aws:iam::{account id}:role/{role name},arn:aws:iam::999888777666:oidc-provider/gitlab.com,{'DateLessThan': {'aws:CurrentTime': '2025-12-31T23:59:59Z'}},deny,deny,unsat,True
policy_5_iter_1.json,,/home/bhall2/Documents/fixmypolicy/FL/Experiment-2/temp_validation/val-50-ollamaa/policy_5_iter_1.json,17,allow_8fe72846,Allow,"['sts:AssumeRoleWithWebIdentity', 'sts:TagSession']",arn:aws:iam::{account id}:role/{role name},allow_8d6aad9f,allow_8d6aad9f_combo_1,sts:TagSession,arn:aws:iam::{account id}:role/{role name},arn:aws:iam::{account id}:oidc-provider/gitlab.com,{'StringLike': {'gitlab.com:sub': 'project_path:{redacted}/*:ref_type:branch:ref:*'}},allow,allow,sat,True
policy_5_iter_1.json,,/home/bhall2/Documents/fixmypolicy/FL/Experiment-2/temp_validation/val-50-ollamaa/policy_5_iter_1.json,17,allow_8fe72846,Allow,"['sts:AssumeRoleWithWebIdentity', 'sts:TagSession']",arn:aws:iam::{account id}:role/{role name},allow_8d6aad9f,allow_8d6aad9f_combo_2,sts:AssumeRoleWithWebIdentity,arn:aws:iam::{account id}:role/{role name},arn:aws:iam::{account id}:oidc-provider/gitlab.com,{'StringLike': {'gitlab.com:sub': 'project_path:{redacted}/*:ref_type:branch:ref:*'}},allow,allow,sat,True
policy_5_iter_1.json,,/home/bhall2/Documents/fixmypolicy/FL/Experiment-2/temp_validation/val-50-ollamaa/policy_5_iter_1.json,17,allow_8fe72846,Allow,"['sts:AssumeRoleWithWebIdentity', 'sts:TagSession']",arn:aws:iam::{account id}:role/{role name},allow_46828ad7,allow_46828ad7_combo_1,sts:AssumeRoleWithWebIdentity,arn:aws:iam::{account id}:role/{role name},arn:aws:iam::123456789012:user/alice,{'DateGreaterThan': {'aws:CurrentTime': '2024-01-01T00:00:00Z'}},allow,deny,unsat,False
policy_5_iter_1.json,,/home/bhall2/Documents/fixmypolicy/FL/Experiment-2/temp_validation/val-50-ollamaa/policy_5_iter_1.json,17,allow_8fe72846,Allow,"['sts:AssumeRoleWithWebIdentity', 'sts:TagSession']",arn:aws:iam::{account id}:role/{role name},allow_46828ad7,allow_46828ad7_combo_2,sts:TagSession,arn:aws:iam::{account id}:role/{role name},arn:aws:iam::123456789012:user/alice,{'DateGreaterThan': {'aws:CurrentTime': '2024-01-01T00:00:00Z'}},allow,deny,unsat,False
policy_5_iter_1.json,,/home/bhall2/Documents/fixmypolicy/FL/Experiment-2/temp_validation/val-50-ollamaa/policy_5_iter_1.json,17,allow_8fe72846,Allow,"['sts:AssumeRoleWithWebIdentity', 'sts:TagSession']",arn:aws:iam::{account id}:role/{role name},deny_284a8d13,deny_284a8d13_combo_1,lambda:CreateFunction,arn:aws:iam::{account id}:role/{role name},arn:aws:iam::123456789012:user/alice,{'DateLessThan': {'aws:CurrentTime': '2025-12-31T23:59:59Z'}},deny,deny,unsat,True
policy_5_iter_1.json,,/home/bhall2/Documents/fixmypolicy/FL/Experiment-2/temp_validation/val-50-ollamaa/policy_5_iter_1.json,17,allow_8fe72846,Allow,"['sts:AssumeRoleWithWebIdentity', 'sts:TagSession']",arn:aws:iam::{account id}:role/{role name},allow_d296b21a,allow_d296b21a_combo_1,sts:TagSession,arn:aws:iam::{account id}:role/{role name},arn:aws:iam::999888777666:oidc-provider/gitlab.com,{'StringEquals': {'aws:RequestedRegion': 'us-east-1'}},allow,deny,unsat,False
policy_5_iter_1.json,,/home/bhall2/Documents/fixmypolicy/FL/Experiment-2/temp_validation/val-50-ollamaa/policy_5_iter_1.json,17,allow_8fe72846,Allow,"['sts:AssumeRoleWithWebIdentity', 'sts:TagSession']",arn:aws:iam::{account id}:role/{role name},allow_d296b21a,allow_d296b21a_combo_2,sts:AssumeRoleWithWebIdentity,arn:aws:iam::{account id}:role/{role name},arn:aws:iam::999888777666:oidc-provider/gitlab.com,{'StringEquals': {'aws:RequestedRegion': 'us-east-1'}},allow,deny,unsat,False
policy_5_iter_1.json,,/home/bhall2/Documents/fixmypolicy/FL/Experiment-2/temp_validation/val-50-ollamaa/policy_5_iter_1.json,17,allow_8fe72846,Allow,"['sts:AssumeRoleWithWebIdentity', 'sts:TagSession']",arn:aws:iam::{account id}:role/{role name},deny_0f38f412,deny_0f38f412_combo_1,ec2:RunInstances,arn:aws:iam::{account id}:role/{role name},arn:aws:iam::123456789012:user/alice,{'IpAddress': {'aws:SourceIp': '203.0.113.0/24'}},deny,deny,unsat,True
policy_5_iter_1.json,,/home/bhall2/Documents/fixmypolicy/FL/Experiment-2/temp_validation/val-50-ollamaa/policy_5_iter_1.json,17,allow_8fe72846,Allow,"['sts:AssumeRoleWithWebIdentity', 'sts:TagSession']",arn:aws:iam::{account id}:role/{role name},deny_dccafd42,deny_dccafd42_combo_1,sts:TagSession,forbidden-arn:aws:iam::{account id}:role/{role name}-specific,arn:aws:iam::{account id}:oidc-provider/forbidden-gitlab.com,{'DateLessThan': {'aws:CurrentTime': '2025-12-31T23:59:59Z'}},deny,deny,unsat,True
policy_5_iter_1.json,,/home/bhall2/Documents/fixmypolicy/FL/Experiment-2/temp_validation/val-50-ollamaa/policy_5_iter_1.json,17,allow_8fe72846,Allow,"['sts:AssumeRoleWithWebIdentity', 'sts:TagSession']",arn:aws:iam::{account id}:role/{role name},deny_dccafd42,deny_dccafd42_combo_2,sts:AssumeRoleWithWebIdentity,forbidden-arn:aws:iam::{account id}:role/{role name}-specific,arn:aws:iam::{account id}:oidc-provider/forbidden-gitlab.com,{'DateLessThan': {'aws:CurrentTime': '2025-12-31T23:59:59Z'}},deny,deny,unsat,True
policy_5_iter_1.json,,/home/bhall2/Documents/fixmypolicy/FL/Experiment-2/temp_validation/val-50-ollamaa/policy_5_iter_1.json,17,allow_8fe72846,Allow,"['sts:AssumeRoleWithWebIdentity', 'sts:TagSession']",arn:aws:iam::{account id}:role/{role name},allow_b3521fa7,allow_b3521fa7_combo_1,sts:AssumeRoleWithWebIdentity,arn:aws:iam::{account id}:role/{role name},arn:aws:iam::{account id}:oidc-provider/gitlab.com,{'StringLike': {'gitlab.com:sub': 'project_path:{redacted}/*:ref_type:branch:ref:*'}},allow,allow,sat,True
policy_5_iter_1.json,,/home/bhall2/Documents/fixmypolicy/FL/Experiment-2/temp_validation/val-50-ollamaa/policy_5_iter_1.json,17,allow_8fe72846,Allow,"['sts:AssumeRoleWithWebIdentity', 'sts:TagSession']",arn:aws:iam::{account id}:role/{role name},deny_5cdc410d,deny_5cdc410d_combo_1,sts:AssumeRoleWithWebIdentity,arn:aws:iam::{account id}:role/{role name}-forbidden-resource,arn:aws:iam::999888777666:oidc-provider/gitlab.com,{'DateLessThan': {'aws:CurrentTime': '2025-12-31T23:59:59Z'}},deny,deny,unsat,True
policy_5_iter_1.json,,/home/bhall2/Documents/fixmypolicy/FL/Experiment-2/temp_validation/val-50-ollamaa/policy_5_iter_1.json,17,allow_8fe72846,Allow,"['sts:AssumeRoleWithWebIdentity', 'sts:TagSession']",arn:aws:iam::{account id}:role/{role name},allow_1a3aa330,allow_1a3aa330_combo_1,sts:TagSession,arn:aws:iam::{account id}:role/{role name},arn:aws:iam::{account id}:oidc-provider/gitlab.com,{'StringLike': {'gitlab.com:sub': 'project_path:{redacted}/*:ref_type:branch:ref:*'}},allow,allow,sat,True
policy_5_iter_1.json,,/home/bhall2/Documents/fixmypolicy/FL/Experiment-2/temp_validation/val-50-ollamaa/policy_5_iter_1.json,17,allow_8fe72846,Allow,"['sts:AssumeRoleWithWebIdentity', 'sts:TagSession']",arn:aws:iam::{account id}:role/{role name},allow_1a3aa330,allow_1a3aa330_combo_2,sts:AssumeRoleWithWebIdentity,arn:aws:iam::{account id}:role/{role name},arn:aws:iam::{account id}:oidc-provider/gitlab.com,{'StringLike': {'gitlab.com:sub': 'project_path:{redacted}/*:ref_type:branch:ref:*'}},allow,allow,sat,True
policy_5_iter_1.json,,/home/bhall2/Documents/fixmypolicy/FL/Experiment-2/temp_validation/val-50-ollamaa/policy_5_iter_1.json,17,allow_8fe72846,Allow,"['sts:AssumeRoleWithWebIdentity', 'sts:TagSession']",arn:aws:iam::{account id}:role/{role name},deny_8dc7e4d8,deny_8dc7e4d8_combo_1,sts:TagSession,arn:aws:iam::{account id}:role/{role name}-forbidden-resource,arn:aws:iam::{account id}:oidc-provider/gitlab.com,{'StringLike': {'gitlab.com:sub': 'project_path:{redacted}/*:ref_type:branch:ref:*'}},deny,deny,unsat,True
policy_5_iter_1.json,,/home/bhall2/Documents/fixmypolicy/FL/Experiment-2/temp_validation/val-50-ollamaa/policy_5_iter_1.json,17,allow_8fe72846,Allow,"['sts:AssumeRoleWithWebIdentity', 'sts:TagSession']",arn:aws:iam::{account id}:role/{role name},allow_a3073d0d,allow_a3073d0d_combo_1,sts:TagSession,arn:aws:iam::{account id}:role/{role name},arn:aws:iam::{account id}:oidc-provider/gitlab.com,{'StringLike': {'gitlab.com:sub': 'project_path:{redacted}/*:ref_type:branch:ref:*'}},allow,allow,sat,True
policy_5_iter_1.json,,/home/bhall2/Documents/fixmypolicy/FL/Experiment-2/temp_validation/val-50-ollamaa/policy_5_iter_1.json,17,allow_8fe72846,Allow,"['sts:AssumeRoleWithWebIdentity', 'sts:TagSession']",arn:aws:iam::{account id}:role/{role name},allow_a3073d0d,allow_a3073d0d_combo_2,sts:AssumeRoleWithWebIdentity,arn:aws:iam::{account id}:role/{role name},arn:aws:iam::{account id}:oidc-provider/gitlab.com,{'StringLike': {'gitlab.com:sub': 'project_path:{redacted}/*:ref_type:branch:ref:*'}},allow,allow,sat,True
policy_5_iter_1.json,,/home/bhall2/Documents/fixmypolicy/FL/Experiment-2/temp_validation/val-50-ollamaa/policy_5_iter_1.json,17,allow_8fe72846,Allow,"['sts:AssumeRoleWithWebIdentity', 'sts:TagSession']",arn:aws:iam::{account id}:role/{role name},allow_39a49474,allow_39a49474_combo_1,sts:AssumeRoleWithWebIdentity,arn:aws:iam::{account id}:role/{role name},arn:aws:iam::{account id}:oidc-provider/gitlab.com,{'StringLike': {'gitlab.com:sub': 'project_path:{redacted}/*:ref_type:branch:ref:*'}},allow,allow,sat,True
policy_5_iter_1.json,,/home/bhall2/Documents/fixmypolicy/FL/Experiment-2/temp_validation/val-50-ollamaa/policy_5_iter_1.json,17,allow_8fe72846,Allow,"['sts:AssumeRoleWithWebIdentity', 'sts:TagSession']",arn:aws:iam::{account id}:role/{role name},allow_39a49474,allow_39a49474_combo_2,sts:TagSession,arn:aws:iam::{account id}:role/{role name},arn:aws:iam::{account id}:oidc-provider/gitlab.com,{'StringLike': {'gitlab.com:sub': 'project_path:{redacted}/*:ref_type:branch:ref:*'}},allow,allow,sat,True
policy_5_iter_1.json,,/home/bhall2/Documents/fixmypolicy/FL/Experiment-2/temp_validation/val-50-ollamaa/policy_5_iter_1.json,17,allow_8fe72846,Allow,"['sts:AssumeRoleWithWebIdentity', 'sts:TagSession']",arn:aws:iam::{account id}:role/{role name},deny_b2a7386a,deny_b2a7386a_combo_1,iam:DeleteUser,arn:aws:iam::{account id}:role/{role name},arn:aws:iam::999888777666:oidc-provider/gitlab.com,{'StringEquals': {'aws:RequestedRegion': 'us-west-2'}},deny,deny,unsat,True
policy_5_iter_1.json,,/home/bhall2/Documents/fixmypolicy/FL/Experiment-2/temp_validation/val-50-ollamaa/policy_5_iter_1.json,17,allow_8fe72846,Allow,"['sts:AssumeRoleWithWebIdentity', 'sts:TagSession']",arn:aws:iam::{account id}:role/{role name},deny_200cd3bf,deny_200cd3bf_combo_1,sts:AssumeRoleWithWebIdentity,arn:aws:iam::{account id}:role/{role name}-forbidden-resource,arn:aws:iam::123456789012:user/alice,{'StringEquals': {'aws:RequestedRegion': 'us-east-1'}},deny,deny,unsat,True
policy_5_iter_1.json,,/home/bhall2/Documents/fixmypolicy/FL/Experiment-2/temp_validation/val-50-ollamaa/policy_5_iter_1.json,17,allow_8fe72846,Allow,"['sts:AssumeRoleWithWebIdentity', 'sts:TagSession']",arn:aws:iam::{account id}:role/{role name},allow_9e959d67,allow_9e959d67_combo_1,sts:TagSession,arn:aws:iam::{account id}:role/{role name},arn:aws:iam::{account id}:oidc-provider/gitlab.com,{'StringLike': {'gitlab.com:sub': 'project_path:{redacted}/*:ref_type:branch:ref:*'}},allow,allow,sat,True
policy_5_iter_1.json,,/home/bhall2/Documents/fixmypolicy/FL/Experiment-2/temp_validation/val-50-ollamaa/policy_5_iter_1.json,17,allow_8fe72846,Allow,"['sts:AssumeRoleWithWebIdentity', 'sts:TagSession']",arn:aws:iam::{account id}:role/{role name},allow_8b2a35e8,allow_8b2a35e8_combo_1,sts:TagSession,arn:aws:iam::{account id}:role/{role name},arn:aws:iam::123456789012:user/alice,{'StringEquals': {'aws:RequestedRegion': 'us-east-1'}},allow,deny,unsat,False
policy_5_iter_1.json,,/home/bhall2/Documents/fixmypolicy/FL/Experiment-2/temp_validation/val-50-ollamaa/policy_5_iter_1.json,17,allow_8fe72846,Allow,"['sts:AssumeRoleWithWebIdentity', 'sts:TagSession']",arn:aws:iam::{account id}:role/{role name},allow_a7f5ef81,allow_a7f5ef81_combo_1,sts:TagSession,arn:aws:iam::{account id}:role/{role name},arn:aws:iam::{account id}:oidc-provider/gitlab.com,{'StringLike': {'gitlab.com:sub': 'project_path:{redacted}/*:ref_type:branch:ref:*'}},allow,allow,sat,True
policy_5_iter_1.json,,/home/bhall2/Documents/fixmypolicy/FL/Experiment-2/temp_validation/val-50-ollamaa/policy_5_iter_1.json,17,allow_8fe72846,Allow,"['sts:AssumeRoleWithWebIdentity', 'sts:TagSession']",arn:aws:iam::{account id}:role/{role name},deny_a61a5c77,deny_a61a5c77_combo_1,ec2:DescribeInstances,arn:aws:iam::{account id}:role/{role name},arn:aws:iam::{account id}:oidc-provider/forbidden-gitlab.com,{'IpAddress': {'aws:SourceIp': '203.0.113.0/24'}},deny,deny,unsat,True
policy_5_iter_1.json,,/home/bhall2/Documents/fixmypolicy/FL/Experiment-2/temp_validation/val-50-ollamaa/policy_5_iter_1.json,17,allow_8fe72846,Allow,"['sts:AssumeRoleWithWebIdentity', 'sts:TagSession']",arn:aws:iam::{account id}:role/{role name},allow_8fe72846,allow_8fe72846_combo_1,sts:AssumeRoleWithWebIdentity,arn:aws:iam::{account id}:role/{role name},arn:aws:iam::{account id}:oidc-provider/gitlab.com,{'StringLike': {'gitlab.com:sub': 'project_path:{redacted}/*:ref_type:branch:ref:*'}},allow,allow,sat,True
policy_5_iter_1.json,,/home/bhall2/Documents/fixmypolicy/FL/Experiment-2/temp_validation/val-50-ollamaa/policy_5_iter_1.json,17,allow_8fe72846,Allow,"['sts:AssumeRoleWithWebIdentity', 'sts:TagSession']",arn:aws:iam::{account id}:role/{role name},allow_8fe72846,allow_8fe72846_combo_2,sts:TagSession,arn:aws:iam::{account id}:role/{role name},arn:aws:iam::{account id}:oidc-provider/gitlab.com,{'StringLike': {'gitlab.com:sub': 'project_path:{redacted}/*:ref_type:branch:ref:*'}},allow,allow,sat,True
policy_5_iter_1.json,,/home/bhall2/Documents/fixmypolicy/FL/Experiment-2/temp_validation/val-50-ollamaa/policy_5_iter_1.json,17,allow_8fe72846,Allow,"['sts:AssumeRoleWithWebIdentity', 'sts:TagSession']",arn:aws:iam::{account id}:role/{role name},allow_b9703ac8,allow_b9703ac8_combo_1,sts:AssumeRoleWithWebIdentity,arn:aws:iam::{account id}:role/{role name},arn:aws:iam::{account id}:oidc-provider/gitlab.com,{'StringLike': {'gitlab.com:sub': 'project_path:{redacted}/*:ref_type:branch:ref:*'}},allow,allow,sat,True
policy_5_iter_1.json,,/home/bhall2/Documents/fixmypolicy/FL/Experiment-2/temp_validation/val-50-ollamaa/policy_5_iter_1.json,17,allow_8fe72846,Allow,"['sts:AssumeRoleWithWebIdentity', 'sts:TagSession']",arn:aws:iam::{account id}:role/{role name},allow_b9703ac8,allow_b9703ac8_combo_2,sts:TagSession,arn:aws:iam::{account id}:role/{role name},arn:aws:iam::{account id}:oidc-provider/gitlab.com,{'StringLike': {'gitlab.com:sub': 'project_path:{redacted}/*:ref_type:branch:ref:*'}},allow,allow,sat,True
policy_5_iter_1.json,,/home/bhall2/Documents/fixmypolicy/FL/Experiment-2/temp_validation/val-50-ollamaa/policy_5_iter_1.json,17,allow_8fe72846,Allow,"['sts:AssumeRoleWithWebIdentity', 'sts:TagSession']",arn:aws:iam::{account id}:role/{role name},deny_fda03fc6,deny_fda03fc6_combo_1,sts:AssumeRoleWithWebIdentity,arn:aws:iam::{account id}:role/{role name}-forbidden-resource,arn:aws:iam::{account id}:oidc-provider/gitlab.com,{'StringLike': {'gitlab.com:sub': 'project_path:{redacted}/*:ref_type:branch:ref:*'}},deny,deny,unsat,True
policy_5_iter_1.json,,/home/bhall2/Documents/fixmypolicy/FL/Experiment-2/temp_validation/val-50-ollamaa/policy_5_iter_1.json,17,allow_8fe72846,Allow,"['sts:AssumeRoleWithWebIdentity', 'sts:TagSession']",arn:aws:iam::{account id}:role/{role name},deny_fda03fc6,deny_fda03fc6_combo_2,sts:TagSession,arn:aws:iam::{account id}:role/{role name}-forbidden-resource,arn:aws:iam::{account id}:oidc-provider/gitlab.com,{'StringLike': {'gitlab.com:sub': 'project_path:{redacted}/*:ref_type:branch:ref:*'}},deny,deny,unsat,True
policy_5_iter_1.json,,/home/bhall2/Documents/fixmypolicy/FL/Experiment-2/temp_validation/val-50-ollamaa/policy_5_iter_1.json,18,allow_b9703ac8,Allow,"['sts:AssumeRoleWithWebIdentity', 'sts:TagSession']",arn:aws:iam::{account id}:role/{role name},allow_a8fd7ef6,allow_a8fd7ef6_combo_1,sts:AssumeRoleWithWebIdentity,arn:aws:iam::{account id}:role/{role name},arn:aws:iam::{account id}:oidc-provider/gitlab.com,{'StringLike': {'gitlab.com:sub': 'project_path:{redacted}/*:ref_type:branch:ref:*'}},allow,allow,sat,True
policy_5_iter_1.json,,/home/bhall2/Documents/fixmypolicy/FL/Experiment-2/temp_validation/val-50-ollamaa/policy_5_iter_1.json,18,allow_b9703ac8,Allow,"['sts:AssumeRoleWithWebIdentity', 'sts:TagSession']",arn:aws:iam::{account id}:role/{role name},allow_e641a090,allow_e641a090_combo_1,sts:AssumeRoleWithWebIdentity,arn:aws:iam::{account id}:role/{role name},arn:aws:iam::{account id}:oidc-provider/gitlab.com,{'StringLike': {'gitlab.com:sub': 'project_path:{redacted}/*:ref_type:branch:ref:*'}},allow,allow,sat,True
policy_5_iter_1.json,,/home/bhall2/Documents/fixmypolicy/FL/Experiment-2/temp_validation/val-50-ollamaa/policy_5_iter_1.json,18,allow_b9703ac8,Allow,"['sts:AssumeRoleWithWebIdentity', 'sts:TagSession']",arn:aws:iam::{account id}:role/{role name},deny_f13ef671,deny_f13ef671_combo_1,iam:CreateUser,arn:aws:iam::{account id}:role/{role name},arn:aws:iam::123456789012:user/alice,{'DateLessThan': {'aws:CurrentTime': '2025-12-31T23:59:59Z'}},deny,deny,unsat,True
policy_5_iter_1.json,,/home/bhall2/Documents/fixmypolicy/FL/Experiment-2/temp_validation/val-50-ollamaa/policy_5_iter_1.json,18,allow_b9703ac8,Allow,"['sts:AssumeRoleWithWebIdentity', 'sts:TagSession']",arn:aws:iam::{account id}:role/{role name},allow_d28acd92,allow_d28acd92_combo_1,sts:TagSession,arn:aws:iam::{account id}:role/{role name},arn:aws:iam::123456789012:user/alice,{'DateGreaterThan': {'aws:CurrentTime': '2024-01-01T00:00:00Z'}},allow,deny,unsat,False
policy_5_iter_1.json,,/home/bhall2/Documents/fixmypolicy/FL/Experiment-2/temp_validation/val-50-ollamaa/policy_5_iter_1.json,18,allow_b9703ac8,Allow,"['sts:AssumeRoleWithWebIdentity', 'sts:TagSession']",arn:aws:iam::{account id}:role/{role name},allow_d28acd92,allow_d28acd92_combo_2,sts:AssumeRoleWithWebIdentity,arn:aws:iam::{account id}:role/{role name},arn:aws:iam::123456789012:user/alice,{'DateGreaterThan': {'aws:CurrentTime': '2024-01-01T00:00:00Z'}},allow,deny,unsat,False
policy_5_iter_1.json,,/home/bhall2/Documents/fixmypolicy/FL/Experiment-2/temp_validation/val-50-ollamaa/policy_5_iter_1.json,18,allow_b9703ac8,Allow,"['sts:AssumeRoleWithWebIdentity', 'sts:TagSession']",arn:aws:iam::{account id}:role/{role name},allow_ad67e7d3,allow_ad67e7d3_combo_1,sts:TagSession,arn:aws:iam::{account id}:role/{role name},arn:aws:iam::{account id}:oidc-provider/gitlab.com,{'StringLike': {'gitlab.com:sub': 'project_path:{redacted}/ref_type:branch:ref'}},allow,allow,sat,True
policy_5_iter_1.json,,/home/bhall2/Documents/fixmypolicy/FL/Experiment-2/temp_validation/val-50-ollamaa/policy_5_iter_1.json,18,allow_b9703ac8,Allow,"['sts:AssumeRoleWithWebIdentity', 'sts:TagSession']",arn:aws:iam::{account id}:role/{role name},allow_ad67e7d3,allow_ad67e7d3_combo_2,sts:AssumeRoleWithWebIdentity,arn:aws:iam::{account id}:role/{role name},arn:aws:iam::{account id}:oidc-provider/gitlab.com,{'StringLike': {'gitlab.com:sub': 'project_path:{redacted}/ref_type:branch:ref'}},allow,allow,sat,True
policy_5_iter_1.json,,/home/bhall2/Documents/fixmypolicy/FL/Experiment-2/temp_validation/val-50-ollamaa/policy_5_iter_1.json,18,allow_b9703ac8,Allow,"['sts:AssumeRoleWithWebIdentity', 'sts:TagSession']",arn:aws:iam::{account id}:role/{role name},deny_51d9c228,deny_51d9c228_combo_1,ec2:RunInstances,arn:aws:iam::{account id}:role/{role name},arn:aws:iam::123456789012:user/alice,{'DateLessThan': {'aws:CurrentTime': '2025-12-31T23:59:59Z'}},deny,deny,unsat,True
policy_5_iter_1.json,,/home/bhall2/Documents/fixmypolicy/FL/Experiment-2/temp_validation/val-50-ollamaa/policy_5_iter_1.json,18,allow_b9703ac8,Allow,"['sts:AssumeRoleWithWebIdentity', 'sts:TagSession']",arn:aws:iam::{account id}:role/{role name},deny_c81babfb,deny_c81babfb_combo_1,sts:TagSession,forbidden-arn:aws:iam::{account id}:role/{role name}-specific,arn:aws:iam::{account id}:oidc-provider/forbidden-gitlab.com,{'IpAddress': {'aws:SourceIp': '203.0.113.0/24'}},deny,deny,unsat,True
policy_5_iter_1.json,,/home/bhall2/Documents/fixmypolicy/FL/Experiment-2/temp_validation/val-50-ollamaa/policy_5_iter_1.json,18,allow_b9703ac8,Allow,"['sts:AssumeRoleWithWebIdentity', 'sts:TagSession']",arn:aws:iam::{account id}:role/{role name},deny_c81babfb,deny_c81babfb_combo_2,sts:AssumeRoleWithWebIdentity,forbidden-arn:aws:iam::{account id}:role/{role name}-specific,arn:aws:iam::{account id}:oidc-provider/forbidden-gitlab.com,{'IpAddress': {'aws:SourceIp': '203.0.113.0/24'}},deny,deny,unsat,True
policy_5_iter_1.json,,/home/bhall2/Documents/fixmypolicy/FL/Experiment-2/temp_validation/val-50-ollamaa/policy_5_iter_1.json,18,allow_b9703ac8,Allow,"['sts:AssumeRoleWithWebIdentity', 'sts:TagSession']",arn:aws:iam::{account id}:role/{role name},deny_d9e1c623,deny_d9e1c623_combo_1,sts:AssumeRoleWithWebIdentity,arn:aws:iam::{account id}:role/{role name}-forbidden-resource,arn:aws:iam::999888777666:oidc-provider/gitlab.com,{'StringEquals': {'aws:RequestedRegion': 'us-east-1'}},deny,deny,unsat,True
policy_5_iter_1.json,,/home/bhall2/Documents/fixmypolicy/FL/Experiment-2/temp_validation/val-50-ollamaa/policy_5_iter_1.json,18,allow_b9703ac8,Allow,"['sts:AssumeRoleWithWebIdentity', 'sts:TagSession']",arn:aws:iam::{account id}:role/{role name},deny_eae39e7d,deny_eae39e7d_combo_1,lambda:CreateFunction,arn:aws:iam::{account id}:role/{role name},arn:aws:iam::{account id}:oidc-provider/forbidden-gitlab.com,{'DateLessThan': {'aws:CurrentTime': '2025-12-31T23:59:59Z'}},deny,deny,unsat,True
policy_5_iter_1.json,,/home/bhall2/Documents/fixmypolicy/FL/Experiment-2/temp_validation/val-50-ollamaa/policy_5_iter_1.json,18,allow_b9703ac8,Allow,"['sts:AssumeRoleWithWebIdentity', 'sts:TagSession']",arn:aws:iam::{account id}:role/{role name},allow_277adc8e,allow_277adc8e_combo_1,sts:TagSession,arn:aws:iam::{account id}:role/{role name},arn:aws:iam::{account id}:oidc-provider/gitlab.com,{'StringLike': {'gitlab.com:sub': 'project_path:{redacted}/ref_type:branch:ref'}},allow,allow,sat,True
policy_5_iter_1.json,,/home/bhall2/Documents/fixmypolicy/FL/Experiment-2/temp_validation/val-50-ollamaa/policy_5_iter_1.json,18,allow_b9703ac8,Allow,"['sts:AssumeRoleWithWebIdentity', 'sts:TagSession']",arn:aws:iam::{account id}:role/{role name},allow_277adc8e,allow_277adc8e_combo_2,sts:AssumeRoleWithWebIdentity,arn:aws:iam::{account id}:role/{role name},arn:aws:iam::{account id}:oidc-provider/gitlab.com,{'StringLike': {'gitlab.com:sub': 'project_path:{redacted}/ref_type:branch:ref'}},allow,allow,sat,True
policy_5_iter_1.json,,/home/bhall2/Documents/fixmypolicy/FL/Experiment-2/temp_validation/val-50-ollamaa/policy_5_iter_1.json,18,allow_b9703ac8,Allow,"['sts:AssumeRoleWithWebIdentity', 'sts:TagSession']",arn:aws:iam::{account id}:role/{role name},deny_2efa2500,deny_2efa2500_combo_1,sts:TagSession,arn:aws:iam::{account id}:role/{role name}-forbidden-resource,arn:aws:iam::{account id}:oidc-provider/gitlab.com,{'StringLike': {'gitlab.com:sub': 'project_path:{redacted}/*:ref_type:branch:ref:*'}},deny,deny,unsat,True
policy_5_iter_1.json,,/home/bhall2/Documents/fixmypolicy/FL/Experiment-2/temp_validation/val-50-ollamaa/policy_5_iter_1.json,18,allow_b9703ac8,Allow,"['sts:AssumeRoleWithWebIdentity', 'sts:TagSession']",arn:aws:iam::{account id}:role/{role name},deny_2efa2500,deny_2efa2500_combo_2,sts:AssumeRoleWithWebIdentity,arn:aws:iam::{account id}:role/{role name}-forbidden-resource,arn:aws:iam::{account id}:oidc-provider/gitlab.com,{'StringLike': {'gitlab.com:sub': 'project_path:{redacted}/*:ref_type:branch:ref:*'}},deny,deny,unsat,True
policy_5_iter_1.json,,/home/bhall2/Documents/fixmypolicy/FL/Experiment-2/temp_validation/val-50-ollamaa/policy_5_iter_1.json,18,allow_b9703ac8,Allow,"['sts:AssumeRoleWithWebIdentity', 'sts:TagSession']",arn:aws:iam::{account id}:role/{role name},allow_4b2e6812,allow_4b2e6812_combo_1,sts:TagSession,arn:aws:iam::{account id}:role/{role name},arn:aws:iam::999888777666:oidc-provider/gitlab.com,{'StringEquals': {'aws:RequestedRegion': 'us-west-2'}},allow,deny,unsat,False
policy_5_iter_1.json,,/home/bhall2/Documents/fixmypolicy/FL/Experiment-2/temp_validation/val-50-ollamaa/policy_5_iter_1.json,18,allow_b9703ac8,Allow,"['sts:AssumeRoleWithWebIdentity', 'sts:TagSession']",arn:aws:iam::{account id}:role/{role name},allow_4b2e6812,allow_4b2e6812_combo_2,sts:AssumeRoleWithWebIdentity,arn:aws:iam::{account id}:role/{role name},arn:aws:iam::999888777666:oidc-provider/gitlab.com,{'StringEquals': {'aws:RequestedRegion': 'us-west-2'}},allow,deny,unsat,False
policy_5_iter_1.json,,/home/bhall2/Documents/fixmypolicy/FL/Experiment-2/temp_validation/val-50-ollamaa/policy_5_iter_1.json,18,allow_b9703ac8,Allow,"['sts:AssumeRoleWithWebIdentity', 'sts:TagSession']",arn:aws:iam::{account id}:role/{role name},deny_2ccddee4,deny_2ccddee4_combo_1,iam:DeleteUser,arn:aws:iam::{account id}:role/{role name},arn:aws:iam::999888777666:oidc-provider/gitlab.com,{'DateLessThan': {'aws:CurrentTime': '2025-12-31T23:59:59Z'}},deny,deny,unsat,True
policy_5_iter_1.json,,/home/bhall2/Documents/fixmypolicy/FL/Experiment-2/temp_validation/val-50-ollamaa/policy_5_iter_1.json,18,allow_b9703ac8,Allow,"['sts:AssumeRoleWithWebIdentity', 'sts:TagSession']",arn:aws:iam::{account id}:role/{role name},allow_8d6aad9f,allow_8d6aad9f_combo_1,sts:TagSession,arn:aws:iam::{account id}:role/{role name},arn:aws:iam::{account id}:oidc-provider/gitlab.com,{'StringLike': {'gitlab.com:sub': 'project_path:{redacted}/*:ref_type:branch:ref:*'}},allow,allow,sat,True
policy_5_iter_1.json,,/home/bhall2/Documents/fixmypolicy/FL/Experiment-2/temp_validation/val-50-ollamaa/policy_5_iter_1.json,18,allow_b9703ac8,Allow,"['sts:AssumeRoleWithWebIdentity', 'sts:TagSession']",arn:aws:iam::{account id}:role/{role name},allow_8d6aad9f,allow_8d6aad9f_combo_2,sts:AssumeRoleWithWebIdentity,arn:aws:iam::{account id}:role/{role name},arn:aws:iam::{account id}:oidc-provider/gitlab.com,{'StringLike': {'gitlab.com:sub': 'project_path:{redacted}/*:ref_type:branch:ref:*'}},allow,allow,sat,True
policy_5_iter_1.json,,/home/bhall2/Documents/fixmypolicy/FL/Experiment-2/temp_validation/val-50-ollamaa/policy_5_iter_1.json,18,allow_b9703ac8,Allow,"['sts:AssumeRoleWithWebIdentity', 'sts:TagSession']",arn:aws:iam::{account id}:role/{role name},allow_46828ad7,allow_46828ad7_combo_1,sts:AssumeRoleWithWebIdentity,arn:aws:iam::{account id}:role/{role name},arn:aws:iam::123456789012:user/alice,{'DateGreaterThan': {'aws:CurrentTime': '2024-01-01T00:00:00Z'}},allow,deny,unsat,False
policy_5_iter_1.json,,/home/bhall2/Documents/fixmypolicy/FL/Experiment-2/temp_validation/val-50-ollamaa/policy_5_iter_1.json,18,allow_b9703ac8,Allow,"['sts:AssumeRoleWithWebIdentity', 'sts:TagSession']",arn:aws:iam::{account id}:role/{role name},allow_46828ad7,allow_46828ad7_combo_2,sts:TagSession,arn:aws:iam::{account id}:role/{role name},arn:aws:iam::123456789012:user/alice,{'DateGreaterThan': {'aws:CurrentTime': '2024-01-01T00:00:00Z'}},allow,deny,unsat,False
policy_5_iter_1.json,,/home/bhall2/Documents/fixmypolicy/FL/Experiment-2/temp_validation/val-50-ollamaa/policy_5_iter_1.json,18,allow_b9703ac8,Allow,"['sts:AssumeRoleWithWebIdentity', 'sts:TagSession']",arn:aws:iam::{account id}:role/{role name},deny_284a8d13,deny_284a8d13_combo_1,lambda:CreateFunction,arn:aws:iam::{account id}:role/{role name},arn:aws:iam::123456789012:user/alice,{'DateLessThan': {'aws:CurrentTime': '2025-12-31T23:59:59Z'}},deny,deny,unsat,True
policy_5_iter_1.json,,/home/bhall2/Documents/fixmypolicy/FL/Experiment-2/temp_validation/val-50-ollamaa/policy_5_iter_1.json,18,allow_b9703ac8,Allow,"['sts:AssumeRoleWithWebIdentity', 'sts:TagSession']",arn:aws:iam::{account id}:role/{role name},allow_d296b21a,allow_d296b21a_combo_1,sts:TagSession,arn:aws:iam::{account id}:role/{role name},arn:aws:iam::999888777666:oidc-provider/gitlab.com,{'StringEquals': {'aws:RequestedRegion': 'us-east-1'}},allow,deny,unsat,False
policy_5_iter_1.json,,/home/bhall2/Documents/fixmypolicy/FL/Experiment-2/temp_validation/val-50-ollamaa/policy_5_iter_1.json,18,allow_b9703ac8,Allow,"['sts:AssumeRoleWithWebIdentity', 'sts:TagSession']",arn:aws:iam::{account id}:role/{role name},allow_d296b21a,allow_d296b21a_combo_2,sts:AssumeRoleWithWebIdentity,arn:aws:iam::{account id}:role/{role name},arn:aws:iam::999888777666:oidc-provider/gitlab.com,{'StringEquals': {'aws:RequestedRegion': 'us-east-1'}},allow,deny,unsat,False
policy_5_iter_1.json,,/home/bhall2/Documents/fixmypolicy/FL/Experiment-2/temp_validation/val-50-ollamaa/policy_5_iter_1.json,18,allow_b9703ac8,Allow,"['sts:AssumeRoleWithWebIdentity', 'sts:TagSession']",arn:aws:iam::{account id}:role/{role name},deny_0f38f412,deny_0f38f412_combo_1,ec2:RunInstances,arn:aws:iam::{account id}:role/{role name},arn:aws:iam::123456789012:user/alice,{'IpAddress': {'aws:SourceIp': '203.0.113.0/24'}},deny,deny,unsat,True
policy_5_iter_1.json,,/home/bhall2/Documents/fixmypolicy/FL/Experiment-2/temp_validation/val-50-ollamaa/policy_5_iter_1.json,18,allow_b9703ac8,Allow,"['sts:AssumeRoleWithWebIdentity', 'sts:TagSession']",arn:aws:iam::{account id}:role/{role name},deny_dccafd42,deny_dccafd42_combo_1,sts:TagSession,forbidden-arn:aws:iam::{account id}:role/{role name}-specific,arn:aws:iam::{account id}:oidc-provider/forbidden-gitlab.com,{'DateLessThan': {'aws:CurrentTime': '2025-12-31T23:59:59Z'}},deny,deny,unsat,True
policy_5_iter_1.json,,/home/bhall2/Documents/fixmypolicy/FL/Experiment-2/temp_validation/val-50-ollamaa/policy_5_iter_1.json,18,allow_b9703ac8,Allow,"['sts:AssumeRoleWithWebIdentity', 'sts:TagSession']",arn:aws:iam::{account id}:role/{role name},deny_dccafd42,deny_dccafd42_combo_2,sts:AssumeRoleWithWebIdentity,forbidden-arn:aws:iam::{account id}:role/{role name}-specific,arn:aws:iam::{account id}:oidc-provider/forbidden-gitlab.com,{'DateLessThan': {'aws:CurrentTime': '2025-12-31T23:59:59Z'}},deny,deny,unsat,True
policy_5_iter_1.json,,/home/bhall2/Documents/fixmypolicy/FL/Experiment-2/temp_validation/val-50-ollamaa/policy_5_iter_1.json,18,allow_b9703ac8,Allow,"['sts:AssumeRoleWithWebIdentity', 'sts:TagSession']",arn:aws:iam::{account id}:role/{role name},allow_b3521fa7,allow_b3521fa7_combo_1,sts:AssumeRoleWithWebIdentity,arn:aws:iam::{account id}:role/{role name},arn:aws:iam::{account id}:oidc-provider/gitlab.com,{'StringLike': {'gitlab.com:sub': 'project_path:{redacted}/*:ref_type:branch:ref:*'}},allow,allow,sat,True
policy_5_iter_1.json,,/home/bhall2/Documents/fixmypolicy/FL/Experiment-2/temp_validation/val-50-ollamaa/policy_5_iter_1.json,18,allow_b9703ac8,Allow,"['sts:AssumeRoleWithWebIdentity', 'sts:TagSession']",arn:aws:iam::{account id}:role/{role name},deny_5cdc410d,deny_5cdc410d_combo_1,sts:AssumeRoleWithWebIdentity,arn:aws:iam::{account id}:role/{role name}-forbidden-resource,arn:aws:iam::999888777666:oidc-provider/gitlab.com,{'DateLessThan': {'aws:CurrentTime': '2025-12-31T23:59:59Z'}},deny,deny,unsat,True
policy_5_iter_1.json,,/home/bhall2/Documents/fixmypolicy/FL/Experiment-2/temp_validation/val-50-ollamaa/policy_5_iter_1.json,18,allow_b9703ac8,Allow,"['sts:AssumeRoleWithWebIdentity', 'sts:TagSession']",arn:aws:iam::{account id}:role/{role name},allow_1a3aa330,allow_1a3aa330_combo_1,sts:TagSession,arn:aws:iam::{account id}:role/{role name},arn:aws:iam::{account id}:oidc-provider/gitlab.com,{'StringLike': {'gitlab.com:sub': 'project_path:{redacted}/*:ref_type:branch:ref:*'}},allow,allow,sat,True
policy_5_iter_1.json,,/home/bhall2/Documents/fixmypolicy/FL/Experiment-2/temp_validation/val-50-ollamaa/policy_5_iter_1.json,18,allow_b9703ac8,Allow,"['sts:AssumeRoleWithWebIdentity', 'sts:TagSession']",arn:aws:iam::{account id}:role/{role name},allow_1a3aa330,allow_1a3aa330_combo_2,sts:AssumeRoleWithWebIdentity,arn:aws:iam::{account id}:role/{role name},arn:aws:iam::{account id}:oidc-provider/gitlab.com,{'StringLike': {'gitlab.com:sub': 'project_path:{redacted}/*:ref_type:branch:ref:*'}},allow,allow,sat,True
policy_5_iter_1.json,,/home/bhall2/Documents/fixmypolicy/FL/Experiment-2/temp_validation/val-50-ollamaa/policy_5_iter_1.json,18,allow_b9703ac8,Allow,"['sts:AssumeRoleWithWebIdentity', 'sts:TagSession']",arn:aws:iam::{account id}:role/{role name},deny_8dc7e4d8,deny_8dc7e4d8_combo_1,sts:TagSession,arn:aws:iam::{account id}:role/{role name}-forbidden-resource,arn:aws:iam::{account id}:oidc-provider/gitlab.com,{'StringLike': {'gitlab.com:sub': 'project_path:{redacted}/*:ref_type:branch:ref:*'}},deny,deny,unsat,True
policy_5_iter_1.json,,/home/bhall2/Documents/fixmypolicy/FL/Experiment-2/temp_validation/val-50-ollamaa/policy_5_iter_1.json,18,allow_b9703ac8,Allow,"['sts:AssumeRoleWithWebIdentity', 'sts:TagSession']",arn:aws:iam::{account id}:role/{role name},allow_a3073d0d,allow_a3073d0d_combo_1,sts:TagSession,arn:aws:iam::{account id}:role/{role name},arn:aws:iam::{account id}:oidc-provider/gitlab.com,{'StringLike': {'gitlab.com:sub': 'project_path:{redacted}/*:ref_type:branch:ref:*'}},allow,allow,sat,True
policy_5_iter_1.json,,/home/bhall2/Documents/fixmypolicy/FL/Experiment-2/temp_validation/val-50-ollamaa/policy_5_iter_1.json,18,allow_b9703ac8,Allow,"['sts:AssumeRoleWithWebIdentity', 'sts:TagSession']",arn:aws:iam::{account id}:role/{role name},allow_a3073d0d,allow_a3073d0d_combo_2,sts:AssumeRoleWithWebIdentity,arn:aws:iam::{account id}:role/{role name},arn:aws:iam::{account id}:oidc-provider/gitlab.com,{'StringLike': {'gitlab.com:sub': 'project_path:{redacted}/*:ref_type:branch:ref:*'}},allow,allow,sat,True
policy_5_iter_1.json,,/home/bhall2/Documents/fixmypolicy/FL/Experiment-2/temp_validation/val-50-ollamaa/policy_5_iter_1.json,18,allow_b9703ac8,Allow,"['sts:AssumeRoleWithWebIdentity', 'sts:TagSession']",arn:aws:iam::{account id}:role/{role name},allow_39a49474,allow_39a49474_combo_1,sts:AssumeRoleWithWebIdentity,arn:aws:iam::{account id}:role/{role name},arn:aws:iam::{account id}:oidc-provider/gitlab.com,{'StringLike': {'gitlab.com:sub': 'project_path:{redacted}/*:ref_type:branch:ref:*'}},allow,allow,sat,True
policy_5_iter_1.json,,/home/bhall2/Documents/fixmypolicy/FL/Experiment-2/temp_validation/val-50-ollamaa/policy_5_iter_1.json,18,allow_b9703ac8,Allow,"['sts:AssumeRoleWithWebIdentity', 'sts:TagSession']",arn:aws:iam::{account id}:role/{role name},allow_39a49474,allow_39a49474_combo_2,sts:TagSession,arn:aws:iam::{account id}:role/{role name},arn:aws:iam::{account id}:oidc-provider/gitlab.com,{'StringLike': {'gitlab.com:sub': 'project_path:{redacted}/*:ref_type:branch:ref:*'}},allow,allow,sat,True
policy_5_iter_1.json,,/home/bhall2/Documents/fixmypolicy/FL/Experiment-2/temp_validation/val-50-ollamaa/policy_5_iter_1.json,18,allow_b9703ac8,Allow,"['sts:AssumeRoleWithWebIdentity', 'sts:TagSession']",arn:aws:iam::{account id}:role/{role name},deny_b2a7386a,deny_b2a7386a_combo_1,iam:DeleteUser,arn:aws:iam::{account id}:role/{role name},arn:aws:iam::999888777666:oidc-provider/gitlab.com,{'StringEquals': {'aws:RequestedRegion': 'us-west-2'}},deny,deny,unsat,True
policy_5_iter_1.json,,/home/bhall2/Documents/fixmypolicy/FL/Experiment-2/temp_validation/val-50-ollamaa/policy_5_iter_1.json,18,allow_b9703ac8,Allow,"['sts:AssumeRoleWithWebIdentity', 'sts:TagSession']",arn:aws:iam::{account id}:role/{role name},deny_200cd3bf,deny_200cd3bf_combo_1,sts:AssumeRoleWithWebIdentity,arn:aws:iam::{account id}:role/{role name}-forbidden-resource,arn:aws:iam::123456789012:user/alice,{'StringEquals': {'aws:RequestedRegion': 'us-east-1'}},deny,deny,unsat,True
policy_5_iter_1.json,,/home/bhall2/Documents/fixmypolicy/FL/Experiment-2/temp_validation/val-50-ollamaa/policy_5_iter_1.json,18,allow_b9703ac8,Allow,"['sts:AssumeRoleWithWebIdentity', 'sts:TagSession']",arn:aws:iam::{account id}:role/{role name},allow_9e959d67,allow_9e959d67_combo_1,sts:TagSession,arn:aws:iam::{account id}:role/{role name},arn:aws:iam::{account id}:oidc-provider/gitlab.com,{'StringLike': {'gitlab.com:sub': 'project_path:{redacted}/*:ref_type:branch:ref:*'}},allow,allow,sat,True
policy_5_iter_1.json,,/home/bhall2/Documents/fixmypolicy/FL/Experiment-2/temp_validation/val-50-ollamaa/policy_5_iter_1.json,18,allow_b9703ac8,Allow,"['sts:AssumeRoleWithWebIdentity', 'sts:TagSession']",arn:aws:iam::{account id}:role/{role name},allow_8b2a35e8,allow_8b2a35e8_combo_1,sts:TagSession,arn:aws:iam::{account id}:role/{role name},arn:aws:iam::123456789012:user/alice,{'StringEquals': {'aws:RequestedRegion': 'us-east-1'}},allow,deny,unsat,False
policy_5_iter_1.json,,/home/bhall2/Documents/fixmypolicy/FL/Experiment-2/temp_validation/val-50-ollamaa/policy_5_iter_1.json,18,allow_b9703ac8,Allow,"['sts:AssumeRoleWithWebIdentity', 'sts:TagSession']",arn:aws:iam::{account id}:role/{role name},allow_a7f5ef81,allow_a7f5ef81_combo_1,sts:TagSession,arn:aws:iam::{account id}:role/{role name},arn:aws:iam::{account id}:oidc-provider/gitlab.com,{'StringLike': {'gitlab.com:sub': 'project_path:{redacted}/*:ref_type:branch:ref:*'}},allow,allow,sat,True
policy_5_iter_1.json,,/home/bhall2/Documents/fixmypolicy/FL/Experiment-2/temp_validation/val-50-ollamaa/policy_5_iter_1.json,18,allow_b9703ac8,Allow,"['sts:AssumeRoleWithWebIdentity', 'sts:TagSession']",arn:aws:iam::{account id}:role/{role name},deny_a61a5c77,deny_a61a5c77_combo_1,ec2:DescribeInstances,arn:aws:iam::{account id}:role/{role name},arn:aws:iam::{account id}:oidc-provider/forbidden-gitlab.com,{'IpAddress': {'aws:SourceIp': '203.0.113.0/24'}},deny,deny,unsat,True
policy_5_iter_1.json,,/home/bhall2/Documents/fixmypolicy/FL/Experiment-2/temp_validation/val-50-ollamaa/policy_5_iter_1.json,18,allow_b9703ac8,Allow,"['sts:AssumeRoleWithWebIdentity', 'sts:TagSession']",arn:aws:iam::{account id}:role/{role name},allow_8fe72846,allow_8fe72846_combo_1,sts:AssumeRoleWithWebIdentity,arn:aws:iam::{account id}:role/{role name},arn:aws:iam::{account id}:oidc-provider/gitlab.com,{'StringLike': {'gitlab.com:sub': 'project_path:{redacted}/*:ref_type:branch:ref:*'}},allow,allow,sat,True
policy_5_iter_1.json,,/home/bhall2/Documents/fixmypolicy/FL/Experiment-2/temp_validation/val-50-ollamaa/policy_5_iter_1.json,18,allow_b9703ac8,Allow,"['sts:AssumeRoleWithWebIdentity', 'sts:TagSession']",arn:aws:iam::{account id}:role/{role name},allow_8fe72846,allow_8fe72846_combo_2,sts:TagSession,arn:aws:iam::{account id}:role/{role name},arn:aws:iam::{account id}:oidc-provider/gitlab.com,{'StringLike': {'gitlab.com:sub': 'project_path:{redacted}/*:ref_type:branch:ref:*'}},allow,allow,sat,True
policy_5_iter_1.json,,/home/bhall2/Documents/fixmypolicy/FL/Experiment-2/temp_validation/val-50-ollamaa/policy_5_iter_1.json,18,allow_b9703ac8,Allow,"['sts:AssumeRoleWithWebIdentity', 'sts:TagSession']",arn:aws:iam::{account id}:role/{role name},allow_b9703ac8,allow_b9703ac8_combo_1,sts:AssumeRoleWithWebIdentity,arn:aws:iam::{account id}:role/{role name},arn:aws:iam::{account id}:oidc-provider/gitlab.com,{'StringLike': {'gitlab.com:sub': 'project_path:{redacted}/*:ref_type:branch:ref:*'}},allow,allow,sat,True
policy_5_iter_1.json,,/home/bhall2/Documents/fixmypolicy/FL/Experiment-2/temp_validation/val-50-ollamaa/policy_5_iter_1.json,18,allow_b9703ac8,Allow,"['sts:AssumeRoleWithWebIdentity', 'sts:TagSession']",arn:aws:iam::{account id}:role/{role name},allow_b9703ac8,allow_b9703ac8_combo_2,sts:TagSession,arn:aws:iam::{account id}:role/{role name},arn:aws:iam::{account id}:oidc-provider/gitlab.com,{'StringLike': {'gitlab.com:sub': 'project_path:{redacted}/*:ref_type:branch:ref:*'}},allow,allow,sat,True
policy_5_iter_1.json,,/home/bhall2/Documents/fixmypolicy/FL/Experiment-2/temp_validation/val-50-ollamaa/policy_5_iter_1.json,18,allow_b9703ac8,Allow,"['sts:AssumeRoleWithWebIdentity', 'sts:TagSession']",arn:aws:iam::{account id}:role/{role name},deny_fda03fc6,deny_fda03fc6_combo_1,sts:AssumeRoleWithWebIdentity,arn:aws:iam::{account id}:role/{role name}-forbidden-resource,arn:aws:iam::{account id}:oidc-provider/gitlab.com,{'StringLike': {'gitlab.com:sub': 'project_path:{redacted}/*:ref_type:branch:ref:*'}},deny,deny,unsat,True
policy_5_iter_1.json,,/home/bhall2/Documents/fixmypolicy/FL/Experiment-2/temp_validation/val-50-ollamaa/policy_5_iter_1.json,18,allow_b9703ac8,Allow,"['sts:AssumeRoleWithWebIdentity', 'sts:TagSession']",arn:aws:iam::{account id}:role/{role name},deny_fda03fc6,deny_fda03fc6_combo_2,sts:TagSession,arn:aws:iam::{account id}:role/{role name}-forbidden-resource,arn:aws:iam::{account id}:oidc-provider/gitlab.com,{'StringLike': {'gitlab.com:sub': 'project_path:{redacted}/*:ref_type:branch:ref:*'}},deny,deny,unsat,True
policy_5_iter_1.json,,/home/bhall2/Documents/fixmypolicy/FL/Experiment-2/temp_validation/val-50-ollamaa/policy_5_iter_1.json,19,deny_f13ef671,Deny,['iam:CreateUser'],arn:aws:iam::{account id}:role/{role name},allow_a8fd7ef6,allow_a8fd7ef6_combo_1,sts:AssumeRoleWithWebIdentity,arn:aws:iam::{account id}:role/{role name},arn:aws:iam::{account id}:oidc-provider/gitlab.com,{'StringLike': {'gitlab.com:sub': 'project_path:{redacted}/*:ref_type:branch:ref:*'}},allow,deny,unsat,False
policy_5_iter_1.json,,/home/bhall2/Documents/fixmypolicy/FL/Experiment-2/temp_validation/val-50-ollamaa/policy_5_iter_1.json,19,deny_f13ef671,Deny,['iam:CreateUser'],arn:aws:iam::{account id}:role/{role name},allow_e641a090,allow_e641a090_combo_1,sts:AssumeRoleWithWebIdentity,arn:aws:iam::{account id}:role/{role name},arn:aws:iam::{account id}:oidc-provider/gitlab.com,{'StringLike': {'gitlab.com:sub': 'project_path:{redacted}/*:ref_type:branch:ref:*'}},allow,deny,unsat,False
policy_5_iter_1.json,,/home/bhall2/Documents/fixmypolicy/FL/Experiment-2/temp_validation/val-50-ollamaa/policy_5_iter_1.json,19,deny_f13ef671,Deny,['iam:CreateUser'],arn:aws:iam::{account id}:role/{role name},deny_f13ef671,deny_f13ef671_combo_1,iam:CreateUser,arn:aws:iam::{account id}:role/{role name},arn:aws:iam::123456789012:user/alice,{'DateLessThan': {'aws:CurrentTime': '2025-12-31T23:59:59Z'}},deny,deny,unsat,True
policy_5_iter_1.json,,/home/bhall2/Documents/fixmypolicy/FL/Experiment-2/temp_validation/val-50-ollamaa/policy_5_iter_1.json,19,deny_f13ef671,Deny,['iam:CreateUser'],arn:aws:iam::{account id}:role/{role name},allow_d28acd92,allow_d28acd92_combo_1,sts:TagSession,arn:aws:iam::{account id}:role/{role name},arn:aws:iam::123456789012:user/alice,{'DateGreaterThan': {'aws:CurrentTime': '2024-01-01T00:00:00Z'}},allow,deny,unsat,False
policy_5_iter_1.json,,/home/bhall2/Documents/fixmypolicy/FL/Experiment-2/temp_validation/val-50-ollamaa/policy_5_iter_1.json,19,deny_f13ef671,Deny,['iam:CreateUser'],arn:aws:iam::{account id}:role/{role name},allow_d28acd92,allow_d28acd92_combo_2,sts:AssumeRoleWithWebIdentity,arn:aws:iam::{account id}:role/{role name},arn:aws:iam::123456789012:user/alice,{'DateGreaterThan': {'aws:CurrentTime': '2024-01-01T00:00:00Z'}},allow,deny,unsat,False
policy_5_iter_1.json,,/home/bhall2/Documents/fixmypolicy/FL/Experiment-2/temp_validation/val-50-ollamaa/policy_5_iter_1.json,19,deny_f13ef671,Deny,['iam:CreateUser'],arn:aws:iam::{account id}:role/{role name},allow_ad67e7d3,allow_ad67e7d3_combo_1,sts:TagSession,arn:aws:iam::{account id}:role/{role name},arn:aws:iam::{account id}:oidc-provider/gitlab.com,{'StringLike': {'gitlab.com:sub': 'project_path:{redacted}/ref_type:branch:ref'}},allow,deny,unsat,False
policy_5_iter_1.json,,/home/bhall2/Documents/fixmypolicy/FL/Experiment-2/temp_validation/val-50-ollamaa/policy_5_iter_1.json,19,deny_f13ef671,Deny,['iam:CreateUser'],arn:aws:iam::{account id}:role/{role name},allow_ad67e7d3,allow_ad67e7d3_combo_2,sts:AssumeRoleWithWebIdentity,arn:aws:iam::{account id}:role/{role name},arn:aws:iam::{account id}:oidc-provider/gitlab.com,{'StringLike': {'gitlab.com:sub': 'project_path:{redacted}/ref_type:branch:ref'}},allow,deny,unsat,False
policy_5_iter_1.json,,/home/bhall2/Documents/fixmypolicy/FL/Experiment-2/temp_validation/val-50-ollamaa/policy_5_iter_1.json,19,deny_f13ef671,Deny,['iam:CreateUser'],arn:aws:iam::{account id}:role/{role name},deny_51d9c228,deny_51d9c228_combo_1,ec2:RunInstances,arn:aws:iam::{account id}:role/{role name},arn:aws:iam::123456789012:user/alice,{'DateLessThan': {'aws:CurrentTime': '2025-12-31T23:59:59Z'}},deny,deny,unsat,True
policy_5_iter_1.json,,/home/bhall2/Documents/fixmypolicy/FL/Experiment-2/temp_validation/val-50-ollamaa/policy_5_iter_1.json,19,deny_f13ef671,Deny,['iam:CreateUser'],arn:aws:iam::{account id}:role/{role name},deny_c81babfb,deny_c81babfb_combo_1,sts:TagSession,forbidden-arn:aws:iam::{account id}:role/{role name}-specific,arn:aws:iam::{account id}:oidc-provider/forbidden-gitlab.com,{'IpAddress': {'aws:SourceIp': '203.0.113.0/24'}},deny,deny,unsat,True
policy_5_iter_1.json,,/home/bhall2/Documents/fixmypolicy/FL/Experiment-2/temp_validation/val-50-ollamaa/policy_5_iter_1.json,19,deny_f13ef671,Deny,['iam:CreateUser'],arn:aws:iam::{account id}:role/{role name},deny_c81babfb,deny_c81babfb_combo_2,sts:AssumeRoleWithWebIdentity,forbidden-arn:aws:iam::{account id}:role/{role name}-specific,arn:aws:iam::{account id}:oidc-provider/forbidden-gitlab.com,{'IpAddress': {'aws:SourceIp': '203.0.113.0/24'}},deny,deny,unsat,True
policy_5_iter_1.json,,/home/bhall2/Documents/fixmypolicy/FL/Experiment-2/temp_validation/val-50-ollamaa/policy_5_iter_1.json,19,deny_f13ef671,Deny,['iam:CreateUser'],arn:aws:iam::{account id}:role/{role name},deny_d9e1c623,deny_d9e1c623_combo_1,sts:AssumeRoleWithWebIdentity,arn:aws:iam::{account id}:role/{role name}-forbidden-resource,arn:aws:iam::999888777666:oidc-provider/gitlab.com,{'StringEquals': {'aws:RequestedRegion': 'us-east-1'}},deny,deny,unsat,True
policy_5_iter_1.json,,/home/bhall2/Documents/fixmypolicy/FL/Experiment-2/temp_validation/val-50-ollamaa/policy_5_iter_1.json,19,deny_f13ef671,Deny,['iam:CreateUser'],arn:aws:iam::{account id}:role/{role name},deny_eae39e7d,deny_eae39e7d_combo_1,lambda:CreateFunction,arn:aws:iam::{account id}:role/{role name},arn:aws:iam::{account id}:oidc-provider/forbidden-gitlab.com,{'DateLessThan': {'aws:CurrentTime': '2025-12-31T23:59:59Z'}},deny,deny,unsat,True
policy_5_iter_1.json,,/home/bhall2/Documents/fixmypolicy/FL/Experiment-2/temp_validation/val-50-ollamaa/policy_5_iter_1.json,19,deny_f13ef671,Deny,['iam:CreateUser'],arn:aws:iam::{account id}:role/{role name},allow_277adc8e,allow_277adc8e_combo_1,sts:TagSession,arn:aws:iam::{account id}:role/{role name},arn:aws:iam::{account id}:oidc-provider/gitlab.com,{'StringLike': {'gitlab.com:sub': 'project_path:{redacted}/ref_type:branch:ref'}},allow,deny,unsat,False
policy_5_iter_1.json,,/home/bhall2/Documents/fixmypolicy/FL/Experiment-2/temp_validation/val-50-ollamaa/policy_5_iter_1.json,19,deny_f13ef671,Deny,['iam:CreateUser'],arn:aws:iam::{account id}:role/{role name},allow_277adc8e,allow_277adc8e_combo_2,sts:AssumeRoleWithWebIdentity,arn:aws:iam::{account id}:role/{role name},arn:aws:iam::{account id}:oidc-provider/gitlab.com,{'StringLike': {'gitlab.com:sub': 'project_path:{redacted}/ref_type:branch:ref'}},allow,deny,unsat,False
policy_5_iter_1.json,,/home/bhall2/Documents/fixmypolicy/FL/Experiment-2/temp_validation/val-50-ollamaa/policy_5_iter_1.json,19,deny_f13ef671,Deny,['iam:CreateUser'],arn:aws:iam::{account id}:role/{role name},deny_2efa2500,deny_2efa2500_combo_1,sts:TagSession,arn:aws:iam::{account id}:role/{role name}-forbidden-resource,arn:aws:iam::{account id}:oidc-provider/gitlab.com,{'StringLike': {'gitlab.com:sub': 'project_path:{redacted}/*:ref_type:branch:ref:*'}},deny,deny,unsat,True
policy_5_iter_1.json,,/home/bhall2/Documents/fixmypolicy/FL/Experiment-2/temp_validation/val-50-ollamaa/policy_5_iter_1.json,19,deny_f13ef671,Deny,['iam:CreateUser'],arn:aws:iam::{account id}:role/{role name},deny_2efa2500,deny_2efa2500_combo_2,sts:AssumeRoleWithWebIdentity,arn:aws:iam::{account id}:role/{role name}-forbidden-resource,arn:aws:iam::{account id}:oidc-provider/gitlab.com,{'StringLike': {'gitlab.com:sub': 'project_path:{redacted}/*:ref_type:branch:ref:*'}},deny,deny,unsat,True
policy_5_iter_1.json,,/home/bhall2/Documents/fixmypolicy/FL/Experiment-2/temp_validation/val-50-ollamaa/policy_5_iter_1.json,19,deny_f13ef671,Deny,['iam:CreateUser'],arn:aws:iam::{account id}:role/{role name},allow_4b2e6812,allow_4b2e6812_combo_1,sts:TagSession,arn:aws:iam::{account id}:role/{role name},arn:aws:iam::999888777666:oidc-provider/gitlab.com,{'StringEquals': {'aws:RequestedRegion': 'us-west-2'}},allow,deny,unsat,False
policy_5_iter_1.json,,/home/bhall2/Documents/fixmypolicy/FL/Experiment-2/temp_validation/val-50-ollamaa/policy_5_iter_1.json,19,deny_f13ef671,Deny,['iam:CreateUser'],arn:aws:iam::{account id}:role/{role name},allow_4b2e6812,allow_4b2e6812_combo_2,sts:AssumeRoleWithWebIdentity,arn:aws:iam::{account id}:role/{role name},arn:aws:iam::999888777666:oidc-provider/gitlab.com,{'StringEquals': {'aws:RequestedRegion': 'us-west-2'}},allow,deny,unsat,False
policy_5_iter_1.json,,/home/bhall2/Documents/fixmypolicy/FL/Experiment-2/temp_validation/val-50-ollamaa/policy_5_iter_1.json,19,deny_f13ef671,Deny,['iam:CreateUser'],arn:aws:iam::{account id}:role/{role name},deny_2ccddee4,deny_2ccddee4_combo_1,iam:DeleteUser,arn:aws:iam::{account id}:role/{role name},arn:aws:iam::999888777666:oidc-provider/gitlab.com,{'DateLessThan': {'aws:CurrentTime': '2025-12-31T23:59:59Z'}},deny,deny,unsat,True
policy_5_iter_1.json,,/home/bhall2/Documents/fixmypolicy/FL/Experiment-2/temp_validation/val-50-ollamaa/policy_5_iter_1.json,19,deny_f13ef671,Deny,['iam:CreateUser'],arn:aws:iam::{account id}:role/{role name},allow_8d6aad9f,allow_8d6aad9f_combo_1,sts:TagSession,arn:aws:iam::{account id}:role/{role name},arn:aws:iam::{account id}:oidc-provider/gitlab.com,{'StringLike': {'gitlab.com:sub': 'project_path:{redacted}/*:ref_type:branch:ref:*'}},allow,deny,unsat,False
policy_5_iter_1.json,,/home/bhall2/Documents/fixmypolicy/FL/Experiment-2/temp_validation/val-50-ollamaa/policy_5_iter_1.json,19,deny_f13ef671,Deny,['iam:CreateUser'],arn:aws:iam::{account id}:role/{role name},allow_8d6aad9f,allow_8d6aad9f_combo_2,sts:AssumeRoleWithWebIdentity,arn:aws:iam::{account id}:role/{role name},arn:aws:iam::{account id}:oidc-provider/gitlab.com,{'StringLike': {'gitlab.com:sub': 'project_path:{redacted}/*:ref_type:branch:ref:*'}},allow,deny,unsat,False
policy_5_iter_1.json,,/home/bhall2/Documents/fixmypolicy/FL/Experiment-2/temp_validation/val-50-ollamaa/policy_5_iter_1.json,19,deny_f13ef671,Deny,['iam:CreateUser'],arn:aws:iam::{account id}:role/{role name},allow_46828ad7,allow_46828ad7_combo_1,sts:AssumeRoleWithWebIdentity,arn:aws:iam::{account id}:role/{role name},arn:aws:iam::123456789012:user/alice,{'DateGreaterThan': {'aws:CurrentTime': '2024-01-01T00:00:00Z'}},allow,deny,unsat,False
policy_5_iter_1.json,,/home/bhall2/Documents/fixmypolicy/FL/Experiment-2/temp_validation/val-50-ollamaa/policy_5_iter_1.json,19,deny_f13ef671,Deny,['iam:CreateUser'],arn:aws:iam::{account id}:role/{role name},allow_46828ad7,allow_46828ad7_combo_2,sts:TagSession,arn:aws:iam::{account id}:role/{role name},arn:aws:iam::123456789012:user/alice,{'DateGreaterThan': {'aws:CurrentTime': '2024-01-01T00:00:00Z'}},allow,deny,unsat,False
policy_5_iter_1.json,,/home/bhall2/Documents/fixmypolicy/FL/Experiment-2/temp_validation/val-50-ollamaa/policy_5_iter_1.json,19,deny_f13ef671,Deny,['iam:CreateUser'],arn:aws:iam::{account id}:role/{role name},deny_284a8d13,deny_284a8d13_combo_1,lambda:CreateFunction,arn:aws:iam::{account id}:role/{role name},arn:aws:iam::123456789012:user/alice,{'DateLessThan': {'aws:CurrentTime': '2025-12-31T23:59:59Z'}},deny,deny,unsat,True
policy_5_iter_1.json,,/home/bhall2/Documents/fixmypolicy/FL/Experiment-2/temp_validation/val-50-ollamaa/policy_5_iter_1.json,19,deny_f13ef671,Deny,['iam:CreateUser'],arn:aws:iam::{account id}:role/{role name},allow_d296b21a,allow_d296b21a_combo_1,sts:TagSession,arn:aws:iam::{account id}:role/{role name},arn:aws:iam::999888777666:oidc-provider/gitlab.com,{'StringEquals': {'aws:RequestedRegion': 'us-east-1'}},allow,deny,unsat,False
policy_5_iter_1.json,,/home/bhall2/Documents/fixmypolicy/FL/Experiment-2/temp_validation/val-50-ollamaa/policy_5_iter_1.json,19,deny_f13ef671,Deny,['iam:CreateUser'],arn:aws:iam::{account id}:role/{role name},allow_d296b21a,allow_d296b21a_combo_2,sts:AssumeRoleWithWebIdentity,arn:aws:iam::{account id}:role/{role name},arn:aws:iam::999888777666:oidc-provider/gitlab.com,{'StringEquals': {'aws:RequestedRegion': 'us-east-1'}},allow,deny,unsat,False
policy_5_iter_1.json,,/home/bhall2/Documents/fixmypolicy/FL/Experiment-2/temp_validation/val-50-ollamaa/policy_5_iter_1.json,19,deny_f13ef671,Deny,['iam:CreateUser'],arn:aws:iam::{account id}:role/{role name},deny_0f38f412,deny_0f38f412_combo_1,ec2:RunInstances,arn:aws:iam::{account id}:role/{role name},arn:aws:iam::123456789012:user/alice,{'IpAddress': {'aws:SourceIp': '203.0.113.0/24'}},deny,deny,unsat,True
policy_5_iter_1.json,,/home/bhall2/Documents/fixmypolicy/FL/Experiment-2/temp_validation/val-50-ollamaa/policy_5_iter_1.json,19,deny_f13ef671,Deny,['iam:CreateUser'],arn:aws:iam::{account id}:role/{role name},deny_dccafd42,deny_dccafd42_combo_1,sts:TagSession,forbidden-arn:aws:iam::{account id}:role/{role name}-specific,arn:aws:iam::{account id}:oidc-provider/forbidden-gitlab.com,{'DateLessThan': {'aws:CurrentTime': '2025-12-31T23:59:59Z'}},deny,deny,unsat,True
policy_5_iter_1.json,,/home/bhall2/Documents/fixmypolicy/FL/Experiment-2/temp_validation/val-50-ollamaa/policy_5_iter_1.json,19,deny_f13ef671,Deny,['iam:CreateUser'],arn:aws:iam::{account id}:role/{role name},deny_dccafd42,deny_dccafd42_combo_2,sts:AssumeRoleWithWebIdentity,forbidden-arn:aws:iam::{account id}:role/{role name}-specific,arn:aws:iam::{account id}:oidc-provider/forbidden-gitlab.com,{'DateLessThan': {'aws:CurrentTime': '2025-12-31T23:59:59Z'}},deny,deny,unsat,True
policy_5_iter_1.json,,/home/bhall2/Documents/fixmypolicy/FL/Experiment-2/temp_validation/val-50-ollamaa/policy_5_iter_1.json,19,deny_f13ef671,Deny,['iam:CreateUser'],arn:aws:iam::{account id}:role/{role name},allow_b3521fa7,allow_b3521fa7_combo_1,sts:AssumeRoleWithWebIdentity,arn:aws:iam::{account id}:role/{role name},arn:aws:iam::{account id}:oidc-provider/gitlab.com,{'StringLike': {'gitlab.com:sub': 'project_path:{redacted}/*:ref_type:branch:ref:*'}},allow,deny,unsat,False
policy_5_iter_1.json,,/home/bhall2/Documents/fixmypolicy/FL/Experiment-2/temp_validation/val-50-ollamaa/policy_5_iter_1.json,19,deny_f13ef671,Deny,['iam:CreateUser'],arn:aws:iam::{account id}:role/{role name},deny_5cdc410d,deny_5cdc410d_combo_1,sts:AssumeRoleWithWebIdentity,arn:aws:iam::{account id}:role/{role name}-forbidden-resource,arn:aws:iam::999888777666:oidc-provider/gitlab.com,{'DateLessThan': {'aws:CurrentTime': '2025-12-31T23:59:59Z'}},deny,deny,unsat,True
policy_5_iter_1.json,,/home/bhall2/Documents/fixmypolicy/FL/Experiment-2/temp_validation/val-50-ollamaa/policy_5_iter_1.json,19,deny_f13ef671,Deny,['iam:CreateUser'],arn:aws:iam::{account id}:role/{role name},allow_1a3aa330,allow_1a3aa330_combo_1,sts:TagSession,arn:aws:iam::{account id}:role/{role name},arn:aws:iam::{account id}:oidc-provider/gitlab.com,{'StringLike': {'gitlab.com:sub': 'project_path:{redacted}/*:ref_type:branch:ref:*'}},allow,deny,unsat,False
policy_5_iter_1.json,,/home/bhall2/Documents/fixmypolicy/FL/Experiment-2/temp_validation/val-50-ollamaa/policy_5_iter_1.json,19,deny_f13ef671,Deny,['iam:CreateUser'],arn:aws:iam::{account id}:role/{role name},allow_1a3aa330,allow_1a3aa330_combo_2,sts:AssumeRoleWithWebIdentity,arn:aws:iam::{account id}:role/{role name},arn:aws:iam::{account id}:oidc-provider/gitlab.com,{'StringLike': {'gitlab.com:sub': 'project_path:{redacted}/*:ref_type:branch:ref:*'}},allow,deny,unsat,False
policy_5_iter_1.json,,/home/bhall2/Documents/fixmypolicy/FL/Experiment-2/temp_validation/val-50-ollamaa/policy_5_iter_1.json,19,deny_f13ef671,Deny,['iam:CreateUser'],arn:aws:iam::{account id}:role/{role name},deny_8dc7e4d8,deny_8dc7e4d8_combo_1,sts:TagSession,arn:aws:iam::{account id}:role/{role name}-forbidden-resource,arn:aws:iam::{account id}:oidc-provider/gitlab.com,{'StringLike': {'gitlab.com:sub': 'project_path:{redacted}/*:ref_type:branch:ref:*'}},deny,deny,unsat,True
policy_5_iter_1.json,,/home/bhall2/Documents/fixmypolicy/FL/Experiment-2/temp_validation/val-50-ollamaa/policy_5_iter_1.json,19,deny_f13ef671,Deny,['iam:CreateUser'],arn:aws:iam::{account id}:role/{role name},allow_a3073d0d,allow_a3073d0d_combo_1,sts:TagSession,arn:aws:iam::{account id}:role/{role name},arn:aws:iam::{account id}:oidc-provider/gitlab.com,{'StringLike': {'gitlab.com:sub': 'project_path:{redacted}/*:ref_type:branch:ref:*'}},allow,deny,unsat,False
policy_5_iter_1.json,,/home/bhall2/Documents/fixmypolicy/FL/Experiment-2/temp_validation/val-50-ollamaa/policy_5_iter_1.json,19,deny_f13ef671,Deny,['iam:CreateUser'],arn:aws:iam::{account id}:role/{role name},allow_a3073d0d,allow_a3073d0d_combo_2,sts:AssumeRoleWithWebIdentity,arn:aws:iam::{account id}:role/{role name},arn:aws:iam::{account id}:oidc-provider/gitlab.com,{'StringLike': {'gitlab.com:sub': 'project_path:{redacted}/*:ref_type:branch:ref:*'}},allow,deny,unsat,False
policy_5_iter_1.json,,/home/bhall2/Documents/fixmypolicy/FL/Experiment-2/temp_validation/val-50-ollamaa/policy_5_iter_1.json,19,deny_f13ef671,Deny,['iam:CreateUser'],arn:aws:iam::{account id}:role/{role name},allow_39a49474,allow_39a49474_combo_1,sts:AssumeRoleWithWebIdentity,arn:aws:iam::{account id}:role/{role name},arn:aws:iam::{account id}:oidc-provider/gitlab.com,{'StringLike': {'gitlab.com:sub': 'project_path:{redacted}/*:ref_type:branch:ref:*'}},allow,deny,unsat,False
policy_5_iter_1.json,,/home/bhall2/Documents/fixmypolicy/FL/Experiment-2/temp_validation/val-50-ollamaa/policy_5_iter_1.json,19,deny_f13ef671,Deny,['iam:CreateUser'],arn:aws:iam::{account id}:role/{role name},allow_39a49474,allow_39a49474_combo_2,sts:TagSession,arn:aws:iam::{account id}:role/{role name},arn:aws:iam::{account id}:oidc-provider/gitlab.com,{'StringLike': {'gitlab.com:sub': 'project_path:{redacted}/*:ref_type:branch:ref:*'}},allow,deny,unsat,False
policy_5_iter_1.json,,/home/bhall2/Documents/fixmypolicy/FL/Experiment-2/temp_validation/val-50-ollamaa/policy_5_iter_1.json,19,deny_f13ef671,Deny,['iam:CreateUser'],arn:aws:iam::{account id}:role/{role name},deny_b2a7386a,deny_b2a7386a_combo_1,iam:DeleteUser,arn:aws:iam::{account id}:role/{role name},arn:aws:iam::999888777666:oidc-provider/gitlab.com,{'StringEquals': {'aws:RequestedRegion': 'us-west-2'}},deny,deny,unsat,True
policy_5_iter_1.json,,/home/bhall2/Documents/fixmypolicy/FL/Experiment-2/temp_validation/val-50-ollamaa/policy_5_iter_1.json,19,deny_f13ef671,Deny,['iam:CreateUser'],arn:aws:iam::{account id}:role/{role name},deny_200cd3bf,deny_200cd3bf_combo_1,sts:AssumeRoleWithWebIdentity,arn:aws:iam::{account id}:role/{role name}-forbidden-resource,arn:aws:iam::123456789012:user/alice,{'StringEquals': {'aws:RequestedRegion': 'us-east-1'}},deny,deny,unsat,True
policy_5_iter_1.json,,/home/bhall2/Documents/fixmypolicy/FL/Experiment-2/temp_validation/val-50-ollamaa/policy_5_iter_1.json,19,deny_f13ef671,Deny,['iam:CreateUser'],arn:aws:iam::{account id}:role/{role name},allow_9e959d67,allow_9e959d67_combo_1,sts:TagSession,arn:aws:iam::{account id}:role/{role name},arn:aws:iam::{account id}:oidc-provider/gitlab.com,{'StringLike': {'gitlab.com:sub': 'project_path:{redacted}/*:ref_type:branch:ref:*'}},allow,deny,unsat,False
policy_5_iter_1.json,,/home/bhall2/Documents/fixmypolicy/FL/Experiment-2/temp_validation/val-50-ollamaa/policy_5_iter_1.json,19,deny_f13ef671,Deny,['iam:CreateUser'],arn:aws:iam::{account id}:role/{role name},allow_8b2a35e8,allow_8b2a35e8_combo_1,sts:TagSession,arn:aws:iam::{account id}:role/{role name},arn:aws:iam::123456789012:user/alice,{'StringEquals': {'aws:RequestedRegion': 'us-east-1'}},allow,deny,unsat,False
policy_5_iter_1.json,,/home/bhall2/Documents/fixmypolicy/FL/Experiment-2/temp_validation/val-50-ollamaa/policy_5_iter_1.json,19,deny_f13ef671,Deny,['iam:CreateUser'],arn:aws:iam::{account id}:role/{role name},allow_a7f5ef81,allow_a7f5ef81_combo_1,sts:TagSession,arn:aws:iam::{account id}:role/{role name},arn:aws:iam::{account id}:oidc-provider/gitlab.com,{'StringLike': {'gitlab.com:sub': 'project_path:{redacted}/*:ref_type:branch:ref:*'}},allow,deny,unsat,False
policy_5_iter_1.json,,/home/bhall2/Documents/fixmypolicy/FL/Experiment-2/temp_validation/val-50-ollamaa/policy_5_iter_1.json,19,deny_f13ef671,Deny,['iam:CreateUser'],arn:aws:iam::{account id}:role/{role name},deny_a61a5c77,deny_a61a5c77_combo_1,ec2:DescribeInstances,arn:aws:iam::{account id}:role/{role name},arn:aws:iam::{account id}:oidc-provider/forbidden-gitlab.com,{'IpAddress': {'aws:SourceIp': '203.0.113.0/24'}},deny,deny,unsat,True
policy_5_iter_1.json,,/home/bhall2/Documents/fixmypolicy/FL/Experiment-2/temp_validation/val-50-ollamaa/policy_5_iter_1.json,19,deny_f13ef671,Deny,['iam:CreateUser'],arn:aws:iam::{account id}:role/{role name},allow_8fe72846,allow_8fe72846_combo_1,sts:AssumeRoleWithWebIdentity,arn:aws:iam::{account id}:role/{role name},arn:aws:iam::{account id}:oidc-provider/gitlab.com,{'StringLike': {'gitlab.com:sub': 'project_path:{redacted}/*:ref_type:branch:ref:*'}},allow,deny,unsat,False
policy_5_iter_1.json,,/home/bhall2/Documents/fixmypolicy/FL/Experiment-2/temp_validation/val-50-ollamaa/policy_5_iter_1.json,19,deny_f13ef671,Deny,['iam:CreateUser'],arn:aws:iam::{account id}:role/{role name},allow_8fe72846,allow_8fe72846_combo_2,sts:TagSession,arn:aws:iam::{account id}:role/{role name},arn:aws:iam::{account id}:oidc-provider/gitlab.com,{'StringLike': {'gitlab.com:sub': 'project_path:{redacted}/*:ref_type:branch:ref:*'}},allow,deny,unsat,False
policy_5_iter_1.json,,/home/bhall2/Documents/fixmypolicy/FL/Experiment-2/temp_validation/val-50-ollamaa/policy_5_iter_1.json,19,deny_f13ef671,Deny,['iam:CreateUser'],arn:aws:iam::{account id}:role/{role name},allow_b9703ac8,allow_b9703ac8_combo_1,sts:AssumeRoleWithWebIdentity,arn:aws:iam::{account id}:role/{role name},arn:aws:iam::{account id}:oidc-provider/gitlab.com,{'StringLike': {'gitlab.com:sub': 'project_path:{redacted}/*:ref_type:branch:ref:*'}},allow,deny,unsat,False
policy_5_iter_1.json,,/home/bhall2/Documents/fixmypolicy/FL/Experiment-2/temp_validation/val-50-ollamaa/policy_5_iter_1.json,19,deny_f13ef671,Deny,['iam:CreateUser'],arn:aws:iam::{account id}:role/{role name},allow_b9703ac8,allow_b9703ac8_combo_2,sts:TagSession,arn:aws:iam::{account id}:role/{role name},arn:aws:iam::{account id}:oidc-provider/gitlab.com,{'StringLike': {'gitlab.com:sub': 'project_path:{redacted}/*:ref_type:branch:ref:*'}},allow,deny,unsat,False
policy_5_iter_1.json,,/home/bhall2/Documents/fixmypolicy/FL/Experiment-2/temp_validation/val-50-ollamaa/policy_5_iter_1.json,19,deny_f13ef671,Deny,['iam:CreateUser'],arn:aws:iam::{account id}:role/{role name},deny_fda03fc6,deny_fda03fc6_combo_1,sts:AssumeRoleWithWebIdentity,arn:aws:iam::{account id}:role/{role name}-forbidden-resource,arn:aws:iam::{account id}:oidc-provider/gitlab.com,{'StringLike': {'gitlab.com:sub': 'project_path:{redacted}/*:ref_type:branch:ref:*'}},deny,deny,unsat,True
policy_5_iter_1.json,,/home/bhall2/Documents/fixmypolicy/FL/Experiment-2/temp_validation/val-50-ollamaa/policy_5_iter_1.json,19,deny_f13ef671,Deny,['iam:CreateUser'],arn:aws:iam::{account id}:role/{role name},deny_fda03fc6,deny_fda03fc6_combo_2,sts:TagSession,arn:aws:iam::{account id}:role/{role name}-forbidden-resource,arn:aws:iam::{account id}:oidc-provider/gitlab.com,{'StringLike': {'gitlab.com:sub': 'project_path:{redacted}/*:ref_type:branch:ref:*'}},deny,deny,unsat,True
policy_5_iter_1.json,,/home/bhall2/Documents/fixmypolicy/FL/Experiment-2/temp_validation/val-50-ollamaa/policy_5_iter_1.json,20,deny_51d9c228,Deny,['ec2:RunInstances'],arn:aws:iam::{account id}:role/{role name},allow_a8fd7ef6,allow_a8fd7ef6_combo_1,sts:AssumeRoleWithWebIdentity,arn:aws:iam::{account id}:role/{role name},arn:aws:iam::{account id}:oidc-provider/gitlab.com,{'StringLike': {'gitlab.com:sub': 'project_path:{redacted}/*:ref_type:branch:ref:*'}},allow,deny,unsat,False
policy_5_iter_1.json,,/home/bhall2/Documents/fixmypolicy/FL/Experiment-2/temp_validation/val-50-ollamaa/policy_5_iter_1.json,20,deny_51d9c228,Deny,['ec2:RunInstances'],arn:aws:iam::{account id}:role/{role name},allow_e641a090,allow_e641a090_combo_1,sts:AssumeRoleWithWebIdentity,arn:aws:iam::{account id}:role/{role name},arn:aws:iam::{account id}:oidc-provider/gitlab.com,{'StringLike': {'gitlab.com:sub': 'project_path:{redacted}/*:ref_type:branch:ref:*'}},allow,deny,unsat,False
policy_5_iter_1.json,,/home/bhall2/Documents/fixmypolicy/FL/Experiment-2/temp_validation/val-50-ollamaa/policy_5_iter_1.json,20,deny_51d9c228,Deny,['ec2:RunInstances'],arn:aws:iam::{account id}:role/{role name},deny_f13ef671,deny_f13ef671_combo_1,iam:CreateUser,arn:aws:iam::{account id}:role/{role name},arn:aws:iam::123456789012:user/alice,{'DateLessThan': {'aws:CurrentTime': '2025-12-31T23:59:59Z'}},deny,deny,unsat,True
policy_5_iter_1.json,,/home/bhall2/Documents/fixmypolicy/FL/Experiment-2/temp_validation/val-50-ollamaa/policy_5_iter_1.json,20,deny_51d9c228,Deny,['ec2:RunInstances'],arn:aws:iam::{account id}:role/{role name},allow_d28acd92,allow_d28acd92_combo_1,sts:TagSession,arn:aws:iam::{account id}:role/{role name},arn:aws:iam::123456789012:user/alice,{'DateGreaterThan': {'aws:CurrentTime': '2024-01-01T00:00:00Z'}},allow,deny,unsat,False
policy_5_iter_1.json,,/home/bhall2/Documents/fixmypolicy/FL/Experiment-2/temp_validation/val-50-ollamaa/policy_5_iter_1.json,20,deny_51d9c228,Deny,['ec2:RunInstances'],arn:aws:iam::{account id}:role/{role name},allow_d28acd92,allow_d28acd92_combo_2,sts:AssumeRoleWithWebIdentity,arn:aws:iam::{account id}:role/{role name},arn:aws:iam::123456789012:user/alice,{'DateGreaterThan': {'aws:CurrentTime': '2024-01-01T00:00:00Z'}},allow,deny,unsat,False
policy_5_iter_1.json,,/home/bhall2/Documents/fixmypolicy/FL/Experiment-2/temp_validation/val-50-ollamaa/policy_5_iter_1.json,20,deny_51d9c228,Deny,['ec2:RunInstances'],arn:aws:iam::{account id}:role/{role name},allow_ad67e7d3,allow_ad67e7d3_combo_1,sts:TagSession,arn:aws:iam::{account id}:role/{role name},arn:aws:iam::{account id}:oidc-provider/gitlab.com,{'StringLike': {'gitlab.com:sub': 'project_path:{redacted}/ref_type:branch:ref'}},allow,deny,unsat,False
policy_5_iter_1.json,,/home/bhall2/Documents/fixmypolicy/FL/Experiment-2/temp_validation/val-50-ollamaa/policy_5_iter_1.json,20,deny_51d9c228,Deny,['ec2:RunInstances'],arn:aws:iam::{account id}:role/{role name},allow_ad67e7d3,allow_ad67e7d3_combo_2,sts:AssumeRoleWithWebIdentity,arn:aws:iam::{account id}:role/{role name},arn:aws:iam::{account id}:oidc-provider/gitlab.com,{'StringLike': {'gitlab.com:sub': 'project_path:{redacted}/ref_type:branch:ref'}},allow,deny,unsat,False
policy_5_iter_1.json,,/home/bhall2/Documents/fixmypolicy/FL/Experiment-2/temp_validation/val-50-ollamaa/policy_5_iter_1.json,20,deny_51d9c228,Deny,['ec2:RunInstances'],arn:aws:iam::{account id}:role/{role name},deny_51d9c228,deny_51d9c228_combo_1,ec2:RunInstances,arn:aws:iam::{account id}:role/{role name},arn:aws:iam::123456789012:user/alice,{'DateLessThan': {'aws:CurrentTime': '2025-12-31T23:59:59Z'}},deny,deny,unsat,True
policy_5_iter_1.json,,/home/bhall2/Documents/fixmypolicy/FL/Experiment-2/temp_validation/val-50-ollamaa/policy_5_iter_1.json,20,deny_51d9c228,Deny,['ec2:RunInstances'],arn:aws:iam::{account id}:role/{role name},deny_c81babfb,deny_c81babfb_combo_1,sts:TagSession,forbidden-arn:aws:iam::{account id}:role/{role name}-specific,arn:aws:iam::{account id}:oidc-provider/forbidden-gitlab.com,{'IpAddress': {'aws:SourceIp': '203.0.113.0/24'}},deny,deny,unsat,True
policy_5_iter_1.json,,/home/bhall2/Documents/fixmypolicy/FL/Experiment-2/temp_validation/val-50-ollamaa/policy_5_iter_1.json,20,deny_51d9c228,Deny,['ec2:RunInstances'],arn:aws:iam::{account id}:role/{role name},deny_c81babfb,deny_c81babfb_combo_2,sts:AssumeRoleWithWebIdentity,forbidden-arn:aws:iam::{account id}:role/{role name}-specific,arn:aws:iam::{account id}:oidc-provider/forbidden-gitlab.com,{'IpAddress': {'aws:SourceIp': '203.0.113.0/24'}},deny,deny,unsat,True
policy_5_iter_1.json,,/home/bhall2/Documents/fixmypolicy/FL/Experiment-2/temp_validation/val-50-ollamaa/policy_5_iter_1.json,20,deny_51d9c228,Deny,['ec2:RunInstances'],arn:aws:iam::{account id}:role/{role name},deny_d9e1c623,deny_d9e1c623_combo_1,sts:AssumeRoleWithWebIdentity,arn:aws:iam::{account id}:role/{role name}-forbidden-resource,arn:aws:iam::999888777666:oidc-provider/gitlab.com,{'StringEquals': {'aws:RequestedRegion': 'us-east-1'}},deny,deny,unsat,True
policy_5_iter_1.json,,/home/bhall2/Documents/fixmypolicy/FL/Experiment-2/temp_validation/val-50-ollamaa/policy_5_iter_1.json,20,deny_51d9c228,Deny,['ec2:RunInstances'],arn:aws:iam::{account id}:role/{role name},deny_eae39e7d,deny_eae39e7d_combo_1,lambda:CreateFunction,arn:aws:iam::{account id}:role/{role name},arn:aws:iam::{account id}:oidc-provider/forbidden-gitlab.com,{'DateLessThan': {'aws:CurrentTime': '2025-12-31T23:59:59Z'}},deny,deny,unsat,True
policy_5_iter_1.json,,/home/bhall2/Documents/fixmypolicy/FL/Experiment-2/temp_validation/val-50-ollamaa/policy_5_iter_1.json,20,deny_51d9c228,Deny,['ec2:RunInstances'],arn:aws:iam::{account id}:role/{role name},allow_277adc8e,allow_277adc8e_combo_1,sts:TagSession,arn:aws:iam::{account id}:role/{role name},arn:aws:iam::{account id}:oidc-provider/gitlab.com,{'StringLike': {'gitlab.com:sub': 'project_path:{redacted}/ref_type:branch:ref'}},allow,deny,unsat,False
policy_5_iter_1.json,,/home/bhall2/Documents/fixmypolicy/FL/Experiment-2/temp_validation/val-50-ollamaa/policy_5_iter_1.json,20,deny_51d9c228,Deny,['ec2:RunInstances'],arn:aws:iam::{account id}:role/{role name},allow_277adc8e,allow_277adc8e_combo_2,sts:AssumeRoleWithWebIdentity,arn:aws:iam::{account id}:role/{role name},arn:aws:iam::{account id}:oidc-provider/gitlab.com,{'StringLike': {'gitlab.com:sub': 'project_path:{redacted}/ref_type:branch:ref'}},allow,deny,unsat,False
policy_5_iter_1.json,,/home/bhall2/Documents/fixmypolicy/FL/Experiment-2/temp_validation/val-50-ollamaa/policy_5_iter_1.json,20,deny_51d9c228,Deny,['ec2:RunInstances'],arn:aws:iam::{account id}:role/{role name},deny_2efa2500,deny_2efa2500_combo_1,sts:TagSession,arn:aws:iam::{account id}:role/{role name}-forbidden-resource,arn:aws:iam::{account id}:oidc-provider/gitlab.com,{'StringLike': {'gitlab.com:sub': 'project_path:{redacted}/*:ref_type:branch:ref:*'}},deny,deny,unsat,True
policy_5_iter_1.json,,/home/bhall2/Documents/fixmypolicy/FL/Experiment-2/temp_validation/val-50-ollamaa/policy_5_iter_1.json,20,deny_51d9c228,Deny,['ec2:RunInstances'],arn:aws:iam::{account id}:role/{role name},deny_2efa2500,deny_2efa2500_combo_2,sts:AssumeRoleWithWebIdentity,arn:aws:iam::{account id}:role/{role name}-forbidden-resource,arn:aws:iam::{account id}:oidc-provider/gitlab.com,{'StringLike': {'gitlab.com:sub': 'project_path:{redacted}/*:ref_type:branch:ref:*'}},deny,deny,unsat,True
policy_5_iter_1.json,,/home/bhall2/Documents/fixmypolicy/FL/Experiment-2/temp_validation/val-50-ollamaa/policy_5_iter_1.json,20,deny_51d9c228,Deny,['ec2:RunInstances'],arn:aws:iam::{account id}:role/{role name},allow_4b2e6812,allow_4b2e6812_combo_1,sts:TagSession,arn:aws:iam::{account id}:role/{role name},arn:aws:iam::999888777666:oidc-provider/gitlab.com,{'StringEquals': {'aws:RequestedRegion': 'us-west-2'}},allow,deny,unsat,False
policy_5_iter_1.json,,/home/bhall2/Documents/fixmypolicy/FL/Experiment-2/temp_validation/val-50-ollamaa/policy_5_iter_1.json,20,deny_51d9c228,Deny,['ec2:RunInstances'],arn:aws:iam::{account id}:role/{role name},allow_4b2e6812,allow_4b2e6812_combo_2,sts:AssumeRoleWithWebIdentity,arn:aws:iam::{account id}:role/{role name},arn:aws:iam::999888777666:oidc-provider/gitlab.com,{'StringEquals': {'aws:RequestedRegion': 'us-west-2'}},allow,deny,unsat,False
policy_5_iter_1.json,,/home/bhall2/Documents/fixmypolicy/FL/Experiment-2/temp_validation/val-50-ollamaa/policy_5_iter_1.json,20,deny_51d9c228,Deny,['ec2:RunInstances'],arn:aws:iam::{account id}:role/{role name},deny_2ccddee4,deny_2ccddee4_combo_1,iam:DeleteUser,arn:aws:iam::{account id}:role/{role name},arn:aws:iam::999888777666:oidc-provider/gitlab.com,{'DateLessThan': {'aws:CurrentTime': '2025-12-31T23:59:59Z'}},deny,deny,unsat,True
policy_5_iter_1.json,,/home/bhall2/Documents/fixmypolicy/FL/Experiment-2/temp_validation/val-50-ollamaa/policy_5_iter_1.json,20,deny_51d9c228,Deny,['ec2:RunInstances'],arn:aws:iam::{account id}:role/{role name},allow_8d6aad9f,allow_8d6aad9f_combo_1,sts:TagSession,arn:aws:iam::{account id}:role/{role name},arn:aws:iam::{account id}:oidc-provider/gitlab.com,{'StringLike': {'gitlab.com:sub': 'project_path:{redacted}/*:ref_type:branch:ref:*'}},allow,deny,unsat,False
policy_5_iter_1.json,,/home/bhall2/Documents/fixmypolicy/FL/Experiment-2/temp_validation/val-50-ollamaa/policy_5_iter_1.json,20,deny_51d9c228,Deny,['ec2:RunInstances'],arn:aws:iam::{account id}:role/{role name},allow_8d6aad9f,allow_8d6aad9f_combo_2,sts:AssumeRoleWithWebIdentity,arn:aws:iam::{account id}:role/{role name},arn:aws:iam::{account id}:oidc-provider/gitlab.com,{'StringLike': {'gitlab.com:sub': 'project_path:{redacted}/*:ref_type:branch:ref:*'}},allow,deny,unsat,False
policy_5_iter_1.json,,/home/bhall2/Documents/fixmypolicy/FL/Experiment-2/temp_validation/val-50-ollamaa/policy_5_iter_1.json,20,deny_51d9c228,Deny,['ec2:RunInstances'],arn:aws:iam::{account id}:role/{role name},allow_46828ad7,allow_46828ad7_combo_1,sts:AssumeRoleWithWebIdentity,arn:aws:iam::{account id}:role/{role name},arn:aws:iam::123456789012:user/alice,{'DateGreaterThan': {'aws:CurrentTime': '2024-01-01T00:00:00Z'}},allow,deny,unsat,False
policy_5_iter_1.json,,/home/bhall2/Documents/fixmypolicy/FL/Experiment-2/temp_validation/val-50-ollamaa/policy_5_iter_1.json,20,deny_51d9c228,Deny,['ec2:RunInstances'],arn:aws:iam::{account id}:role/{role name},allow_46828ad7,allow_46828ad7_combo_2,sts:TagSession,arn:aws:iam::{account id}:role/{role name},arn:aws:iam::123456789012:user/alice,{'DateGreaterThan': {'aws:CurrentTime': '2024-01-01T00:00:00Z'}},allow,deny,unsat,False
policy_5_iter_1.json,,/home/bhall2/Documents/fixmypolicy/FL/Experiment-2/temp_validation/val-50-ollamaa/policy_5_iter_1.json,20,deny_51d9c228,Deny,['ec2:RunInstances'],arn:aws:iam::{account id}:role/{role name},deny_284a8d13,deny_284a8d13_combo_1,lambda:CreateFunction,arn:aws:iam::{account id}:role/{role name},arn:aws:iam::123456789012:user/alice,{'DateLessThan': {'aws:CurrentTime': '2025-12-31T23:59:59Z'}},deny,deny,unsat,True
policy_5_iter_1.json,,/home/bhall2/Documents/fixmypolicy/FL/Experiment-2/temp_validation/val-50-ollamaa/policy_5_iter_1.json,20,deny_51d9c228,Deny,['ec2:RunInstances'],arn:aws:iam::{account id}:role/{role name},allow_d296b21a,allow_d296b21a_combo_1,sts:TagSession,arn:aws:iam::{account id}:role/{role name},arn:aws:iam::999888777666:oidc-provider/gitlab.com,{'StringEquals': {'aws:RequestedRegion': 'us-east-1'}},allow,deny,unsat,False
policy_5_iter_1.json,,/home/bhall2/Documents/fixmypolicy/FL/Experiment-2/temp_validation/val-50-ollamaa/policy_5_iter_1.json,20,deny_51d9c228,Deny,['ec2:RunInstances'],arn:aws:iam::{account id}:role/{role name},allow_d296b21a,allow_d296b21a_combo_2,sts:AssumeRoleWithWebIdentity,arn:aws:iam::{account id}:role/{role name},arn:aws:iam::999888777666:oidc-provider/gitlab.com,{'StringEquals': {'aws:RequestedRegion': 'us-east-1'}},allow,deny,unsat,False
policy_5_iter_1.json,,/home/bhall2/Documents/fixmypolicy/FL/Experiment-2/temp_validation/val-50-ollamaa/policy_5_iter_1.json,20,deny_51d9c228,Deny,['ec2:RunInstances'],arn:aws:iam::{account id}:role/{role name},deny_0f38f412,deny_0f38f412_combo_1,ec2:RunInstances,arn:aws:iam::{account id}:role/{role name},arn:aws:iam::123456789012:user/alice,{'IpAddress': {'aws:SourceIp': '203.0.113.0/24'}},deny,deny,unsat,True
policy_5_iter_1.json,,/home/bhall2/Documents/fixmypolicy/FL/Experiment-2/temp_validation/val-50-ollamaa/policy_5_iter_1.json,20,deny_51d9c228,Deny,['ec2:RunInstances'],arn:aws:iam::{account id}:role/{role name},deny_dccafd42,deny_dccafd42_combo_1,sts:TagSession,forbidden-arn:aws:iam::{account id}:role/{role name}-specific,arn:aws:iam::{account id}:oidc-provider/forbidden-gitlab.com,{'DateLessThan': {'aws:CurrentTime': '2025-12-31T23:59:59Z'}},deny,deny,unsat,True
policy_5_iter_1.json,,/home/bhall2/Documents/fixmypolicy/FL/Experiment-2/temp_validation/val-50-ollamaa/policy_5_iter_1.json,20,deny_51d9c228,Deny,['ec2:RunInstances'],arn:aws:iam::{account id}:role/{role name},deny_dccafd42,deny_dccafd42_combo_2,sts:AssumeRoleWithWebIdentity,forbidden-arn:aws:iam::{account id}:role/{role name}-specific,arn:aws:iam::{account id}:oidc-provider/forbidden-gitlab.com,{'DateLessThan': {'aws:CurrentTime': '2025-12-31T23:59:59Z'}},deny,deny,unsat,True
policy_5_iter_1.json,,/home/bhall2/Documents/fixmypolicy/FL/Experiment-2/temp_validation/val-50-ollamaa/policy_5_iter_1.json,20,deny_51d9c228,Deny,['ec2:RunInstances'],arn:aws:iam::{account id}:role/{role name},allow_b3521fa7,allow_b3521fa7_combo_1,sts:AssumeRoleWithWebIdentity,arn:aws:iam::{account id}:role/{role name},arn:aws:iam::{account id}:oidc-provider/gitlab.com,{'StringLike': {'gitlab.com:sub': 'project_path:{redacted}/*:ref_type:branch:ref:*'}},allow,deny,unsat,False
policy_5_iter_1.json,,/home/bhall2/Documents/fixmypolicy/FL/Experiment-2/temp_validation/val-50-ollamaa/policy_5_iter_1.json,20,deny_51d9c228,Deny,['ec2:RunInstances'],arn:aws:iam::{account id}:role/{role name},deny_5cdc410d,deny_5cdc410d_combo_1,sts:AssumeRoleWithWebIdentity,arn:aws:iam::{account id}:role/{role name}-forbidden-resource,arn:aws:iam::999888777666:oidc-provider/gitlab.com,{'DateLessThan': {'aws:CurrentTime': '2025-12-31T23:59:59Z'}},deny,deny,unsat,True
policy_5_iter_1.json,,/home/bhall2/Documents/fixmypolicy/FL/Experiment-2/temp_validation/val-50-ollamaa/policy_5_iter_1.json,20,deny_51d9c228,Deny,['ec2:RunInstances'],arn:aws:iam::{account id}:role/{role name},allow_1a3aa330,allow_1a3aa330_combo_1,sts:TagSession,arn:aws:iam::{account id}:role/{role name},arn:aws:iam::{account id}:oidc-provider/gitlab.com,{'StringLike': {'gitlab.com:sub': 'project_path:{redacted}/*:ref_type:branch:ref:*'}},allow,deny,unsat,False
policy_5_iter_1.json,,/home/bhall2/Documents/fixmypolicy/FL/Experiment-2/temp_validation/val-50-ollamaa/policy_5_iter_1.json,20,deny_51d9c228,Deny,['ec2:RunInstances'],arn:aws:iam::{account id}:role/{role name},allow_1a3aa330,allow_1a3aa330_combo_2,sts:AssumeRoleWithWebIdentity,arn:aws:iam::{account id}:role/{role name},arn:aws:iam::{account id}:oidc-provider/gitlab.com,{'StringLike': {'gitlab.com:sub': 'project_path:{redacted}/*:ref_type:branch:ref:*'}},allow,deny,unsat,False
policy_5_iter_1.json,,/home/bhall2/Documents/fixmypolicy/FL/Experiment-2/temp_validation/val-50-ollamaa/policy_5_iter_1.json,20,deny_51d9c228,Deny,['ec2:RunInstances'],arn:aws:iam::{account id}:role/{role name},deny_8dc7e4d8,deny_8dc7e4d8_combo_1,sts:TagSession,arn:aws:iam::{account id}:role/{role name}-forbidden-resource,arn:aws:iam::{account id}:oidc-provider/gitlab.com,{'StringLike': {'gitlab.com:sub': 'project_path:{redacted}/*:ref_type:branch:ref:*'}},deny,deny,unsat,True
policy_5_iter_1.json,,/home/bhall2/Documents/fixmypolicy/FL/Experiment-2/temp_validation/val-50-ollamaa/policy_5_iter_1.json,20,deny_51d9c228,Deny,['ec2:RunInstances'],arn:aws:iam::{account id}:role/{role name},allow_a3073d0d,allow_a3073d0d_combo_1,sts:TagSession,arn:aws:iam::{account id}:role/{role name},arn:aws:iam::{account id}:oidc-provider/gitlab.com,{'StringLike': {'gitlab.com:sub': 'project_path:{redacted}/*:ref_type:branch:ref:*'}},allow,deny,unsat,False
policy_5_iter_1.json,,/home/bhall2/Documents/fixmypolicy/FL/Experiment-2/temp_validation/val-50-ollamaa/policy_5_iter_1.json,20,deny_51d9c228,Deny,['ec2:RunInstances'],arn:aws:iam::{account id}:role/{role name},allow_a3073d0d,allow_a3073d0d_combo_2,sts:AssumeRoleWithWebIdentity,arn:aws:iam::{account id}:role/{role name},arn:aws:iam::{account id}:oidc-provider/gitlab.com,{'StringLike': {'gitlab.com:sub': 'project_path:{redacted}/*:ref_type:branch:ref:*'}},allow,deny,unsat,False
policy_5_iter_1.json,,/home/bhall2/Documents/fixmypolicy/FL/Experiment-2/temp_validation/val-50-ollamaa/policy_5_iter_1.json,20,deny_51d9c228,Deny,['ec2:RunInstances'],arn:aws:iam::{account id}:role/{role name},allow_39a49474,allow_39a49474_combo_1,sts:AssumeRoleWithWebIdentity,arn:aws:iam::{account id}:role/{role name},arn:aws:iam::{account id}:oidc-provider/gitlab.com,{'StringLike': {'gitlab.com:sub': 'project_path:{redacted}/*:ref_type:branch:ref:*'}},allow,deny,unsat,False
policy_5_iter_1.json,,/home/bhall2/Documents/fixmypolicy/FL/Experiment-2/temp_validation/val-50-ollamaa/policy_5_iter_1.json,20,deny_51d9c228,Deny,['ec2:RunInstances'],arn:aws:iam::{account id}:role/{role name},allow_39a49474,allow_39a49474_combo_2,sts:TagSession,arn:aws:iam::{account id}:role/{role name},arn:aws:iam::{account id}:oidc-provider/gitlab.com,{'StringLike': {'gitlab.com:sub': 'project_path:{redacted}/*:ref_type:branch:ref:*'}},allow,deny,unsat,False
policy_5_iter_1.json,,/home/bhall2/Documents/fixmypolicy/FL/Experiment-2/temp_validation/val-50-ollamaa/policy_5_iter_1.json,20,deny_51d9c228,Deny,['ec2:RunInstances'],arn:aws:iam::{account id}:role/{role name},deny_b2a7386a,deny_b2a7386a_combo_1,iam:DeleteUser,arn:aws:iam::{account id}:role/{role name},arn:aws:iam::999888777666:oidc-provider/gitlab.com,{'StringEquals': {'aws:RequestedRegion': 'us-west-2'}},deny,deny,unsat,True
policy_5_iter_1.json,,/home/bhall2/Documents/fixmypolicy/FL/Experiment-2/temp_validation/val-50-ollamaa/policy_5_iter_1.json,20,deny_51d9c228,Deny,['ec2:RunInstances'],arn:aws:iam::{account id}:role/{role name},deny_200cd3bf,deny_200cd3bf_combo_1,sts:AssumeRoleWithWebIdentity,arn:aws:iam::{account id}:role/{role name}-forbidden-resource,arn:aws:iam::123456789012:user/alice,{'StringEquals': {'aws:RequestedRegion': 'us-east-1'}},deny,deny,unsat,True
policy_5_iter_1.json,,/home/bhall2/Documents/fixmypolicy/FL/Experiment-2/temp_validation/val-50-ollamaa/policy_5_iter_1.json,20,deny_51d9c228,Deny,['ec2:RunInstances'],arn:aws:iam::{account id}:role/{role name},allow_9e959d67,allow_9e959d67_combo_1,sts:TagSession,arn:aws:iam::{account id}:role/{role name},arn:aws:iam::{account id}:oidc-provider/gitlab.com,{'StringLike': {'gitlab.com:sub': 'project_path:{redacted}/*:ref_type:branch:ref:*'}},allow,deny,unsat,False
policy_5_iter_1.json,,/home/bhall2/Documents/fixmypolicy/FL/Experiment-2/temp_validation/val-50-ollamaa/policy_5_iter_1.json,20,deny_51d9c228,Deny,['ec2:RunInstances'],arn:aws:iam::{account id}:role/{role name},allow_8b2a35e8,allow_8b2a35e8_combo_1,sts:TagSession,arn:aws:iam::{account id}:role/{role name},arn:aws:iam::123456789012:user/alice,{'StringEquals': {'aws:RequestedRegion': 'us-east-1'}},allow,deny,unsat,False
policy_5_iter_1.json,,/home/bhall2/Documents/fixmypolicy/FL/Experiment-2/temp_validation/val-50-ollamaa/policy_5_iter_1.json,20,deny_51d9c228,Deny,['ec2:RunInstances'],arn:aws:iam::{account id}:role/{role name},allow_a7f5ef81,allow_a7f5ef81_combo_1,sts:TagSession,arn:aws:iam::{account id}:role/{role name},arn:aws:iam::{account id}:oidc-provider/gitlab.com,{'StringLike': {'gitlab.com:sub': 'project_path:{redacted}/*:ref_type:branch:ref:*'}},allow,deny,unsat,False
policy_5_iter_1.json,,/home/bhall2/Documents/fixmypolicy/FL/Experiment-2/temp_validation/val-50-ollamaa/policy_5_iter_1.json,20,deny_51d9c228,Deny,['ec2:RunInstances'],arn:aws:iam::{account id}:role/{role name},deny_a61a5c77,deny_a61a5c77_combo_1,ec2:DescribeInstances,arn:aws:iam::{account id}:role/{role name},arn:aws:iam::{account id}:oidc-provider/forbidden-gitlab.com,{'IpAddress': {'aws:SourceIp': '203.0.113.0/24'}},deny,deny,unsat,True
policy_5_iter_1.json,,/home/bhall2/Documents/fixmypolicy/FL/Experiment-2/temp_validation/val-50-ollamaa/policy_5_iter_1.json,20,deny_51d9c228,Deny,['ec2:RunInstances'],arn:aws:iam::{account id}:role/{role name},allow_8fe72846,allow_8fe72846_combo_1,sts:AssumeRoleWithWebIdentity,arn:aws:iam::{account id}:role/{role name},arn:aws:iam::{account id}:oidc-provider/gitlab.com,{'StringLike': {'gitlab.com:sub': 'project_path:{redacted}/*:ref_type:branch:ref:*'}},allow,deny,unsat,False
policy_5_iter_1.json,,/home/bhall2/Documents/fixmypolicy/FL/Experiment-2/temp_validation/val-50-ollamaa/policy_5_iter_1.json,20,deny_51d9c228,Deny,['ec2:RunInstances'],arn:aws:iam::{account id}:role/{role name},allow_8fe72846,allow_8fe72846_combo_2,sts:TagSession,arn:aws:iam::{account id}:role/{role name},arn:aws:iam::{account id}:oidc-provider/gitlab.com,{'StringLike': {'gitlab.com:sub': 'project_path:{redacted}/*:ref_type:branch:ref:*'}},allow,deny,unsat,False
policy_5_iter_1.json,,/home/bhall2/Documents/fixmypolicy/FL/Experiment-2/temp_validation/val-50-ollamaa/policy_5_iter_1.json,20,deny_51d9c228,Deny,['ec2:RunInstances'],arn:aws:iam::{account id}:role/{role name},allow_b9703ac8,allow_b9703ac8_combo_1,sts:AssumeRoleWithWebIdentity,arn:aws:iam::{account id}:role/{role name},arn:aws:iam::{account id}:oidc-provider/gitlab.com,{'StringLike': {'gitlab.com:sub': 'project_path:{redacted}/*:ref_type:branch:ref:*'}},allow,deny,unsat,False
policy_5_iter_1.json,,/home/bhall2/Documents/fixmypolicy/FL/Experiment-2/temp_validation/val-50-ollamaa/policy_5_iter_1.json,20,deny_51d9c228,Deny,['ec2:RunInstances'],arn:aws:iam::{account id}:role/{role name},allow_b9703ac8,allow_b9703ac8_combo_2,sts:TagSession,arn:aws:iam::{account id}:role/{role name},arn:aws:iam::{account id}:oidc-provider/gitlab.com,{'StringLike': {'gitlab.com:sub': 'project_path:{redacted}/*:ref_type:branch:ref:*'}},allow,deny,unsat,False
policy_5_iter_1.json,,/home/bhall2/Documents/fixmypolicy/FL/Experiment-2/temp_validation/val-50-ollamaa/policy_5_iter_1.json,20,deny_51d9c228,Deny,['ec2:RunInstances'],arn:aws:iam::{account id}:role/{role name},deny_fda03fc6,deny_fda03fc6_combo_1,sts:AssumeRoleWithWebIdentity,arn:aws:iam::{account id}:role/{role name}-forbidden-resource,arn:aws:iam::{account id}:oidc-provider/gitlab.com,{'StringLike': {'gitlab.com:sub': 'project_path:{redacted}/*:ref_type:branch:ref:*'}},deny,deny,unsat,True
policy_5_iter_1.json,,/home/bhall2/Documents/fixmypolicy/FL/Experiment-2/temp_validation/val-50-ollamaa/policy_5_iter_1.json,20,deny_51d9c228,Deny,['ec2:RunInstances'],arn:aws:iam::{account id}:role/{role name},deny_fda03fc6,deny_fda03fc6_combo_2,sts:TagSession,arn:aws:iam::{account id}:role/{role name}-forbidden-resource,arn:aws:iam::{account id}:oidc-provider/gitlab.com,{'StringLike': {'gitlab.com:sub': 'project_path:{redacted}/*:ref_type:branch:ref:*'}},deny,deny,unsat,True
policy_5_iter_1.json,,/home/bhall2/Documents/fixmypolicy/FL/Experiment-2/temp_validation/val-50-ollamaa/policy_5_iter_1.json,21,deny_c81babfb,Deny,"['sts:TagSession', 'sts:AssumeRoleWithWebIdentity']",forbidden-arn:aws:iam::{account id}:role/{role name}-specific,allow_a8fd7ef6,allow_a8fd7ef6_combo_1,sts:AssumeRoleWithWebIdentity,arn:aws:iam::{account id}:role/{role name},arn:aws:iam::{account id}:oidc-provider/gitlab.com,{'StringLike': {'gitlab.com:sub': 'project_path:{redacted}/*:ref_type:branch:ref:*'}},allow,deny,unsat,False
policy_5_iter_1.json,,/home/bhall2/Documents/fixmypolicy/FL/Experiment-2/temp_validation/val-50-ollamaa/policy_5_iter_1.json,21,deny_c81babfb,Deny,"['sts:TagSession', 'sts:AssumeRoleWithWebIdentity']",forbidden-arn:aws:iam::{account id}:role/{role name}-specific,allow_e641a090,allow_e641a090_combo_1,sts:AssumeRoleWithWebIdentity,arn:aws:iam::{account id}:role/{role name},arn:aws:iam::{account id}:oidc-provider/gitlab.com,{'StringLike': {'gitlab.com:sub': 'project_path:{redacted}/*:ref_type:branch:ref:*'}},allow,deny,unsat,False
policy_5_iter_1.json,,/home/bhall2/Documents/fixmypolicy/FL/Experiment-2/temp_validation/val-50-ollamaa/policy_5_iter_1.json,21,deny_c81babfb,Deny,"['sts:TagSession', 'sts:AssumeRoleWithWebIdentity']",forbidden-arn:aws:iam::{account id}:role/{role name}-specific,deny_f13ef671,deny_f13ef671_combo_1,iam:CreateUser,arn:aws:iam::{account id}:role/{role name},arn:aws:iam::123456789012:user/alice,{'DateLessThan': {'aws:CurrentTime': '2025-12-31T23:59:59Z'}},deny,deny,unsat,True
policy_5_iter_1.json,,/home/bhall2/Documents/fixmypolicy/FL/Experiment-2/temp_validation/val-50-ollamaa/policy_5_iter_1.json,21,deny_c81babfb,Deny,"['sts:TagSession', 'sts:AssumeRoleWithWebIdentity']",forbidden-arn:aws:iam::{account id}:role/{role name}-specific,allow_d28acd92,allow_d28acd92_combo_1,sts:TagSession,arn:aws:iam::{account id}:role/{role name},arn:aws:iam::123456789012:user/alice,{'DateGreaterThan': {'aws:CurrentTime': '2024-01-01T00:00:00Z'}},allow,deny,unsat,False
policy_5_iter_1.json,,/home/bhall2/Documents/fixmypolicy/FL/Experiment-2/temp_validation/val-50-ollamaa/policy_5_iter_1.json,21,deny_c81babfb,Deny,"['sts:TagSession', 'sts:AssumeRoleWithWebIdentity']",forbidden-arn:aws:iam::{account id}:role/{role name}-specific,allow_d28acd92,allow_d28acd92_combo_2,sts:AssumeRoleWithWebIdentity,arn:aws:iam::{account id}:role/{role name},arn:aws:iam::123456789012:user/alice,{'DateGreaterThan': {'aws:CurrentTime': '2024-01-01T00:00:00Z'}},allow,deny,unsat,False
policy_5_iter_1.json,,/home/bhall2/Documents/fixmypolicy/FL/Experiment-2/temp_validation/val-50-ollamaa/policy_5_iter_1.json,21,deny_c81babfb,Deny,"['sts:TagSession', 'sts:AssumeRoleWithWebIdentity']",forbidden-arn:aws:iam::{account id}:role/{role name}-specific,allow_ad67e7d3,allow_ad67e7d3_combo_1,sts:TagSession,arn:aws:iam::{account id}:role/{role name},arn:aws:iam::{account id}:oidc-provider/gitlab.com,{'StringLike': {'gitlab.com:sub': 'project_path:{redacted}/ref_type:branch:ref'}},allow,deny,unsat,False
policy_5_iter_1.json,,/home/bhall2/Documents/fixmypolicy/FL/Experiment-2/temp_validation/val-50-ollamaa/policy_5_iter_1.json,21,deny_c81babfb,Deny,"['sts:TagSession', 'sts:AssumeRoleWithWebIdentity']",forbidden-arn:aws:iam::{account id}:role/{role name}-specific,allow_ad67e7d3,allow_ad67e7d3_combo_2,sts:AssumeRoleWithWebIdentity,arn:aws:iam::{account id}:role/{role name},arn:aws:iam::{account id}:oidc-provider/gitlab.com,{'StringLike': {'gitlab.com:sub': 'project_path:{redacted}/ref_type:branch:ref'}},allow,deny,unsat,False
policy_5_iter_1.json,,/home/bhall2/Documents/fixmypolicy/FL/Experiment-2/temp_validation/val-50-ollamaa/policy_5_iter_1.json,21,deny_c81babfb,Deny,"['sts:TagSession', 'sts:AssumeRoleWithWebIdentity']",forbidden-arn:aws:iam::{account id}:role/{role name}-specific,deny_51d9c228,deny_51d9c228_combo_1,ec2:RunInstances,arn:aws:iam::{account id}:role/{role name},arn:aws:iam::123456789012:user/alice,{'DateLessThan': {'aws:CurrentTime': '2025-12-31T23:59:59Z'}},deny,deny,unsat,True
policy_5_iter_1.json,,/home/bhall2/Documents/fixmypolicy/FL/Experiment-2/temp_validation/val-50-ollamaa/policy_5_iter_1.json,21,deny_c81babfb,Deny,"['sts:TagSession', 'sts:AssumeRoleWithWebIdentity']",forbidden-arn:aws:iam::{account id}:role/{role name}-specific,deny_c81babfb,deny_c81babfb_combo_1,sts:TagSession,forbidden-arn:aws:iam::{account id}:role/{role name}-specific,arn:aws:iam::{account id}:oidc-provider/forbidden-gitlab.com,{'IpAddress': {'aws:SourceIp': '203.0.113.0/24'}},deny,deny,unsat,True
policy_5_iter_1.json,,/home/bhall2/Documents/fixmypolicy/FL/Experiment-2/temp_validation/val-50-ollamaa/policy_5_iter_1.json,21,deny_c81babfb,Deny,"['sts:TagSession', 'sts:AssumeRoleWithWebIdentity']",forbidden-arn:aws:iam::{account id}:role/{role name}-specific,deny_c81babfb,deny_c81babfb_combo_2,sts:AssumeRoleWithWebIdentity,forbidden-arn:aws:iam::{account id}:role/{role name}-specific,arn:aws:iam::{account id}:oidc-provider/forbidden-gitlab.com,{'IpAddress': {'aws:SourceIp': '203.0.113.0/24'}},deny,deny,unsat,True
policy_5_iter_1.json,,/home/bhall2/Documents/fixmypolicy/FL/Experiment-2/temp_validation/val-50-ollamaa/policy_5_iter_1.json,21,deny_c81babfb,Deny,"['sts:TagSession', 'sts:AssumeRoleWithWebIdentity']",forbidden-arn:aws:iam::{account id}:role/{role name}-specific,deny_d9e1c623,deny_d9e1c623_combo_1,sts:AssumeRoleWithWebIdentity,arn:aws:iam::{account id}:role/{role name}-forbidden-resource,arn:aws:iam::999888777666:oidc-provider/gitlab.com,{'StringEquals': {'aws:RequestedRegion': 'us-east-1'}},deny,deny,unsat,True
policy_5_iter_1.json,,/home/bhall2/Documents/fixmypolicy/FL/Experiment-2/temp_validation/val-50-ollamaa/policy_5_iter_1.json,21,deny_c81babfb,Deny,"['sts:TagSession', 'sts:AssumeRoleWithWebIdentity']",forbidden-arn:aws:iam::{account id}:role/{role name}-specific,deny_eae39e7d,deny_eae39e7d_combo_1,lambda:CreateFunction,arn:aws:iam::{account id}:role/{role name},arn:aws:iam::{account id}:oidc-provider/forbidden-gitlab.com,{'DateLessThan': {'aws:CurrentTime': '2025-12-31T23:59:59Z'}},deny,deny,unsat,True
policy_5_iter_1.json,,/home/bhall2/Documents/fixmypolicy/FL/Experiment-2/temp_validation/val-50-ollamaa/policy_5_iter_1.json,21,deny_c81babfb,Deny,"['sts:TagSession', 'sts:AssumeRoleWithWebIdentity']",forbidden-arn:aws:iam::{account id}:role/{role name}-specific,allow_277adc8e,allow_277adc8e_combo_1,sts:TagSession,arn:aws:iam::{account id}:role/{role name},arn:aws:iam::{account id}:oidc-provider/gitlab.com,{'StringLike': {'gitlab.com:sub': 'project_path:{redacted}/ref_type:branch:ref'}},allow,deny,unsat,False
policy_5_iter_1.json,,/home/bhall2/Documents/fixmypolicy/FL/Experiment-2/temp_validation/val-50-ollamaa/policy_5_iter_1.json,21,deny_c81babfb,Deny,"['sts:TagSession', 'sts:AssumeRoleWithWebIdentity']",forbidden-arn:aws:iam::{account id}:role/{role name}-specific,allow_277adc8e,allow_277adc8e_combo_2,sts:AssumeRoleWithWebIdentity,arn:aws:iam::{account id}:role/{role name},arn:aws:iam::{account id}:oidc-provider/gitlab.com,{'StringLike': {'gitlab.com:sub': 'project_path:{redacted}/ref_type:branch:ref'}},allow,deny,unsat,False
policy_5_iter_1.json,,/home/bhall2/Documents/fixmypolicy/FL/Experiment-2/temp_validation/val-50-ollamaa/policy_5_iter_1.json,21,deny_c81babfb,Deny,"['sts:TagSession', 'sts:AssumeRoleWithWebIdentity']",forbidden-arn:aws:iam::{account id}:role/{role name}-specific,deny_2efa2500,deny_2efa2500_combo_1,sts:TagSession,arn:aws:iam::{account id}:role/{role name}-forbidden-resource,arn:aws:iam::{account id}:oidc-provider/gitlab.com,{'StringLike': {'gitlab.com:sub': 'project_path:{redacted}/*:ref_type:branch:ref:*'}},deny,deny,unsat,True
policy_5_iter_1.json,,/home/bhall2/Documents/fixmypolicy/FL/Experiment-2/temp_validation/val-50-ollamaa/policy_5_iter_1.json,21,deny_c81babfb,Deny,"['sts:TagSession', 'sts:AssumeRoleWithWebIdentity']",forbidden-arn:aws:iam::{account id}:role/{role name}-specific,deny_2efa2500,deny_2efa2500_combo_2,sts:AssumeRoleWithWebIdentity,arn:aws:iam::{account id}:role/{role name}-forbidden-resource,arn:aws:iam::{account id}:oidc-provider/gitlab.com,{'StringLike': {'gitlab.com:sub': 'project_path:{redacted}/*:ref_type:branch:ref:*'}},deny,deny,unsat,True
policy_5_iter_1.json,,/home/bhall2/Documents/fixmypolicy/FL/Experiment-2/temp_validation/val-50-ollamaa/policy_5_iter_1.json,21,deny_c81babfb,Deny,"['sts:TagSession', 'sts:AssumeRoleWithWebIdentity']",forbidden-arn:aws:iam::{account id}:role/{role name}-specific,allow_4b2e6812,allow_4b2e6812_combo_1,sts:TagSession,arn:aws:iam::{account id}:role/{role name},arn:aws:iam::999888777666:oidc-provider/gitlab.com,{'StringEquals': {'aws:RequestedRegion': 'us-west-2'}},allow,deny,unsat,False
policy_5_iter_1.json,,/home/bhall2/Documents/fixmypolicy/FL/Experiment-2/temp_validation/val-50-ollamaa/policy_5_iter_1.json,21,deny_c81babfb,Deny,"['sts:TagSession', 'sts:AssumeRoleWithWebIdentity']",forbidden-arn:aws:iam::{account id}:role/{role name}-specific,allow_4b2e6812,allow_4b2e6812_combo_2,sts:AssumeRoleWithWebIdentity,arn:aws:iam::{account id}:role/{role name},arn:aws:iam::999888777666:oidc-provider/gitlab.com,{'StringEquals': {'aws:RequestedRegion': 'us-west-2'}},allow,deny,unsat,False
policy_5_iter_1.json,,/home/bhall2/Documents/fixmypolicy/FL/Experiment-2/temp_validation/val-50-ollamaa/policy_5_iter_1.json,21,deny_c81babfb,Deny,"['sts:TagSession', 'sts:AssumeRoleWithWebIdentity']",forbidden-arn:aws:iam::{account id}:role/{role name}-specific,deny_2ccddee4,deny_2ccddee4_combo_1,iam:DeleteUser,arn:aws:iam::{account id}:role/{role name},arn:aws:iam::999888777666:oidc-provider/gitlab.com,{'DateLessThan': {'aws:CurrentTime': '2025-12-31T23:59:59Z'}},deny,deny,unsat,True
policy_5_iter_1.json,,/home/bhall2/Documents/fixmypolicy/FL/Experiment-2/temp_validation/val-50-ollamaa/policy_5_iter_1.json,21,deny_c81babfb,Deny,"['sts:TagSession', 'sts:AssumeRoleWithWebIdentity']",forbidden-arn:aws:iam::{account id}:role/{role name}-specific,allow_8d6aad9f,allow_8d6aad9f_combo_1,sts:TagSession,arn:aws:iam::{account id}:role/{role name},arn:aws:iam::{account id}:oidc-provider/gitlab.com,{'StringLike': {'gitlab.com:sub': 'project_path:{redacted}/*:ref_type:branch:ref:*'}},allow,deny,unsat,False
policy_5_iter_1.json,,/home/bhall2/Documents/fixmypolicy/FL/Experiment-2/temp_validation/val-50-ollamaa/policy_5_iter_1.json,21,deny_c81babfb,Deny,"['sts:TagSession', 'sts:AssumeRoleWithWebIdentity']",forbidden-arn:aws:iam::{account id}:role/{role name}-specific,allow_8d6aad9f,allow_8d6aad9f_combo_2,sts:AssumeRoleWithWebIdentity,arn:aws:iam::{account id}:role/{role name},arn:aws:iam::{account id}:oidc-provider/gitlab.com,{'StringLike': {'gitlab.com:sub': 'project_path:{redacted}/*:ref_type:branch:ref:*'}},allow,deny,unsat,False
policy_5_iter_1.json,,/home/bhall2/Documents/fixmypolicy/FL/Experiment-2/temp_validation/val-50-ollamaa/policy_5_iter_1.json,21,deny_c81babfb,Deny,"['sts:TagSession', 'sts:AssumeRoleWithWebIdentity']",forbidden-arn:aws:iam::{account id}:role/{role name}-specific,allow_46828ad7,allow_46828ad7_combo_1,sts:AssumeRoleWithWebIdentity,arn:aws:iam::{account id}:role/{role name},arn:aws:iam::123456789012:user/alice,{'DateGreaterThan': {'aws:CurrentTime': '2024-01-01T00:00:00Z'}},allow,deny,unsat,False
policy_5_iter_1.json,,/home/bhall2/Documents/fixmypolicy/FL/Experiment-2/temp_validation/val-50-ollamaa/policy_5_iter_1.json,21,deny_c81babfb,Deny,"['sts:TagSession', 'sts:AssumeRoleWithWebIdentity']",forbidden-arn:aws:iam::{account id}:role/{role name}-specific,allow_46828ad7,allow_46828ad7_combo_2,sts:TagSession,arn:aws:iam::{account id}:role/{role name},arn:aws:iam::123456789012:user/alice,{'DateGreaterThan': {'aws:CurrentTime': '2024-01-01T00:00:00Z'}},allow,deny,unsat,False
policy_5_iter_1.json,,/home/bhall2/Documents/fixmypolicy/FL/Experiment-2/temp_validation/val-50-ollamaa/policy_5_iter_1.json,21,deny_c81babfb,Deny,"['sts:TagSession', 'sts:AssumeRoleWithWebIdentity']",forbidden-arn:aws:iam::{account id}:role/{role name}-specific,deny_284a8d13,deny_284a8d13_combo_1,lambda:CreateFunction,arn:aws:iam::{account id}:role/{role name},arn:aws:iam::123456789012:user/alice,{'DateLessThan': {'aws:CurrentTime': '2025-12-31T23:59:59Z'}},deny,deny,unsat,True
policy_5_iter_1.json,,/home/bhall2/Documents/fixmypolicy/FL/Experiment-2/temp_validation/val-50-ollamaa/policy_5_iter_1.json,21,deny_c81babfb,Deny,"['sts:TagSession', 'sts:AssumeRoleWithWebIdentity']",forbidden-arn:aws:iam::{account id}:role/{role name}-specific,allow_d296b21a,allow_d296b21a_combo_1,sts:TagSession,arn:aws:iam::{account id}:role/{role name},arn:aws:iam::999888777666:oidc-provider/gitlab.com,{'StringEquals': {'aws:RequestedRegion': 'us-east-1'}},allow,deny,unsat,False
policy_5_iter_1.json,,/home/bhall2/Documents/fixmypolicy/FL/Experiment-2/temp_validation/val-50-ollamaa/policy_5_iter_1.json,21,deny_c81babfb,Deny,"['sts:TagSession', 'sts:AssumeRoleWithWebIdentity']",forbidden-arn:aws:iam::{account id}:role/{role name}-specific,allow_d296b21a,allow_d296b21a_combo_2,sts:AssumeRoleWithWebIdentity,arn:aws:iam::{account id}:role/{role name},arn:aws:iam::999888777666:oidc-provider/gitlab.com,{'StringEquals': {'aws:RequestedRegion': 'us-east-1'}},allow,deny,unsat,False
policy_5_iter_1.json,,/home/bhall2/Documents/fixmypolicy/FL/Experiment-2/temp_validation/val-50-ollamaa/policy_5_iter_1.json,21,deny_c81babfb,Deny,"['sts:TagSession', 'sts:AssumeRoleWithWebIdentity']",forbidden-arn:aws:iam::{account id}:role/{role name}-specific,deny_0f38f412,deny_0f38f412_combo_1,ec2:RunInstances,arn:aws:iam::{account id}:role/{role name},arn:aws:iam::123456789012:user/alice,{'IpAddress': {'aws:SourceIp': '203.0.113.0/24'}},deny,deny,unsat,True
policy_5_iter_1.json,,/home/bhall2/Documents/fixmypolicy/FL/Experiment-2/temp_validation/val-50-ollamaa/policy_5_iter_1.json,21,deny_c81babfb,Deny,"['sts:TagSession', 'sts:AssumeRoleWithWebIdentity']",forbidden-arn:aws:iam::{account id}:role/{role name}-specific,deny_dccafd42,deny_dccafd42_combo_1,sts:TagSession,forbidden-arn:aws:iam::{account id}:role/{role name}-specific,arn:aws:iam::{account id}:oidc-provider/forbidden-gitlab.com,{'DateLessThan': {'aws:CurrentTime': '2025-12-31T23:59:59Z'}},deny,deny,unsat,True
policy_5_iter_1.json,,/home/bhall2/Documents/fixmypolicy/FL/Experiment-2/temp_validation/val-50-ollamaa/policy_5_iter_1.json,21,deny_c81babfb,Deny,"['sts:TagSession', 'sts:AssumeRoleWithWebIdentity']",forbidden-arn:aws:iam::{account id}:role/{role name}-specific,deny_dccafd42,deny_dccafd42_combo_2,sts:AssumeRoleWithWebIdentity,forbidden-arn:aws:iam::{account id}:role/{role name}-specific,arn:aws:iam::{account id}:oidc-provider/forbidden-gitlab.com,{'DateLessThan': {'aws:CurrentTime': '2025-12-31T23:59:59Z'}},deny,deny,unsat,True
policy_5_iter_1.json,,/home/bhall2/Documents/fixmypolicy/FL/Experiment-2/temp_validation/val-50-ollamaa/policy_5_iter_1.json,21,deny_c81babfb,Deny,"['sts:TagSession', 'sts:AssumeRoleWithWebIdentity']",forbidden-arn:aws:iam::{account id}:role/{role name}-specific,allow_b3521fa7,allow_b3521fa7_combo_1,sts:AssumeRoleWithWebIdentity,arn:aws:iam::{account id}:role/{role name},arn:aws:iam::{account id}:oidc-provider/gitlab.com,{'StringLike': {'gitlab.com:sub': 'project_path:{redacted}/*:ref_type:branch:ref:*'}},allow,deny,unsat,False
policy_5_iter_1.json,,/home/bhall2/Documents/fixmypolicy/FL/Experiment-2/temp_validation/val-50-ollamaa/policy_5_iter_1.json,21,deny_c81babfb,Deny,"['sts:TagSession', 'sts:AssumeRoleWithWebIdentity']",forbidden-arn:aws:iam::{account id}:role/{role name}-specific,deny_5cdc410d,deny_5cdc410d_combo_1,sts:AssumeRoleWithWebIdentity,arn:aws:iam::{account id}:role/{role name}-forbidden-resource,arn:aws:iam::999888777666:oidc-provider/gitlab.com,{'DateLessThan': {'aws:CurrentTime': '2025-12-31T23:59:59Z'}},deny,deny,unsat,True
policy_5_iter_1.json,,/home/bhall2/Documents/fixmypolicy/FL/Experiment-2/temp_validation/val-50-ollamaa/policy_5_iter_1.json,21,deny_c81babfb,Deny,"['sts:TagSession', 'sts:AssumeRoleWithWebIdentity']",forbidden-arn:aws:iam::{account id}:role/{role name}-specific,allow_1a3aa330,allow_1a3aa330_combo_1,sts:TagSession,arn:aws:iam::{account id}:role/{role name},arn:aws:iam::{account id}:oidc-provider/gitlab.com,{'StringLike': {'gitlab.com:sub': 'project_path:{redacted}/*:ref_type:branch:ref:*'}},allow,deny,unsat,False
policy_5_iter_1.json,,/home/bhall2/Documents/fixmypolicy/FL/Experiment-2/temp_validation/val-50-ollamaa/policy_5_iter_1.json,21,deny_c81babfb,Deny,"['sts:TagSession', 'sts:AssumeRoleWithWebIdentity']",forbidden-arn:aws:iam::{account id}:role/{role name}-specific,allow_1a3aa330,allow_1a3aa330_combo_2,sts:AssumeRoleWithWebIdentity,arn:aws:iam::{account id}:role/{role name},arn:aws:iam::{account id}:oidc-provider/gitlab.com,{'StringLike': {'gitlab.com:sub': 'project_path:{redacted}/*:ref_type:branch:ref:*'}},allow,deny,unsat,False
policy_5_iter_1.json,,/home/bhall2/Documents/fixmypolicy/FL/Experiment-2/temp_validation/val-50-ollamaa/policy_5_iter_1.json,21,deny_c81babfb,Deny,"['sts:TagSession', 'sts:AssumeRoleWithWebIdentity']",forbidden-arn:aws:iam::{account id}:role/{role name}-specific,deny_8dc7e4d8,deny_8dc7e4d8_combo_1,sts:TagSession,arn:aws:iam::{account id}:role/{role name}-forbidden-resource,arn:aws:iam::{account id}:oidc-provider/gitlab.com,{'StringLike': {'gitlab.com:sub': 'project_path:{redacted}/*:ref_type:branch:ref:*'}},deny,deny,unsat,True
policy_5_iter_1.json,,/home/bhall2/Documents/fixmypolicy/FL/Experiment-2/temp_validation/val-50-ollamaa/policy_5_iter_1.json,21,deny_c81babfb,Deny,"['sts:TagSession', 'sts:AssumeRoleWithWebIdentity']",forbidden-arn:aws:iam::{account id}:role/{role name}-specific,allow_a3073d0d,allow_a3073d0d_combo_1,sts:TagSession,arn:aws:iam::{account id}:role/{role name},arn:aws:iam::{account id}:oidc-provider/gitlab.com,{'StringLike': {'gitlab.com:sub': 'project_path:{redacted}/*:ref_type:branch:ref:*'}},allow,deny,unsat,False
policy_5_iter_1.json,,/home/bhall2/Documents/fixmypolicy/FL/Experiment-2/temp_validation/val-50-ollamaa/policy_5_iter_1.json,21,deny_c81babfb,Deny,"['sts:TagSession', 'sts:AssumeRoleWithWebIdentity']",forbidden-arn:aws:iam::{account id}:role/{role name}-specific,allow_a3073d0d,allow_a3073d0d_combo_2,sts:AssumeRoleWithWebIdentity,arn:aws:iam::{account id}:role/{role name},arn:aws:iam::{account id}:oidc-provider/gitlab.com,{'StringLike': {'gitlab.com:sub': 'project_path:{redacted}/*:ref_type:branch:ref:*'}},allow,deny,unsat,False
policy_5_iter_1.json,,/home/bhall2/Documents/fixmypolicy/FL/Experiment-2/temp_validation/val-50-ollamaa/policy_5_iter_1.json,21,deny_c81babfb,Deny,"['sts:TagSession', 'sts:AssumeRoleWithWebIdentity']",forbidden-arn:aws:iam::{account id}:role/{role name}-specific,allow_39a49474,allow_39a49474_combo_1,sts:AssumeRoleWithWebIdentity,arn:aws:iam::{account id}:role/{role name},arn:aws:iam::{account id}:oidc-provider/gitlab.com,{'StringLike': {'gitlab.com:sub': 'project_path:{redacted}/*:ref_type:branch:ref:*'}},allow,deny,unsat,False
policy_5_iter_1.json,,/home/bhall2/Documents/fixmypolicy/FL/Experiment-2/temp_validation/val-50-ollamaa/policy_5_iter_1.json,21,deny_c81babfb,Deny,"['sts:TagSession', 'sts:AssumeRoleWithWebIdentity']",forbidden-arn:aws:iam::{account id}:role/{role name}-specific,allow_39a49474,allow_39a49474_combo_2,sts:TagSession,arn:aws:iam::{account id}:role/{role name},arn:aws:iam::{account id}:oidc-provider/gitlab.com,{'StringLike': {'gitlab.com:sub': 'project_path:{redacted}/*:ref_type:branch:ref:*'}},allow,deny,unsat,False
policy_5_iter_1.json,,/home/bhall2/Documents/fixmypolicy/FL/Experiment-2/temp_validation/val-50-ollamaa/policy_5_iter_1.json,21,deny_c81babfb,Deny,"['sts:TagSession', 'sts:AssumeRoleWithWebIdentity']",forbidden-arn:aws:iam::{account id}:role/{role name}-specific,deny_b2a7386a,deny_b2a7386a_combo_1,iam:DeleteUser,arn:aws:iam::{account id}:role/{role name},arn:aws:iam::999888777666:oidc-provider/gitlab.com,{'StringEquals': {'aws:RequestedRegion': 'us-west-2'}},deny,deny,unsat,True
policy_5_iter_1.json,,/home/bhall2/Documents/fixmypolicy/FL/Experiment-2/temp_validation/val-50-ollamaa/policy_5_iter_1.json,21,deny_c81babfb,Deny,"['sts:TagSession', 'sts:AssumeRoleWithWebIdentity']",forbidden-arn:aws:iam::{account id}:role/{role name}-specific,deny_200cd3bf,deny_200cd3bf_combo_1,sts:AssumeRoleWithWebIdentity,arn:aws:iam::{account id}:role/{role name}-forbidden-resource,arn:aws:iam::123456789012:user/alice,{'StringEquals': {'aws:RequestedRegion': 'us-east-1'}},deny,deny,unsat,True
policy_5_iter_1.json,,/home/bhall2/Documents/fixmypolicy/FL/Experiment-2/temp_validation/val-50-ollamaa/policy_5_iter_1.json,21,deny_c81babfb,Deny,"['sts:TagSession', 'sts:AssumeRoleWithWebIdentity']",forbidden-arn:aws:iam::{account id}:role/{role name}-specific,allow_9e959d67,allow_9e959d67_combo_1,sts:TagSession,arn:aws:iam::{account id}:role/{role name},arn:aws:iam::{account id}:oidc-provider/gitlab.com,{'StringLike': {'gitlab.com:sub': 'project_path:{redacted}/*:ref_type:branch:ref:*'}},allow,deny,unsat,False
policy_5_iter_1.json,,/home/bhall2/Documents/fixmypolicy/FL/Experiment-2/temp_validation/val-50-ollamaa/policy_5_iter_1.json,21,deny_c81babfb,Deny,"['sts:TagSession', 'sts:AssumeRoleWithWebIdentity']",forbidden-arn:aws:iam::{account id}:role/{role name}-specific,allow_8b2a35e8,allow_8b2a35e8_combo_1,sts:TagSession,arn:aws:iam::{account id}:role/{role name},arn:aws:iam::123456789012:user/alice,{'StringEquals': {'aws:RequestedRegion': 'us-east-1'}},allow,deny,unsat,False
policy_5_iter_1.json,,/home/bhall2/Documents/fixmypolicy/FL/Experiment-2/temp_validation/val-50-ollamaa/policy_5_iter_1.json,21,deny_c81babfb,Deny,"['sts:TagSession', 'sts:AssumeRoleWithWebIdentity']",forbidden-arn:aws:iam::{account id}:role/{role name}-specific,allow_a7f5ef81,allow_a7f5ef81_combo_1,sts:TagSession,arn:aws:iam::{account id}:role/{role name},arn:aws:iam::{account id}:oidc-provider/gitlab.com,{'StringLike': {'gitlab.com:sub': 'project_path:{redacted}/*:ref_type:branch:ref:*'}},allow,deny,unsat,False
policy_5_iter_1.json,,/home/bhall2/Documents/fixmypolicy/FL/Experiment-2/temp_validation/val-50-ollamaa/policy_5_iter_1.json,21,deny_c81babfb,Deny,"['sts:TagSession', 'sts:AssumeRoleWithWebIdentity']",forbidden-arn:aws:iam::{account id}:role/{role name}-specific,deny_a61a5c77,deny_a61a5c77_combo_1,ec2:DescribeInstances,arn:aws:iam::{account id}:role/{role name},arn:aws:iam::{account id}:oidc-provider/forbidden-gitlab.com,{'IpAddress': {'aws:SourceIp': '203.0.113.0/24'}},deny,deny,unsat,True
policy_5_iter_1.json,,/home/bhall2/Documents/fixmypolicy/FL/Experiment-2/temp_validation/val-50-ollamaa/policy_5_iter_1.json,21,deny_c81babfb,Deny,"['sts:TagSession', 'sts:AssumeRoleWithWebIdentity']",forbidden-arn:aws:iam::{account id}:role/{role name}-specific,allow_8fe72846,allow_8fe72846_combo_1,sts:AssumeRoleWithWebIdentity,arn:aws:iam::{account id}:role/{role name},arn:aws:iam::{account id}:oidc-provider/gitlab.com,{'StringLike': {'gitlab.com:sub': 'project_path:{redacted}/*:ref_type:branch:ref:*'}},allow,deny,unsat,False
policy_5_iter_1.json,,/home/bhall2/Documents/fixmypolicy/FL/Experiment-2/temp_validation/val-50-ollamaa/policy_5_iter_1.json,21,deny_c81babfb,Deny,"['sts:TagSession', 'sts:AssumeRoleWithWebIdentity']",forbidden-arn:aws:iam::{account id}:role/{role name}-specific,allow_8fe72846,allow_8fe72846_combo_2,sts:TagSession,arn:aws:iam::{account id}:role/{role name},arn:aws:iam::{account id}:oidc-provider/gitlab.com,{'StringLike': {'gitlab.com:sub': 'project_path:{redacted}/*:ref_type:branch:ref:*'}},allow,deny,unsat,False
policy_5_iter_1.json,,/home/bhall2/Documents/fixmypolicy/FL/Experiment-2/temp_validation/val-50-ollamaa/policy_5_iter_1.json,21,deny_c81babfb,Deny,"['sts:TagSession', 'sts:AssumeRoleWithWebIdentity']",forbidden-arn:aws:iam::{account id}:role/{role name}-specific,allow_b9703ac8,allow_b9703ac8_combo_1,sts:AssumeRoleWithWebIdentity,arn:aws:iam::{account id}:role/{role name},arn:aws:iam::{account id}:oidc-provider/gitlab.com,{'StringLike': {'gitlab.com:sub': 'project_path:{redacted}/*:ref_type:branch:ref:*'}},allow,deny,unsat,False
policy_5_iter_1.json,,/home/bhall2/Documents/fixmypolicy/FL/Experiment-2/temp_validation/val-50-ollamaa/policy_5_iter_1.json,21,deny_c81babfb,Deny,"['sts:TagSession', 'sts:AssumeRoleWithWebIdentity']",forbidden-arn:aws:iam::{account id}:role/{role name}-specific,allow_b9703ac8,allow_b9703ac8_combo_2,sts:TagSession,arn:aws:iam::{account id}:role/{role name},arn:aws:iam::{account id}:oidc-provider/gitlab.com,{'StringLike': {'gitlab.com:sub': 'project_path:{redacted}/*:ref_type:branch:ref:*'}},allow,deny,unsat,False
policy_5_iter_1.json,,/home/bhall2/Documents/fixmypolicy/FL/Experiment-2/temp_validation/val-50-ollamaa/policy_5_iter_1.json,21,deny_c81babfb,Deny,"['sts:TagSession', 'sts:AssumeRoleWithWebIdentity']",forbidden-arn:aws:iam::{account id}:role/{role name}-specific,deny_fda03fc6,deny_fda03fc6_combo_1,sts:AssumeRoleWithWebIdentity,arn:aws:iam::{account id}:role/{role name}-forbidden-resource,arn:aws:iam::{account id}:oidc-provider/gitlab.com,{'StringLike': {'gitlab.com:sub': 'project_path:{redacted}/*:ref_type:branch:ref:*'}},deny,deny,unsat,True
policy_5_iter_1.json,,/home/bhall2/Documents/fixmypolicy/FL/Experiment-2/temp_validation/val-50-ollamaa/policy_5_iter_1.json,21,deny_c81babfb,Deny,"['sts:TagSession', 'sts:AssumeRoleWithWebIdentity']",forbidden-arn:aws:iam::{account id}:role/{role name}-specific,deny_fda03fc6,deny_fda03fc6_combo_2,sts:TagSession,arn:aws:iam::{account id}:role/{role name}-forbidden-resource,arn:aws:iam::{account id}:oidc-provider/gitlab.com,{'StringLike': {'gitlab.com:sub': 'project_path:{redacted}/*:ref_type:branch:ref:*'}},deny,deny,unsat,True
policy_5_iter_1.json,,/home/bhall2/Documents/fixmypolicy/FL/Experiment-2/temp_validation/val-50-ollamaa/policy_5_iter_1.json,22,deny_d9e1c623,Deny,['sts:AssumeRoleWithWebIdentity'],arn:aws:iam::{account id}:role/{role name}-forbidden-resource,allow_a8fd7ef6,allow_a8fd7ef6_combo_1,sts:AssumeRoleWithWebIdentity,arn:aws:iam::{account id}:role/{role name},arn:aws:iam::{account id}:oidc-provider/gitlab.com,{'StringLike': {'gitlab.com:sub': 'project_path:{redacted}/*:ref_type:branch:ref:*'}},allow,deny,unsat,False
policy_5_iter_1.json,,/home/bhall2/Documents/fixmypolicy/FL/Experiment-2/temp_validation/val-50-ollamaa/policy_5_iter_1.json,22,deny_d9e1c623,Deny,['sts:AssumeRoleWithWebIdentity'],arn:aws:iam::{account id}:role/{role name}-forbidden-resource,allow_e641a090,allow_e641a090_combo_1,sts:AssumeRoleWithWebIdentity,arn:aws:iam::{account id}:role/{role name},arn:aws:iam::{account id}:oidc-provider/gitlab.com,{'StringLike': {'gitlab.com:sub': 'project_path:{redacted}/*:ref_type:branch:ref:*'}},allow,deny,unsat,False
policy_5_iter_1.json,,/home/bhall2/Documents/fixmypolicy/FL/Experiment-2/temp_validation/val-50-ollamaa/policy_5_iter_1.json,22,deny_d9e1c623,Deny,['sts:AssumeRoleWithWebIdentity'],arn:aws:iam::{account id}:role/{role name}-forbidden-resource,deny_f13ef671,deny_f13ef671_combo_1,iam:CreateUser,arn:aws:iam::{account id}:role/{role name},arn:aws:iam::123456789012:user/alice,{'DateLessThan': {'aws:CurrentTime': '2025-12-31T23:59:59Z'}},deny,deny,unsat,True
policy_5_iter_1.json,,/home/bhall2/Documents/fixmypolicy/FL/Experiment-2/temp_validation/val-50-ollamaa/policy_5_iter_1.json,22,deny_d9e1c623,Deny,['sts:AssumeRoleWithWebIdentity'],arn:aws:iam::{account id}:role/{role name}-forbidden-resource,allow_d28acd92,allow_d28acd92_combo_1,sts:TagSession,arn:aws:iam::{account id}:role/{role name},arn:aws:iam::123456789012:user/alice,{'DateGreaterThan': {'aws:CurrentTime': '2024-01-01T00:00:00Z'}},allow,deny,unsat,False
policy_5_iter_1.json,,/home/bhall2/Documents/fixmypolicy/FL/Experiment-2/temp_validation/val-50-ollamaa/policy_5_iter_1.json,22,deny_d9e1c623,Deny,['sts:AssumeRoleWithWebIdentity'],arn:aws:iam::{account id}:role/{role name}-forbidden-resource,allow_d28acd92,allow_d28acd92_combo_2,sts:AssumeRoleWithWebIdentity,arn:aws:iam::{account id}:role/{role name},arn:aws:iam::123456789012:user/alice,{'DateGreaterThan': {'aws:CurrentTime': '2024-01-01T00:00:00Z'}},allow,deny,unsat,False
policy_5_iter_1.json,,/home/bhall2/Documents/fixmypolicy/FL/Experiment-2/temp_validation/val-50-ollamaa/policy_5_iter_1.json,22,deny_d9e1c623,Deny,['sts:AssumeRoleWithWebIdentity'],arn:aws:iam::{account id}:role/{role name}-forbidden-resource,allow_ad67e7d3,allow_ad67e7d3_combo_1,sts:TagSession,arn:aws:iam::{account id}:role/{role name},arn:aws:iam::{account id}:oidc-provider/gitlab.com,{'StringLike': {'gitlab.com:sub': 'project_path:{redacted}/ref_type:branch:ref'}},allow,deny,unsat,False
policy_5_iter_1.json,,/home/bhall2/Documents/fixmypolicy/FL/Experiment-2/temp_validation/val-50-ollamaa/policy_5_iter_1.json,22,deny_d9e1c623,Deny,['sts:AssumeRoleWithWebIdentity'],arn:aws:iam::{account id}:role/{role name}-forbidden-resource,allow_ad67e7d3,allow_ad67e7d3_combo_2,sts:AssumeRoleWithWebIdentity,arn:aws:iam::{account id}:role/{role name},arn:aws:iam::{account id}:oidc-provider/gitlab.com,{'StringLike': {'gitlab.com:sub': 'project_path:{redacted}/ref_type:branch:ref'}},allow,deny,unsat,False
policy_5_iter_1.json,,/home/bhall2/Documents/fixmypolicy/FL/Experiment-2/temp_validation/val-50-ollamaa/policy_5_iter_1.json,22,deny_d9e1c623,Deny,['sts:AssumeRoleWithWebIdentity'],arn:aws:iam::{account id}:role/{role name}-forbidden-resource,deny_51d9c228,deny_51d9c228_combo_1,ec2:RunInstances,arn:aws:iam::{account id}:role/{role name},arn:aws:iam::123456789012:user/alice,{'DateLessThan': {'aws:CurrentTime': '2025-12-31T23:59:59Z'}},deny,deny,unsat,True
policy_5_iter_1.json,,/home/bhall2/Documents/fixmypolicy/FL/Experiment-2/temp_validation/val-50-ollamaa/policy_5_iter_1.json,22,deny_d9e1c623,Deny,['sts:AssumeRoleWithWebIdentity'],arn:aws:iam::{account id}:role/{role name}-forbidden-resource,deny_c81babfb,deny_c81babfb_combo_1,sts:TagSession,forbidden-arn:aws:iam::{account id}:role/{role name}-specific,arn:aws:iam::{account id}:oidc-provider/forbidden-gitlab.com,{'IpAddress': {'aws:SourceIp': '203.0.113.0/24'}},deny,deny,unsat,True
policy_5_iter_1.json,,/home/bhall2/Documents/fixmypolicy/FL/Experiment-2/temp_validation/val-50-ollamaa/policy_5_iter_1.json,22,deny_d9e1c623,Deny,['sts:AssumeRoleWithWebIdentity'],arn:aws:iam::{account id}:role/{role name}-forbidden-resource,deny_c81babfb,deny_c81babfb_combo_2,sts:AssumeRoleWithWebIdentity,forbidden-arn:aws:iam::{account id}:role/{role name}-specific,arn:aws:iam::{account id}:oidc-provider/forbidden-gitlab.com,{'IpAddress': {'aws:SourceIp': '203.0.113.0/24'}},deny,deny,unsat,True
policy_5_iter_1.json,,/home/bhall2/Documents/fixmypolicy/FL/Experiment-2/temp_validation/val-50-ollamaa/policy_5_iter_1.json,22,deny_d9e1c623,Deny,['sts:AssumeRoleWithWebIdentity'],arn:aws:iam::{account id}:role/{role name}-forbidden-resource,deny_d9e1c623,deny_d9e1c623_combo_1,sts:AssumeRoleWithWebIdentity,arn:aws:iam::{account id}:role/{role name}-forbidden-resource,arn:aws:iam::999888777666:oidc-provider/gitlab.com,{'StringEquals': {'aws:RequestedRegion': 'us-east-1'}},deny,deny,unsat,True
policy_5_iter_1.json,,/home/bhall2/Documents/fixmypolicy/FL/Experiment-2/temp_validation/val-50-ollamaa/policy_5_iter_1.json,22,deny_d9e1c623,Deny,['sts:AssumeRoleWithWebIdentity'],arn:aws:iam::{account id}:role/{role name}-forbidden-resource,deny_eae39e7d,deny_eae39e7d_combo_1,lambda:CreateFunction,arn:aws:iam::{account id}:role/{role name},arn:aws:iam::{account id}:oidc-provider/forbidden-gitlab.com,{'DateLessThan': {'aws:CurrentTime': '2025-12-31T23:59:59Z'}},deny,deny,unsat,True
policy_5_iter_1.json,,/home/bhall2/Documents/fixmypolicy/FL/Experiment-2/temp_validation/val-50-ollamaa/policy_5_iter_1.json,22,deny_d9e1c623,Deny,['sts:AssumeRoleWithWebIdentity'],arn:aws:iam::{account id}:role/{role name}-forbidden-resource,allow_277adc8e,allow_277adc8e_combo_1,sts:TagSession,arn:aws:iam::{account id}:role/{role name},arn:aws:iam::{account id}:oidc-provider/gitlab.com,{'StringLike': {'gitlab.com:sub': 'project_path:{redacted}/ref_type:branch:ref'}},allow,deny,unsat,False
policy_5_iter_1.json,,/home/bhall2/Documents/fixmypolicy/FL/Experiment-2/temp_validation/val-50-ollamaa/policy_5_iter_1.json,22,deny_d9e1c623,Deny,['sts:AssumeRoleWithWebIdentity'],arn:aws:iam::{account id}:role/{role name}-forbidden-resource,allow_277adc8e,allow_277adc8e_combo_2,sts:AssumeRoleWithWebIdentity,arn:aws:iam::{account id}:role/{role name},arn:aws:iam::{account id}:oidc-provider/gitlab.com,{'StringLike': {'gitlab.com:sub': 'project_path:{redacted}/ref_type:branch:ref'}},allow,deny,unsat,False
policy_5_iter_1.json,,/home/bhall2/Documents/fixmypolicy/FL/Experiment-2/temp_validation/val-50-ollamaa/policy_5_iter_1.json,22,deny_d9e1c623,Deny,['sts:AssumeRoleWithWebIdentity'],arn:aws:iam::{account id}:role/{role name}-forbidden-resource,deny_2efa2500,deny_2efa2500_combo_1,sts:TagSession,arn:aws:iam::{account id}:role/{role name}-forbidden-resource,arn:aws:iam::{account id}:oidc-provider/gitlab.com,{'StringLike': {'gitlab.com:sub': 'project_path:{redacted}/*:ref_type:branch:ref:*'}},deny,deny,unsat,True
policy_5_iter_1.json,,/home/bhall2/Documents/fixmypolicy/FL/Experiment-2/temp_validation/val-50-ollamaa/policy_5_iter_1.json,22,deny_d9e1c623,Deny,['sts:AssumeRoleWithWebIdentity'],arn:aws:iam::{account id}:role/{role name}-forbidden-resource,deny_2efa2500,deny_2efa2500_combo_2,sts:AssumeRoleWithWebIdentity,arn:aws:iam::{account id}:role/{role name}-forbidden-resource,arn:aws:iam::{account id}:oidc-provider/gitlab.com,{'StringLike': {'gitlab.com:sub': 'project_path:{redacted}/*:ref_type:branch:ref:*'}},deny,deny,unsat,True
policy_5_iter_1.json,,/home/bhall2/Documents/fixmypolicy/FL/Experiment-2/temp_validation/val-50-ollamaa/policy_5_iter_1.json,22,deny_d9e1c623,Deny,['sts:AssumeRoleWithWebIdentity'],arn:aws:iam::{account id}:role/{role name}-forbidden-resource,allow_4b2e6812,allow_4b2e6812_combo_1,sts:TagSession,arn:aws:iam::{account id}:role/{role name},arn:aws:iam::999888777666:oidc-provider/gitlab.com,{'StringEquals': {'aws:RequestedRegion': 'us-west-2'}},allow,deny,unsat,False
policy_5_iter_1.json,,/home/bhall2/Documents/fixmypolicy/FL/Experiment-2/temp_validation/val-50-ollamaa/policy_5_iter_1.json,22,deny_d9e1c623,Deny,['sts:AssumeRoleWithWebIdentity'],arn:aws:iam::{account id}:role/{role name}-forbidden-resource,allow_4b2e6812,allow_4b2e6812_combo_2,sts:AssumeRoleWithWebIdentity,arn:aws:iam::{account id}:role/{role name},arn:aws:iam::999888777666:oidc-provider/gitlab.com,{'StringEquals': {'aws:RequestedRegion': 'us-west-2'}},allow,deny,unsat,False
policy_5_iter_1.json,,/home/bhall2/Documents/fixmypolicy/FL/Experiment-2/temp_validation/val-50-ollamaa/policy_5_iter_1.json,22,deny_d9e1c623,Deny,['sts:AssumeRoleWithWebIdentity'],arn:aws:iam::{account id}:role/{role name}-forbidden-resource,deny_2ccddee4,deny_2ccddee4_combo_1,iam:DeleteUser,arn:aws:iam::{account id}:role/{role name},arn:aws:iam::999888777666:oidc-provider/gitlab.com,{'DateLessThan': {'aws:CurrentTime': '2025-12-31T23:59:59Z'}},deny,deny,unsat,True
policy_5_iter_1.json,,/home/bhall2/Documents/fixmypolicy/FL/Experiment-2/temp_validation/val-50-ollamaa/policy_5_iter_1.json,22,deny_d9e1c623,Deny,['sts:AssumeRoleWithWebIdentity'],arn:aws:iam::{account id}:role/{role name}-forbidden-resource,allow_8d6aad9f,allow_8d6aad9f_combo_1,sts:TagSession,arn:aws:iam::{account id}:role/{role name},arn:aws:iam::{account id}:oidc-provider/gitlab.com,{'StringLike': {'gitlab.com:sub': 'project_path:{redacted}/*:ref_type:branch:ref:*'}},allow,deny,unsat,False
policy_5_iter_1.json,,/home/bhall2/Documents/fixmypolicy/FL/Experiment-2/temp_validation/val-50-ollamaa/policy_5_iter_1.json,22,deny_d9e1c623,Deny,['sts:AssumeRoleWithWebIdentity'],arn:aws:iam::{account id}:role/{role name}-forbidden-resource,allow_8d6aad9f,allow_8d6aad9f_combo_2,sts:AssumeRoleWithWebIdentity,arn:aws:iam::{account id}:role/{role name},arn:aws:iam::{account id}:oidc-provider/gitlab.com,{'StringLike': {'gitlab.com:sub': 'project_path:{redacted}/*:ref_type:branch:ref:*'}},allow,deny,unsat,False
policy_5_iter_1.json,,/home/bhall2/Documents/fixmypolicy/FL/Experiment-2/temp_validation/val-50-ollamaa/policy_5_iter_1.json,22,deny_d9e1c623,Deny,['sts:AssumeRoleWithWebIdentity'],arn:aws:iam::{account id}:role/{role name}-forbidden-resource,allow_46828ad7,allow_46828ad7_combo_1,sts:AssumeRoleWithWebIdentity,arn:aws:iam::{account id}:role/{role name},arn:aws:iam::123456789012:user/alice,{'DateGreaterThan': {'aws:CurrentTime': '2024-01-01T00:00:00Z'}},allow,deny,unsat,False
policy_5_iter_1.json,,/home/bhall2/Documents/fixmypolicy/FL/Experiment-2/temp_validation/val-50-ollamaa/policy_5_iter_1.json,22,deny_d9e1c623,Deny,['sts:AssumeRoleWithWebIdentity'],arn:aws:iam::{account id}:role/{role name}-forbidden-resource,allow_46828ad7,allow_46828ad7_combo_2,sts:TagSession,arn:aws:iam::{account id}:role/{role name},arn:aws:iam::123456789012:user/alice,{'DateGreaterThan': {'aws:CurrentTime': '2024-01-01T00:00:00Z'}},allow,deny,unsat,False
policy_5_iter_1.json,,/home/bhall2/Documents/fixmypolicy/FL/Experiment-2/temp_validation/val-50-ollamaa/policy_5_iter_1.json,22,deny_d9e1c623,Deny,['sts:AssumeRoleWithWebIdentity'],arn:aws:iam::{account id}:role/{role name}-forbidden-resource,deny_284a8d13,deny_284a8d13_combo_1,lambda:CreateFunction,arn:aws:iam::{account id}:role/{role name},arn:aws:iam::123456789012:user/alice,{'DateLessThan': {'aws:CurrentTime': '2025-12-31T23:59:59Z'}},deny,deny,unsat,True
policy_5_iter_1.json,,/home/bhall2/Documents/fixmypolicy/FL/Experiment-2/temp_validation/val-50-ollamaa/policy_5_iter_1.json,22,deny_d9e1c623,Deny,['sts:AssumeRoleWithWebIdentity'],arn:aws:iam::{account id}:role/{role name}-forbidden-resource,allow_d296b21a,allow_d296b21a_combo_1,sts:TagSession,arn:aws:iam::{account id}:role/{role name},arn:aws:iam::999888777666:oidc-provider/gitlab.com,{'StringEquals': {'aws:RequestedRegion': 'us-east-1'}},allow,deny,unsat,False
policy_5_iter_1.json,,/home/bhall2/Documents/fixmypolicy/FL/Experiment-2/temp_validation/val-50-ollamaa/policy_5_iter_1.json,22,deny_d9e1c623,Deny,['sts:AssumeRoleWithWebIdentity'],arn:aws:iam::{account id}:role/{role name}-forbidden-resource,allow_d296b21a,allow_d296b21a_combo_2,sts:AssumeRoleWithWebIdentity,arn:aws:iam::{account id}:role/{role name},arn:aws:iam::999888777666:oidc-provider/gitlab.com,{'StringEquals': {'aws:RequestedRegion': 'us-east-1'}},allow,deny,unsat,False
policy_5_iter_1.json,,/home/bhall2/Documents/fixmypolicy/FL/Experiment-2/temp_validation/val-50-ollamaa/policy_5_iter_1.json,22,deny_d9e1c623,Deny,['sts:AssumeRoleWithWebIdentity'],arn:aws:iam::{account id}:role/{role name}-forbidden-resource,deny_0f38f412,deny_0f38f412_combo_1,ec2:RunInstances,arn:aws:iam::{account id}:role/{role name},arn:aws:iam::123456789012:user/alice,{'IpAddress': {'aws:SourceIp': '203.0.113.0/24'}},deny,deny,unsat,True
policy_5_iter_1.json,,/home/bhall2/Documents/fixmypolicy/FL/Experiment-2/temp_validation/val-50-ollamaa/policy_5_iter_1.json,22,deny_d9e1c623,Deny,['sts:AssumeRoleWithWebIdentity'],arn:aws:iam::{account id}:role/{role name}-forbidden-resource,deny_dccafd42,deny_dccafd42_combo_1,sts:TagSession,forbidden-arn:aws:iam::{account id}:role/{role name}-specific,arn:aws:iam::{account id}:oidc-provider/forbidden-gitlab.com,{'DateLessThan': {'aws:CurrentTime': '2025-12-31T23:59:59Z'}},deny,deny,unsat,True
policy_5_iter_1.json,,/home/bhall2/Documents/fixmypolicy/FL/Experiment-2/temp_validation/val-50-ollamaa/policy_5_iter_1.json,22,deny_d9e1c623,Deny,['sts:AssumeRoleWithWebIdentity'],arn:aws:iam::{account id}:role/{role name}-forbidden-resource,deny_dccafd42,deny_dccafd42_combo_2,sts:AssumeRoleWithWebIdentity,forbidden-arn:aws:iam::{account id}:role/{role name}-specific,arn:aws:iam::{account id}:oidc-provider/forbidden-gitlab.com,{'DateLessThan': {'aws:CurrentTime': '2025-12-31T23:59:59Z'}},deny,deny,unsat,True
policy_5_iter_1.json,,/home/bhall2/Documents/fixmypolicy/FL/Experiment-2/temp_validation/val-50-ollamaa/policy_5_iter_1.json,22,deny_d9e1c623,Deny,['sts:AssumeRoleWithWebIdentity'],arn:aws:iam::{account id}:role/{role name}-forbidden-resource,allow_b3521fa7,allow_b3521fa7_combo_1,sts:AssumeRoleWithWebIdentity,arn:aws:iam::{account id}:role/{role name},arn:aws:iam::{account id}:oidc-provider/gitlab.com,{'StringLike': {'gitlab.com:sub': 'project_path:{redacted}/*:ref_type:branch:ref:*'}},allow,deny,unsat,False
policy_5_iter_1.json,,/home/bhall2/Documents/fixmypolicy/FL/Experiment-2/temp_validation/val-50-ollamaa/policy_5_iter_1.json,22,deny_d9e1c623,Deny,['sts:AssumeRoleWithWebIdentity'],arn:aws:iam::{account id}:role/{role name}-forbidden-resource,deny_5cdc410d,deny_5cdc410d_combo_1,sts:AssumeRoleWithWebIdentity,arn:aws:iam::{account id}:role/{role name}-forbidden-resource,arn:aws:iam::999888777666:oidc-provider/gitlab.com,{'DateLessThan': {'aws:CurrentTime': '2025-12-31T23:59:59Z'}},deny,deny,unsat,True
policy_5_iter_1.json,,/home/bhall2/Documents/fixmypolicy/FL/Experiment-2/temp_validation/val-50-ollamaa/policy_5_iter_1.json,22,deny_d9e1c623,Deny,['sts:AssumeRoleWithWebIdentity'],arn:aws:iam::{account id}:role/{role name}-forbidden-resource,allow_1a3aa330,allow_1a3aa330_combo_1,sts:TagSession,arn:aws:iam::{account id}:role/{role name},arn:aws:iam::{account id}:oidc-provider/gitlab.com,{'StringLike': {'gitlab.com:sub': 'project_path:{redacted}/*:ref_type:branch:ref:*'}},allow,deny,unsat,False
policy_5_iter_1.json,,/home/bhall2/Documents/fixmypolicy/FL/Experiment-2/temp_validation/val-50-ollamaa/policy_5_iter_1.json,22,deny_d9e1c623,Deny,['sts:AssumeRoleWithWebIdentity'],arn:aws:iam::{account id}:role/{role name}-forbidden-resource,allow_1a3aa330,allow_1a3aa330_combo_2,sts:AssumeRoleWithWebIdentity,arn:aws:iam::{account id}:role/{role name},arn:aws:iam::{account id}:oidc-provider/gitlab.com,{'StringLike': {'gitlab.com:sub': 'project_path:{redacted}/*:ref_type:branch:ref:*'}},allow,deny,unsat,False
policy_5_iter_1.json,,/home/bhall2/Documents/fixmypolicy/FL/Experiment-2/temp_validation/val-50-ollamaa/policy_5_iter_1.json,22,deny_d9e1c623,Deny,['sts:AssumeRoleWithWebIdentity'],arn:aws:iam::{account id}:role/{role name}-forbidden-resource,deny_8dc7e4d8,deny_8dc7e4d8_combo_1,sts:TagSession,arn:aws:iam::{account id}:role/{role name}-forbidden-resource,arn:aws:iam::{account id}:oidc-provider/gitlab.com,{'StringLike': {'gitlab.com:sub': 'project_path:{redacted}/*:ref_type:branch:ref:*'}},deny,deny,unsat,True
policy_5_iter_1.json,,/home/bhall2/Documents/fixmypolicy/FL/Experiment-2/temp_validation/val-50-ollamaa/policy_5_iter_1.json,22,deny_d9e1c623,Deny,['sts:AssumeRoleWithWebIdentity'],arn:aws:iam::{account id}:role/{role name}-forbidden-resource,allow_a3073d0d,allow_a3073d0d_combo_1,sts:TagSession,arn:aws:iam::{account id}:role/{role name},arn:aws:iam::{account id}:oidc-provider/gitlab.com,{'StringLike': {'gitlab.com:sub': 'project_path:{redacted}/*:ref_type:branch:ref:*'}},allow,deny,unsat,False
policy_5_iter_1.json,,/home/bhall2/Documents/fixmypolicy/FL/Experiment-2/temp_validation/val-50-ollamaa/policy_5_iter_1.json,22,deny_d9e1c623,Deny,['sts:AssumeRoleWithWebIdentity'],arn:aws:iam::{account id}:role/{role name}-forbidden-resource,allow_a3073d0d,allow_a3073d0d_combo_2,sts:AssumeRoleWithWebIdentity,arn:aws:iam::{account id}:role/{role name},arn:aws:iam::{account id}:oidc-provider/gitlab.com,{'StringLike': {'gitlab.com:sub': 'project_path:{redacted}/*:ref_type:branch:ref:*'}},allow,deny,unsat,False
policy_5_iter_1.json,,/home/bhall2/Documents/fixmypolicy/FL/Experiment-2/temp_validation/val-50-ollamaa/policy_5_iter_1.json,22,deny_d9e1c623,Deny,['sts:AssumeRoleWithWebIdentity'],arn:aws:iam::{account id}:role/{role name}-forbidden-resource,allow_39a49474,allow_39a49474_combo_1,sts:AssumeRoleWithWebIdentity,arn:aws:iam::{account id}:role/{role name},arn:aws:iam::{account id}:oidc-provider/gitlab.com,{'StringLike': {'gitlab.com:sub': 'project_path:{redacted}/*:ref_type:branch:ref:*'}},allow,deny,unsat,False
policy_5_iter_1.json,,/home/bhall2/Documents/fixmypolicy/FL/Experiment-2/temp_validation/val-50-ollamaa/policy_5_iter_1.json,22,deny_d9e1c623,Deny,['sts:AssumeRoleWithWebIdentity'],arn:aws:iam::{account id}:role/{role name}-forbidden-resource,allow_39a49474,allow_39a49474_combo_2,sts:TagSession,arn:aws:iam::{account id}:role/{role name},arn:aws:iam::{account id}:oidc-provider/gitlab.com,{'StringLike': {'gitlab.com:sub': 'project_path:{redacted}/*:ref_type:branch:ref:*'}},allow,deny,unsat,False
policy_5_iter_1.json,,/home/bhall2/Documents/fixmypolicy/FL/Experiment-2/temp_validation/val-50-ollamaa/policy_5_iter_1.json,22,deny_d9e1c623,Deny,['sts:AssumeRoleWithWebIdentity'],arn:aws:iam::{account id}:role/{role name}-forbidden-resource,deny_b2a7386a,deny_b2a7386a_combo_1,iam:DeleteUser,arn:aws:iam::{account id}:role/{role name},arn:aws:iam::999888777666:oidc-provider/gitlab.com,{'StringEquals': {'aws:RequestedRegion': 'us-west-2'}},deny,deny,unsat,True
policy_5_iter_1.json,,/home/bhall2/Documents/fixmypolicy/FL/Experiment-2/temp_validation/val-50-ollamaa/policy_5_iter_1.json,22,deny_d9e1c623,Deny,['sts:AssumeRoleWithWebIdentity'],arn:aws:iam::{account id}:role/{role name}-forbidden-resource,deny_200cd3bf,deny_200cd3bf_combo_1,sts:AssumeRoleWithWebIdentity,arn:aws:iam::{account id}:role/{role name}-forbidden-resource,arn:aws:iam::123456789012:user/alice,{'StringEquals': {'aws:RequestedRegion': 'us-east-1'}},deny,deny,unsat,True
policy_5_iter_1.json,,/home/bhall2/Documents/fixmypolicy/FL/Experiment-2/temp_validation/val-50-ollamaa/policy_5_iter_1.json,22,deny_d9e1c623,Deny,['sts:AssumeRoleWithWebIdentity'],arn:aws:iam::{account id}:role/{role name}-forbidden-resource,allow_9e959d67,allow_9e959d67_combo_1,sts:TagSession,arn:aws:iam::{account id}:role/{role name},arn:aws:iam::{account id}:oidc-provider/gitlab.com,{'StringLike': {'gitlab.com:sub': 'project_path:{redacted}/*:ref_type:branch:ref:*'}},allow,deny,unsat,False
policy_5_iter_1.json,,/home/bhall2/Documents/fixmypolicy/FL/Experiment-2/temp_validation/val-50-ollamaa/policy_5_iter_1.json,22,deny_d9e1c623,Deny,['sts:AssumeRoleWithWebIdentity'],arn:aws:iam::{account id}:role/{role name}-forbidden-resource,allow_8b2a35e8,allow_8b2a35e8_combo_1,sts:TagSession,arn:aws:iam::{account id}:role/{role name},arn:aws:iam::123456789012:user/alice,{'StringEquals': {'aws:RequestedRegion': 'us-east-1'}},allow,deny,unsat,False
policy_5_iter_1.json,,/home/bhall2/Documents/fixmypolicy/FL/Experiment-2/temp_validation/val-50-ollamaa/policy_5_iter_1.json,22,deny_d9e1c623,Deny,['sts:AssumeRoleWithWebIdentity'],arn:aws:iam::{account id}:role/{role name}-forbidden-resource,allow_a7f5ef81,allow_a7f5ef81_combo_1,sts:TagSession,arn:aws:iam::{account id}:role/{role name},arn:aws:iam::{account id}:oidc-provider/gitlab.com,{'StringLike': {'gitlab.com:sub': 'project_path:{redacted}/*:ref_type:branch:ref:*'}},allow,deny,unsat,False
policy_5_iter_1.json,,/home/bhall2/Documents/fixmypolicy/FL/Experiment-2/temp_validation/val-50-ollamaa/policy_5_iter_1.json,22,deny_d9e1c623,Deny,['sts:AssumeRoleWithWebIdentity'],arn:aws:iam::{account id}:role/{role name}-forbidden-resource,deny_a61a5c77,deny_a61a5c77_combo_1,ec2:DescribeInstances,arn:aws:iam::{account id}:role/{role name},arn:aws:iam::{account id}:oidc-provider/forbidden-gitlab.com,{'IpAddress': {'aws:SourceIp': '203.0.113.0/24'}},deny,deny,unsat,True
policy_5_iter_1.json,,/home/bhall2/Documents/fixmypolicy/FL/Experiment-2/temp_validation/val-50-ollamaa/policy_5_iter_1.json,22,deny_d9e1c623,Deny,['sts:AssumeRoleWithWebIdentity'],arn:aws:iam::{account id}:role/{role name}-forbidden-resource,allow_8fe72846,allow_8fe72846_combo_1,sts:AssumeRoleWithWebIdentity,arn:aws:iam::{account id}:role/{role name},arn:aws:iam::{account id}:oidc-provider/gitlab.com,{'StringLike': {'gitlab.com:sub': 'project_path:{redacted}/*:ref_type:branch:ref:*'}},allow,deny,unsat,False
policy_5_iter_1.json,,/home/bhall2/Documents/fixmypolicy/FL/Experiment-2/temp_validation/val-50-ollamaa/policy_5_iter_1.json,22,deny_d9e1c623,Deny,['sts:AssumeRoleWithWebIdentity'],arn:aws:iam::{account id}:role/{role name}-forbidden-resource,allow_8fe72846,allow_8fe72846_combo_2,sts:TagSession,arn:aws:iam::{account id}:role/{role name},arn:aws:iam::{account id}:oidc-provider/gitlab.com,{'StringLike': {'gitlab.com:sub': 'project_path:{redacted}/*:ref_type:branch:ref:*'}},allow,deny,unsat,False
policy_5_iter_1.json,,/home/bhall2/Documents/fixmypolicy/FL/Experiment-2/temp_validation/val-50-ollamaa/policy_5_iter_1.json,22,deny_d9e1c623,Deny,['sts:AssumeRoleWithWebIdentity'],arn:aws:iam::{account id}:role/{role name}-forbidden-resource,allow_b9703ac8,allow_b9703ac8_combo_1,sts:AssumeRoleWithWebIdentity,arn:aws:iam::{account id}:role/{role name},arn:aws:iam::{account id}:oidc-provider/gitlab.com,{'StringLike': {'gitlab.com:sub': 'project_path:{redacted}/*:ref_type:branch:ref:*'}},allow,deny,unsat,False
policy_5_iter_1.json,,/home/bhall2/Documents/fixmypolicy/FL/Experiment-2/temp_validation/val-50-ollamaa/policy_5_iter_1.json,22,deny_d9e1c623,Deny,['sts:AssumeRoleWithWebIdentity'],arn:aws:iam::{account id}:role/{role name}-forbidden-resource,allow_b9703ac8,allow_b9703ac8_combo_2,sts:TagSession,arn:aws:iam::{account id}:role/{role name},arn:aws:iam::{account id}:oidc-provider/gitlab.com,{'StringLike': {'gitlab.com:sub': 'project_path:{redacted}/*:ref_type:branch:ref:*'}},allow,deny,unsat,False
policy_5_iter_1.json,,/home/bhall2/Documents/fixmypolicy/FL/Experiment-2/temp_validation/val-50-ollamaa/policy_5_iter_1.json,22,deny_d9e1c623,Deny,['sts:AssumeRoleWithWebIdentity'],arn:aws:iam::{account id}:role/{role name}-forbidden-resource,deny_fda03fc6,deny_fda03fc6_combo_1,sts:AssumeRoleWithWebIdentity,arn:aws:iam::{account id}:role/{role name}-forbidden-resource,arn:aws:iam::{account id}:oidc-provider/gitlab.com,{'StringLike': {'gitlab.com:sub': 'project_path:{redacted}/*:ref_type:branch:ref:*'}},deny,deny,unsat,True
policy_5_iter_1.json,,/home/bhall2/Documents/fixmypolicy/FL/Experiment-2/temp_validation/val-50-ollamaa/policy_5_iter_1.json,22,deny_d9e1c623,Deny,['sts:AssumeRoleWithWebIdentity'],arn:aws:iam::{account id}:role/{role name}-forbidden-resource,deny_fda03fc6,deny_fda03fc6_combo_2,sts:TagSession,arn:aws:iam::{account id}:role/{role name}-forbidden-resource,arn:aws:iam::{account id}:oidc-provider/gitlab.com,{'StringLike': {'gitlab.com:sub': 'project_path:{redacted}/*:ref_type:branch:ref:*'}},deny,deny,unsat,True
policy_5_iter_1.json,,/home/bhall2/Documents/fixmypolicy/FL/Experiment-2/temp_validation/val-50-ollamaa/policy_5_iter_1.json,23,deny_200cd3bf,Deny,['sts:AssumeRoleWithWebIdentity'],arn:aws:iam::{account id}:role/{role name}-forbidden-resource,allow_a8fd7ef6,allow_a8fd7ef6_combo_1,sts:AssumeRoleWithWebIdentity,arn:aws:iam::{account id}:role/{role name},arn:aws:iam::{account id}:oidc-provider/gitlab.com,{'StringLike': {'gitlab.com:sub': 'project_path:{redacted}/*:ref_type:branch:ref:*'}},allow,deny,unsat,False
policy_5_iter_1.json,,/home/bhall2/Documents/fixmypolicy/FL/Experiment-2/temp_validation/val-50-ollamaa/policy_5_iter_1.json,23,deny_200cd3bf,Deny,['sts:AssumeRoleWithWebIdentity'],arn:aws:iam::{account id}:role/{role name}-forbidden-resource,allow_e641a090,allow_e641a090_combo_1,sts:AssumeRoleWithWebIdentity,arn:aws:iam::{account id}:role/{role name},arn:aws:iam::{account id}:oidc-provider/gitlab.com,{'StringLike': {'gitlab.com:sub': 'project_path:{redacted}/*:ref_type:branch:ref:*'}},allow,deny,unsat,False
policy_5_iter_1.json,,/home/bhall2/Documents/fixmypolicy/FL/Experiment-2/temp_validation/val-50-ollamaa/policy_5_iter_1.json,23,deny_200cd3bf,Deny,['sts:AssumeRoleWithWebIdentity'],arn:aws:iam::{account id}:role/{role name}-forbidden-resource,deny_f13ef671,deny_f13ef671_combo_1,iam:CreateUser,arn:aws:iam::{account id}:role/{role name},arn:aws:iam::123456789012:user/alice,{'DateLessThan': {'aws:CurrentTime': '2025-12-31T23:59:59Z'}},deny,deny,unsat,True
policy_5_iter_1.json,,/home/bhall2/Documents/fixmypolicy/FL/Experiment-2/temp_validation/val-50-ollamaa/policy_5_iter_1.json,23,deny_200cd3bf,Deny,['sts:AssumeRoleWithWebIdentity'],arn:aws:iam::{account id}:role/{role name}-forbidden-resource,allow_d28acd92,allow_d28acd92_combo_1,sts:TagSession,arn:aws:iam::{account id}:role/{role name},arn:aws:iam::123456789012:user/alice,{'DateGreaterThan': {'aws:CurrentTime': '2024-01-01T00:00:00Z'}},allow,deny,unsat,False
policy_5_iter_1.json,,/home/bhall2/Documents/fixmypolicy/FL/Experiment-2/temp_validation/val-50-ollamaa/policy_5_iter_1.json,23,deny_200cd3bf,Deny,['sts:AssumeRoleWithWebIdentity'],arn:aws:iam::{account id}:role/{role name}-forbidden-resource,allow_d28acd92,allow_d28acd92_combo_2,sts:AssumeRoleWithWebIdentity,arn:aws:iam::{account id}:role/{role name},arn:aws:iam::123456789012:user/alice,{'DateGreaterThan': {'aws:CurrentTime': '2024-01-01T00:00:00Z'}},allow,deny,unsat,False
policy_5_iter_1.json,,/home/bhall2/Documents/fixmypolicy/FL/Experiment-2/temp_validation/val-50-ollamaa/policy_5_iter_1.json,23,deny_200cd3bf,Deny,['sts:AssumeRoleWithWebIdentity'],arn:aws:iam::{account id}:role/{role name}-forbidden-resource,allow_ad67e7d3,allow_ad67e7d3_combo_1,sts:TagSession,arn:aws:iam::{account id}:role/{role name},arn:aws:iam::{account id}:oidc-provider/gitlab.com,{'StringLike': {'gitlab.com:sub': 'project_path:{redacted}/ref_type:branch:ref'}},allow,deny,unsat,False
policy_5_iter_1.json,,/home/bhall2/Documents/fixmypolicy/FL/Experiment-2/temp_validation/val-50-ollamaa/policy_5_iter_1.json,23,deny_200cd3bf,Deny,['sts:AssumeRoleWithWebIdentity'],arn:aws:iam::{account id}:role/{role name}-forbidden-resource,allow_ad67e7d3,allow_ad67e7d3_combo_2,sts:AssumeRoleWithWebIdentity,arn:aws:iam::{account id}:role/{role name},arn:aws:iam::{account id}:oidc-provider/gitlab.com,{'StringLike': {'gitlab.com:sub': 'project_path:{redacted}/ref_type:branch:ref'}},allow,deny,unsat,False
policy_5_iter_1.json,,/home/bhall2/Documents/fixmypolicy/FL/Experiment-2/temp_validation/val-50-ollamaa/policy_5_iter_1.json,23,deny_200cd3bf,Deny,['sts:AssumeRoleWithWebIdentity'],arn:aws:iam::{account id}:role/{role name}-forbidden-resource,deny_51d9c228,deny_51d9c228_combo_1,ec2:RunInstances,arn:aws:iam::{account id}:role/{role name},arn:aws:iam::123456789012:user/alice,{'DateLessThan': {'aws:CurrentTime': '2025-12-31T23:59:59Z'}},deny,deny,unsat,True
policy_5_iter_1.json,,/home/bhall2/Documents/fixmypolicy/FL/Experiment-2/temp_validation/val-50-ollamaa/policy_5_iter_1.json,23,deny_200cd3bf,Deny,['sts:AssumeRoleWithWebIdentity'],arn:aws:iam::{account id}:role/{role name}-forbidden-resource,deny_c81babfb,deny_c81babfb_combo_1,sts:TagSession,forbidden-arn:aws:iam::{account id}:role/{role name}-specific,arn:aws:iam::{account id}:oidc-provider/forbidden-gitlab.com,{'IpAddress': {'aws:SourceIp': '203.0.113.0/24'}},deny,deny,unsat,True
policy_5_iter_1.json,,/home/bhall2/Documents/fixmypolicy/FL/Experiment-2/temp_validation/val-50-ollamaa/policy_5_iter_1.json,23,deny_200cd3bf,Deny,['sts:AssumeRoleWithWebIdentity'],arn:aws:iam::{account id}:role/{role name}-forbidden-resource,deny_c81babfb,deny_c81babfb_combo_2,sts:AssumeRoleWithWebIdentity,forbidden-arn:aws:iam::{account id}:role/{role name}-specific,arn:aws:iam::{account id}:oidc-provider/forbidden-gitlab.com,{'IpAddress': {'aws:SourceIp': '203.0.113.0/24'}},deny,deny,unsat,True
policy_5_iter_1.json,,/home/bhall2/Documents/fixmypolicy/FL/Experiment-2/temp_validation/val-50-ollamaa/policy_5_iter_1.json,23,deny_200cd3bf,Deny,['sts:AssumeRoleWithWebIdentity'],arn:aws:iam::{account id}:role/{role name}-forbidden-resource,deny_d9e1c623,deny_d9e1c623_combo_1,sts:AssumeRoleWithWebIdentity,arn:aws:iam::{account id}:role/{role name}-forbidden-resource,arn:aws:iam::999888777666:oidc-provider/gitlab.com,{'StringEquals': {'aws:RequestedRegion': 'us-east-1'}},deny,deny,unsat,True
policy_5_iter_1.json,,/home/bhall2/Documents/fixmypolicy/FL/Experiment-2/temp_validation/val-50-ollamaa/policy_5_iter_1.json,23,deny_200cd3bf,Deny,['sts:AssumeRoleWithWebIdentity'],arn:aws:iam::{account id}:role/{role name}-forbidden-resource,deny_eae39e7d,deny_eae39e7d_combo_1,lambda:CreateFunction,arn:aws:iam::{account id}:role/{role name},arn:aws:iam::{account id}:oidc-provider/forbidden-gitlab.com,{'DateLessThan': {'aws:CurrentTime': '2025-12-31T23:59:59Z'}},deny,deny,unsat,True
policy_5_iter_1.json,,/home/bhall2/Documents/fixmypolicy/FL/Experiment-2/temp_validation/val-50-ollamaa/policy_5_iter_1.json,23,deny_200cd3bf,Deny,['sts:AssumeRoleWithWebIdentity'],arn:aws:iam::{account id}:role/{role name}-forbidden-resource,allow_277adc8e,allow_277adc8e_combo_1,sts:TagSession,arn:aws:iam::{account id}:role/{role name},arn:aws:iam::{account id}:oidc-provider/gitlab.com,{'StringLike': {'gitlab.com:sub': 'project_path:{redacted}/ref_type:branch:ref'}},allow,deny,unsat,False
policy_5_iter_1.json,,/home/bhall2/Documents/fixmypolicy/FL/Experiment-2/temp_validation/val-50-ollamaa/policy_5_iter_1.json,23,deny_200cd3bf,Deny,['sts:AssumeRoleWithWebIdentity'],arn:aws:iam::{account id}:role/{role name}-forbidden-resource,allow_277adc8e,allow_277adc8e_combo_2,sts:AssumeRoleWithWebIdentity,arn:aws:iam::{account id}:role/{role name},arn:aws:iam::{account id}:oidc-provider/gitlab.com,{'StringLike': {'gitlab.com:sub': 'project_path:{redacted}/ref_type:branch:ref'}},allow,deny,unsat,False
policy_5_iter_1.json,,/home/bhall2/Documents/fixmypolicy/FL/Experiment-2/temp_validation/val-50-ollamaa/policy_5_iter_1.json,23,deny_200cd3bf,Deny,['sts:AssumeRoleWithWebIdentity'],arn:aws:iam::{account id}:role/{role name}-forbidden-resource,deny_2efa2500,deny_2efa2500_combo_1,sts:TagSession,arn:aws:iam::{account id}:role/{role name}-forbidden-resource,arn:aws:iam::{account id}:oidc-provider/gitlab.com,{'StringLike': {'gitlab.com:sub': 'project_path:{redacted}/*:ref_type:branch:ref:*'}},deny,deny,unsat,True
policy_5_iter_1.json,,/home/bhall2/Documents/fixmypolicy/FL/Experiment-2/temp_validation/val-50-ollamaa/policy_5_iter_1.json,23,deny_200cd3bf,Deny,['sts:AssumeRoleWithWebIdentity'],arn:aws:iam::{account id}:role/{role name}-forbidden-resource,deny_2efa2500,deny_2efa2500_combo_2,sts:AssumeRoleWithWebIdentity,arn:aws:iam::{account id}:role/{role name}-forbidden-resource,arn:aws:iam::{account id}:oidc-provider/gitlab.com,{'StringLike': {'gitlab.com:sub': 'project_path:{redacted}/*:ref_type:branch:ref:*'}},deny,deny,unsat,True
policy_5_iter_1.json,,/home/bhall2/Documents/fixmypolicy/FL/Experiment-2/temp_validation/val-50-ollamaa/policy_5_iter_1.json,23,deny_200cd3bf,Deny,['sts:AssumeRoleWithWebIdentity'],arn:aws:iam::{account id}:role/{role name}-forbidden-resource,allow_4b2e6812,allow_4b2e6812_combo_1,sts:TagSession,arn:aws:iam::{account id}:role/{role name},arn:aws:iam::999888777666:oidc-provider/gitlab.com,{'StringEquals': {'aws:RequestedRegion': 'us-west-2'}},allow,deny,unsat,False
policy_5_iter_1.json,,/home/bhall2/Documents/fixmypolicy/FL/Experiment-2/temp_validation/val-50-ollamaa/policy_5_iter_1.json,23,deny_200cd3bf,Deny,['sts:AssumeRoleWithWebIdentity'],arn:aws:iam::{account id}:role/{role name}-forbidden-resource,allow_4b2e6812,allow_4b2e6812_combo_2,sts:AssumeRoleWithWebIdentity,arn:aws:iam::{account id}:role/{role name},arn:aws:iam::999888777666:oidc-provider/gitlab.com,{'StringEquals': {'aws:RequestedRegion': 'us-west-2'}},allow,deny,unsat,False
policy_5_iter_1.json,,/home/bhall2/Documents/fixmypolicy/FL/Experiment-2/temp_validation/val-50-ollamaa/policy_5_iter_1.json,23,deny_200cd3bf,Deny,['sts:AssumeRoleWithWebIdentity'],arn:aws:iam::{account id}:role/{role name}-forbidden-resource,deny_2ccddee4,deny_2ccddee4_combo_1,iam:DeleteUser,arn:aws:iam::{account id}:role/{role name},arn:aws:iam::999888777666:oidc-provider/gitlab.com,{'DateLessThan': {'aws:CurrentTime': '2025-12-31T23:59:59Z'}},deny,deny,unsat,True
policy_5_iter_1.json,,/home/bhall2/Documents/fixmypolicy/FL/Experiment-2/temp_validation/val-50-ollamaa/policy_5_iter_1.json,23,deny_200cd3bf,Deny,['sts:AssumeRoleWithWebIdentity'],arn:aws:iam::{account id}:role/{role name}-forbidden-resource,allow_8d6aad9f,allow_8d6aad9f_combo_1,sts:TagSession,arn:aws:iam::{account id}:role/{role name},arn:aws:iam::{account id}:oidc-provider/gitlab.com,{'StringLike': {'gitlab.com:sub': 'project_path:{redacted}/*:ref_type:branch:ref:*'}},allow,deny,unsat,False
policy_5_iter_1.json,,/home/bhall2/Documents/fixmypolicy/FL/Experiment-2/temp_validation/val-50-ollamaa/policy_5_iter_1.json,23,deny_200cd3bf,Deny,['sts:AssumeRoleWithWebIdentity'],arn:aws:iam::{account id}:role/{role name}-forbidden-resource,allow_8d6aad9f,allow_8d6aad9f_combo_2,sts:AssumeRoleWithWebIdentity,arn:aws:iam::{account id}:role/{role name},arn:aws:iam::{account id}:oidc-provider/gitlab.com,{'StringLike': {'gitlab.com:sub': 'project_path:{redacted}/*:ref_type:branch:ref:*'}},allow,deny,unsat,False
policy_5_iter_1.json,,/home/bhall2/Documents/fixmypolicy/FL/Experiment-2/temp_validation/val-50-ollamaa/policy_5_iter_1.json,23,deny_200cd3bf,Deny,['sts:AssumeRoleWithWebIdentity'],arn:aws:iam::{account id}:role/{role name}-forbidden-resource,allow_46828ad7,allow_46828ad7_combo_1,sts:AssumeRoleWithWebIdentity,arn:aws:iam::{account id}:role/{role name},arn:aws:iam::123456789012:user/alice,{'DateGreaterThan': {'aws:CurrentTime': '2024-01-01T00:00:00Z'}},allow,deny,unsat,False
policy_5_iter_1.json,,/home/bhall2/Documents/fixmypolicy/FL/Experiment-2/temp_validation/val-50-ollamaa/policy_5_iter_1.json,23,deny_200cd3bf,Deny,['sts:AssumeRoleWithWebIdentity'],arn:aws:iam::{account id}:role/{role name}-forbidden-resource,allow_46828ad7,allow_46828ad7_combo_2,sts:TagSession,arn:aws:iam::{account id}:role/{role name},arn:aws:iam::123456789012:user/alice,{'DateGreaterThan': {'aws:CurrentTime': '2024-01-01T00:00:00Z'}},allow,deny,unsat,False
policy_5_iter_1.json,,/home/bhall2/Documents/fixmypolicy/FL/Experiment-2/temp_validation/val-50-ollamaa/policy_5_iter_1.json,23,deny_200cd3bf,Deny,['sts:AssumeRoleWithWebIdentity'],arn:aws:iam::{account id}:role/{role name}-forbidden-resource,deny_284a8d13,deny_284a8d13_combo_1,lambda:CreateFunction,arn:aws:iam::{account id}:role/{role name},arn:aws:iam::123456789012:user/alice,{'DateLessThan': {'aws:CurrentTime': '2025-12-31T23:59:59Z'}},deny,deny,unsat,True
policy_5_iter_1.json,,/home/bhall2/Documents/fixmypolicy/FL/Experiment-2/temp_validation/val-50-ollamaa/policy_5_iter_1.json,23,deny_200cd3bf,Deny,['sts:AssumeRoleWithWebIdentity'],arn:aws:iam::{account id}:role/{role name}-forbidden-resource,allow_d296b21a,allow_d296b21a_combo_1,sts:TagSession,arn:aws:iam::{account id}:role/{role name},arn:aws:iam::999888777666:oidc-provider/gitlab.com,{'StringEquals': {'aws:RequestedRegion': 'us-east-1'}},allow,deny,unsat,False
policy_5_iter_1.json,,/home/bhall2/Documents/fixmypolicy/FL/Experiment-2/temp_validation/val-50-ollamaa/policy_5_iter_1.json,23,deny_200cd3bf,Deny,['sts:AssumeRoleWithWebIdentity'],arn:aws:iam::{account id}:role/{role name}-forbidden-resource,allow_d296b21a,allow_d296b21a_combo_2,sts:AssumeRoleWithWebIdentity,arn:aws:iam::{account id}:role/{role name},arn:aws:iam::999888777666:oidc-provider/gitlab.com,{'StringEquals': {'aws:RequestedRegion': 'us-east-1'}},allow,deny,unsat,False
policy_5_iter_1.json,,/home/bhall2/Documents/fixmypolicy/FL/Experiment-2/temp_validation/val-50-ollamaa/policy_5_iter_1.json,23,deny_200cd3bf,Deny,['sts:AssumeRoleWithWebIdentity'],arn:aws:iam::{account id}:role/{role name}-forbidden-resource,deny_0f38f412,deny_0f38f412_combo_1,ec2:RunInstances,arn:aws:iam::{account id}:role/{role name},arn:aws:iam::123456789012:user/alice,{'IpAddress': {'aws:SourceIp': '203.0.113.0/24'}},deny,deny,unsat,True
policy_5_iter_1.json,,/home/bhall2/Documents/fixmypolicy/FL/Experiment-2/temp_validation/val-50-ollamaa/policy_5_iter_1.json,23,deny_200cd3bf,Deny,['sts:AssumeRoleWithWebIdentity'],arn:aws:iam::{account id}:role/{role name}-forbidden-resource,deny_dccafd42,deny_dccafd42_combo_1,sts:TagSession,forbidden-arn:aws:iam::{account id}:role/{role name}-specific,arn:aws:iam::{account id}:oidc-provider/forbidden-gitlab.com,{'DateLessThan': {'aws:CurrentTime': '2025-12-31T23:59:59Z'}},deny,deny,unsat,True
policy_5_iter_1.json,,/home/bhall2/Documents/fixmypolicy/FL/Experiment-2/temp_validation/val-50-ollamaa/policy_5_iter_1.json,23,deny_200cd3bf,Deny,['sts:AssumeRoleWithWebIdentity'],arn:aws:iam::{account id}:role/{role name}-forbidden-resource,deny_dccafd42,deny_dccafd42_combo_2,sts:AssumeRoleWithWebIdentity,forbidden-arn:aws:iam::{account id}:role/{role name}-specific,arn:aws:iam::{account id}:oidc-provider/forbidden-gitlab.com,{'DateLessThan': {'aws:CurrentTime': '2025-12-31T23:59:59Z'}},deny,deny,unsat,True
policy_5_iter_1.json,,/home/bhall2/Documents/fixmypolicy/FL/Experiment-2/temp_validation/val-50-ollamaa/policy_5_iter_1.json,23,deny_200cd3bf,Deny,['sts:AssumeRoleWithWebIdentity'],arn:aws:iam::{account id}:role/{role name}-forbidden-resource,allow_b3521fa7,allow_b3521fa7_combo_1,sts:AssumeRoleWithWebIdentity,arn:aws:iam::{account id}:role/{role name},arn:aws:iam::{account id}:oidc-provider/gitlab.com,{'StringLike': {'gitlab.com:sub': 'project_path:{redacted}/*:ref_type:branch:ref:*'}},allow,deny,unsat,False
policy_5_iter_1.json,,/home/bhall2/Documents/fixmypolicy/FL/Experiment-2/temp_validation/val-50-ollamaa/policy_5_iter_1.json,23,deny_200cd3bf,Deny,['sts:AssumeRoleWithWebIdentity'],arn:aws:iam::{account id}:role/{role name}-forbidden-resource,deny_5cdc410d,deny_5cdc410d_combo_1,sts:AssumeRoleWithWebIdentity,arn:aws:iam::{account id}:role/{role name}-forbidden-resource,arn:aws:iam::999888777666:oidc-provider/gitlab.com,{'DateLessThan': {'aws:CurrentTime': '2025-12-31T23:59:59Z'}},deny,deny,unsat,True
policy_5_iter_1.json,,/home/bhall2/Documents/fixmypolicy/FL/Experiment-2/temp_validation/val-50-ollamaa/policy_5_iter_1.json,23,deny_200cd3bf,Deny,['sts:AssumeRoleWithWebIdentity'],arn:aws:iam::{account id}:role/{role name}-forbidden-resource,allow_1a3aa330,allow_1a3aa330_combo_1,sts:TagSession,arn:aws:iam::{account id}:role/{role name},arn:aws:iam::{account id}:oidc-provider/gitlab.com,{'StringLike': {'gitlab.com:sub': 'project_path:{redacted}/*:ref_type:branch:ref:*'}},allow,deny,unsat,False
policy_5_iter_1.json,,/home/bhall2/Documents/fixmypolicy/FL/Experiment-2/temp_validation/val-50-ollamaa/policy_5_iter_1.json,23,deny_200cd3bf,Deny,['sts:AssumeRoleWithWebIdentity'],arn:aws:iam::{account id}:role/{role name}-forbidden-resource,allow_1a3aa330,allow_1a3aa330_combo_2,sts:AssumeRoleWithWebIdentity,arn:aws:iam::{account id}:role/{role name},arn:aws:iam::{account id}:oidc-provider/gitlab.com,{'StringLike': {'gitlab.com:sub': 'project_path:{redacted}/*:ref_type:branch:ref:*'}},allow,deny,unsat,False
policy_5_iter_1.json,,/home/bhall2/Documents/fixmypolicy/FL/Experiment-2/temp_validation/val-50-ollamaa/policy_5_iter_1.json,23,deny_200cd3bf,Deny,['sts:AssumeRoleWithWebIdentity'],arn:aws:iam::{account id}:role/{role name}-forbidden-resource,deny_8dc7e4d8,deny_8dc7e4d8_combo_1,sts:TagSession,arn:aws:iam::{account id}:role/{role name}-forbidden-resource,arn:aws:iam::{account id}:oidc-provider/gitlab.com,{'StringLike': {'gitlab.com:sub': 'project_path:{redacted}/*:ref_type:branch:ref:*'}},deny,deny,unsat,True
policy_5_iter_1.json,,/home/bhall2/Documents/fixmypolicy/FL/Experiment-2/temp_validation/val-50-ollamaa/policy_5_iter_1.json,23,deny_200cd3bf,Deny,['sts:AssumeRoleWithWebIdentity'],arn:aws:iam::{account id}:role/{role name}-forbidden-resource,allow_a3073d0d,allow_a3073d0d_combo_1,sts:TagSession,arn:aws:iam::{account id}:role/{role name},arn:aws:iam::{account id}:oidc-provider/gitlab.com,{'StringLike': {'gitlab.com:sub': 'project_path:{redacted}/*:ref_type:branch:ref:*'}},allow,deny,unsat,False
policy_5_iter_1.json,,/home/bhall2/Documents/fixmypolicy/FL/Experiment-2/temp_validation/val-50-ollamaa/policy_5_iter_1.json,23,deny_200cd3bf,Deny,['sts:AssumeRoleWithWebIdentity'],arn:aws:iam::{account id}:role/{role name}-forbidden-resource,allow_a3073d0d,allow_a3073d0d_combo_2,sts:AssumeRoleWithWebIdentity,arn:aws:iam::{account id}:role/{role name},arn:aws:iam::{account id}:oidc-provider/gitlab.com,{'StringLike': {'gitlab.com:sub': 'project_path:{redacted}/*:ref_type:branch:ref:*'}},allow,deny,unsat,False
policy_5_iter_1.json,,/home/bhall2/Documents/fixmypolicy/FL/Experiment-2/temp_validation/val-50-ollamaa/policy_5_iter_1.json,23,deny_200cd3bf,Deny,['sts:AssumeRoleWithWebIdentity'],arn:aws:iam::{account id}:role/{role name}-forbidden-resource,allow_39a49474,allow_39a49474_combo_1,sts:AssumeRoleWithWebIdentity,arn:aws:iam::{account id}:role/{role name},arn:aws:iam::{account id}:oidc-provider/gitlab.com,{'StringLike': {'gitlab.com:sub': 'project_path:{redacted}/*:ref_type:branch:ref:*'}},allow,deny,unsat,False
policy_5_iter_1.json,,/home/bhall2/Documents/fixmypolicy/FL/Experiment-2/temp_validation/val-50-ollamaa/policy_5_iter_1.json,23,deny_200cd3bf,Deny,['sts:AssumeRoleWithWebIdentity'],arn:aws:iam::{account id}:role/{role name}-forbidden-resource,allow_39a49474,allow_39a49474_combo_2,sts:TagSession,arn:aws:iam::{account id}:role/{role name},arn:aws:iam::{account id}:oidc-provider/gitlab.com,{'StringLike': {'gitlab.com:sub': 'project_path:{redacted}/*:ref_type:branch:ref:*'}},allow,deny,unsat,False
policy_5_iter_1.json,,/home/bhall2/Documents/fixmypolicy/FL/Experiment-2/temp_validation/val-50-ollamaa/policy_5_iter_1.json,23,deny_200cd3bf,Deny,['sts:AssumeRoleWithWebIdentity'],arn:aws:iam::{account id}:role/{role name}-forbidden-resource,deny_b2a7386a,deny_b2a7386a_combo_1,iam:DeleteUser,arn:aws:iam::{account id}:role/{role name},arn:aws:iam::999888777666:oidc-provider/gitlab.com,{'StringEquals': {'aws:RequestedRegion': 'us-west-2'}},deny,deny,unsat,True
policy_5_iter_1.json,,/home/bhall2/Documents/fixmypolicy/FL/Experiment-2/temp_validation/val-50-ollamaa/policy_5_iter_1.json,23,deny_200cd3bf,Deny,['sts:AssumeRoleWithWebIdentity'],arn:aws:iam::{account id}:role/{role name}-forbidden-resource,deny_200cd3bf,deny_200cd3bf_combo_1,sts:AssumeRoleWithWebIdentity,arn:aws:iam::{account id}:role/{role name}-forbidden-resource,arn:aws:iam::123456789012:user/alice,{'StringEquals': {'aws:RequestedRegion': 'us-east-1'}},deny,deny,unsat,True
policy_5_iter_1.json,,/home/bhall2/Documents/fixmypolicy/FL/Experiment-2/temp_validation/val-50-ollamaa/policy_5_iter_1.json,23,deny_200cd3bf,Deny,['sts:AssumeRoleWithWebIdentity'],arn:aws:iam::{account id}:role/{role name}-forbidden-resource,allow_9e959d67,allow_9e959d67_combo_1,sts:TagSession,arn:aws:iam::{account id}:role/{role name},arn:aws:iam::{account id}:oidc-provider/gitlab.com,{'StringLike': {'gitlab.com:sub': 'project_path:{redacted}/*:ref_type:branch:ref:*'}},allow,deny,unsat,False
policy_5_iter_1.json,,/home/bhall2/Documents/fixmypolicy/FL/Experiment-2/temp_validation/val-50-ollamaa/policy_5_iter_1.json,23,deny_200cd3bf,Deny,['sts:AssumeRoleWithWebIdentity'],arn:aws:iam::{account id}:role/{role name}-forbidden-resource,allow_8b2a35e8,allow_8b2a35e8_combo_1,sts:TagSession,arn:aws:iam::{account id}:role/{role name},arn:aws:iam::123456789012:user/alice,{'StringEquals': {'aws:RequestedRegion': 'us-east-1'}},allow,deny,unsat,False
policy_5_iter_1.json,,/home/bhall2/Documents/fixmypolicy/FL/Experiment-2/temp_validation/val-50-ollamaa/policy_5_iter_1.json,23,deny_200cd3bf,Deny,['sts:AssumeRoleWithWebIdentity'],arn:aws:iam::{account id}:role/{role name}-forbidden-resource,allow_a7f5ef81,allow_a7f5ef81_combo_1,sts:TagSession,arn:aws:iam::{account id}:role/{role name},arn:aws:iam::{account id}:oidc-provider/gitlab.com,{'StringLike': {'gitlab.com:sub': 'project_path:{redacted}/*:ref_type:branch:ref:*'}},allow,deny,unsat,False
policy_5_iter_1.json,,/home/bhall2/Documents/fixmypolicy/FL/Experiment-2/temp_validation/val-50-ollamaa/policy_5_iter_1.json,23,deny_200cd3bf,Deny,['sts:AssumeRoleWithWebIdentity'],arn:aws:iam::{account id}:role/{role name}-forbidden-resource,deny_a61a5c77,deny_a61a5c77_combo_1,ec2:DescribeInstances,arn:aws:iam::{account id}:role/{role name},arn:aws:iam::{account id}:oidc-provider/forbidden-gitlab.com,{'IpAddress': {'aws:SourceIp': '203.0.113.0/24'}},deny,deny,unsat,True
policy_5_iter_1.json,,/home/bhall2/Documents/fixmypolicy/FL/Experiment-2/temp_validation/val-50-ollamaa/policy_5_iter_1.json,23,deny_200cd3bf,Deny,['sts:AssumeRoleWithWebIdentity'],arn:aws:iam::{account id}:role/{role name}-forbidden-resource,allow_8fe72846,allow_8fe72846_combo_1,sts:AssumeRoleWithWebIdentity,arn:aws:iam::{account id}:role/{role name},arn:aws:iam::{account id}:oidc-provider/gitlab.com,{'StringLike': {'gitlab.com:sub': 'project_path:{redacted}/*:ref_type:branch:ref:*'}},allow,deny,unsat,False
policy_5_iter_1.json,,/home/bhall2/Documents/fixmypolicy/FL/Experiment-2/temp_validation/val-50-ollamaa/policy_5_iter_1.json,23,deny_200cd3bf,Deny,['sts:AssumeRoleWithWebIdentity'],arn:aws:iam::{account id}:role/{role name}-forbidden-resource,allow_8fe72846,allow_8fe72846_combo_2,sts:TagSession,arn:aws:iam::{account id}:role/{role name},arn:aws:iam::{account id}:oidc-provider/gitlab.com,{'StringLike': {'gitlab.com:sub': 'project_path:{redacted}/*:ref_type:branch:ref:*'}},allow,deny,unsat,False
policy_5_iter_1.json,,/home/bhall2/Documents/fixmypolicy/FL/Experiment-2/temp_validation/val-50-ollamaa/policy_5_iter_1.json,23,deny_200cd3bf,Deny,['sts:AssumeRoleWithWebIdentity'],arn:aws:iam::{account id}:role/{role name}-forbidden-resource,allow_b9703ac8,allow_b9703ac8_combo_1,sts:AssumeRoleWithWebIdentity,arn:aws:iam::{account id}:role/{role name},arn:aws:iam::{account id}:oidc-provider/gitlab.com,{'StringLike': {'gitlab.com:sub': 'project_path:{redacted}/*:ref_type:branch:ref:*'}},allow,deny,unsat,False
policy_5_iter_1.json,,/home/bhall2/Documents/fixmypolicy/FL/Experiment-2/temp_validation/val-50-ollamaa/policy_5_iter_1.json,23,deny_200cd3bf,Deny,['sts:AssumeRoleWithWebIdentity'],arn:aws:iam::{account id}:role/{role name}-forbidden-resource,allow_b9703ac8,allow_b9703ac8_combo_2,sts:TagSession,arn:aws:iam::{account id}:role/{role name},arn:aws:iam::{account id}:oidc-provider/gitlab.com,{'StringLike': {'gitlab.com:sub': 'project_path:{redacted}/*:ref_type:branch:ref:*'}},allow,deny,unsat,False
policy_5_iter_1.json,,/home/bhall2/Documents/fixmypolicy/FL/Experiment-2/temp_validation/val-50-ollamaa/policy_5_iter_1.json,23,deny_200cd3bf,Deny,['sts:AssumeRoleWithWebIdentity'],arn:aws:iam::{account id}:role/{role name}-forbidden-resource,deny_fda03fc6,deny_fda03fc6_combo_1,sts:AssumeRoleWithWebIdentity,arn:aws:iam::{account id}:role/{role name}-forbidden-resource,arn:aws:iam::{account id}:oidc-provider/gitlab.com,{'StringLike': {'gitlab.com:sub': 'project_path:{redacted}/*:ref_type:branch:ref:*'}},deny,deny,unsat,True
policy_5_iter_1.json,,/home/bhall2/Documents/fixmypolicy/FL/Experiment-2/temp_validation/val-50-ollamaa/policy_5_iter_1.json,23,deny_200cd3bf,Deny,['sts:AssumeRoleWithWebIdentity'],arn:aws:iam::{account id}:role/{role name}-forbidden-resource,deny_fda03fc6,deny_fda03fc6_combo_2,sts:TagSession,arn:aws:iam::{account id}:role/{role name}-forbidden-resource,arn:aws:iam::{account id}:oidc-provider/gitlab.com,{'StringLike': {'gitlab.com:sub': 'project_path:{redacted}/*:ref_type:branch:ref:*'}},deny,deny,unsat,True
policy_5_iter_1.json,,/home/bhall2/Documents/fixmypolicy/FL/Experiment-2/temp_validation/val-50-ollamaa/policy_5_iter_1.json,24,deny_a61a5c77,Deny,['ec2:DescribeInstances'],arn:aws:iam::{account id}:role/{role name},allow_a8fd7ef6,allow_a8fd7ef6_combo_1,sts:AssumeRoleWithWebIdentity,arn:aws:iam::{account id}:role/{role name},arn:aws:iam::{account id}:oidc-provider/gitlab.com,{'StringLike': {'gitlab.com:sub': 'project_path:{redacted}/*:ref_type:branch:ref:*'}},allow,deny,unsat,False
policy_5_iter_1.json,,/home/bhall2/Documents/fixmypolicy/FL/Experiment-2/temp_validation/val-50-ollamaa/policy_5_iter_1.json,24,deny_a61a5c77,Deny,['ec2:DescribeInstances'],arn:aws:iam::{account id}:role/{role name},allow_e641a090,allow_e641a090_combo_1,sts:AssumeRoleWithWebIdentity,arn:aws:iam::{account id}:role/{role name},arn:aws:iam::{account id}:oidc-provider/gitlab.com,{'StringLike': {'gitlab.com:sub': 'project_path:{redacted}/*:ref_type:branch:ref:*'}},allow,deny,unsat,False
policy_5_iter_1.json,,/home/bhall2/Documents/fixmypolicy/FL/Experiment-2/temp_validation/val-50-ollamaa/policy_5_iter_1.json,24,deny_a61a5c77,Deny,['ec2:DescribeInstances'],arn:aws:iam::{account id}:role/{role name},deny_f13ef671,deny_f13ef671_combo_1,iam:CreateUser,arn:aws:iam::{account id}:role/{role name},arn:aws:iam::123456789012:user/alice,{'DateLessThan': {'aws:CurrentTime': '2025-12-31T23:59:59Z'}},deny,deny,unsat,True
policy_5_iter_1.json,,/home/bhall2/Documents/fixmypolicy/FL/Experiment-2/temp_validation/val-50-ollamaa/policy_5_iter_1.json,24,deny_a61a5c77,Deny,['ec2:DescribeInstances'],arn:aws:iam::{account id}:role/{role name},allow_d28acd92,allow_d28acd92_combo_1,sts:TagSession,arn:aws:iam::{account id}:role/{role name},arn:aws:iam::123456789012:user/alice,{'DateGreaterThan': {'aws:CurrentTime': '2024-01-01T00:00:00Z'}},allow,deny,unsat,False
policy_5_iter_1.json,,/home/bhall2/Documents/fixmypolicy/FL/Experiment-2/temp_validation/val-50-ollamaa/policy_5_iter_1.json,24,deny_a61a5c77,Deny,['ec2:DescribeInstances'],arn:aws:iam::{account id}:role/{role name},allow_d28acd92,allow_d28acd92_combo_2,sts:AssumeRoleWithWebIdentity,arn:aws:iam::{account id}:role/{role name},arn:aws:iam::123456789012:user/alice,{'DateGreaterThan': {'aws:CurrentTime': '2024-01-01T00:00:00Z'}},allow,deny,unsat,False
policy_5_iter_1.json,,/home/bhall2/Documents/fixmypolicy/FL/Experiment-2/temp_validation/val-50-ollamaa/policy_5_iter_1.json,24,deny_a61a5c77,Deny,['ec2:DescribeInstances'],arn:aws:iam::{account id}:role/{role name},allow_ad67e7d3,allow_ad67e7d3_combo_1,sts:TagSession,arn:aws:iam::{account id}:role/{role name},arn:aws:iam::{account id}:oidc-provider/gitlab.com,{'StringLike': {'gitlab.com:sub': 'project_path:{redacted}/ref_type:branch:ref'}},allow,deny,unsat,False
policy_5_iter_1.json,,/home/bhall2/Documents/fixmypolicy/FL/Experiment-2/temp_validation/val-50-ollamaa/policy_5_iter_1.json,24,deny_a61a5c77,Deny,['ec2:DescribeInstances'],arn:aws:iam::{account id}:role/{role name},allow_ad67e7d3,allow_ad67e7d3_combo_2,sts:AssumeRoleWithWebIdentity,arn:aws:iam::{account id}:role/{role name},arn:aws:iam::{account id}:oidc-provider/gitlab.com,{'StringLike': {'gitlab.com:sub': 'project_path:{redacted}/ref_type:branch:ref'}},allow,deny,unsat,False
policy_5_iter_1.json,,/home/bhall2/Documents/fixmypolicy/FL/Experiment-2/temp_validation/val-50-ollamaa/policy_5_iter_1.json,24,deny_a61a5c77,Deny,['ec2:DescribeInstances'],arn:aws:iam::{account id}:role/{role name},deny_51d9c228,deny_51d9c228_combo_1,ec2:RunInstances,arn:aws:iam::{account id}:role/{role name},arn:aws:iam::123456789012:user/alice,{'DateLessThan': {'aws:CurrentTime': '2025-12-31T23:59:59Z'}},deny,deny,unsat,True
policy_5_iter_1.json,,/home/bhall2/Documents/fixmypolicy/FL/Experiment-2/temp_validation/val-50-ollamaa/policy_5_iter_1.json,24,deny_a61a5c77,Deny,['ec2:DescribeInstances'],arn:aws:iam::{account id}:role/{role name},deny_c81babfb,deny_c81babfb_combo_1,sts:TagSession,forbidden-arn:aws:iam::{account id}:role/{role name}-specific,arn:aws:iam::{account id}:oidc-provider/forbidden-gitlab.com,{'IpAddress': {'aws:SourceIp': '203.0.113.0/24'}},deny,deny,unsat,True
policy_5_iter_1.json,,/home/bhall2/Documents/fixmypolicy/FL/Experiment-2/temp_validation/val-50-ollamaa/policy_5_iter_1.json,24,deny_a61a5c77,Deny,['ec2:DescribeInstances'],arn:aws:iam::{account id}:role/{role name},deny_c81babfb,deny_c81babfb_combo_2,sts:AssumeRoleWithWebIdentity,forbidden-arn:aws:iam::{account id}:role/{role name}-specific,arn:aws:iam::{account id}:oidc-provider/forbidden-gitlab.com,{'IpAddress': {'aws:SourceIp': '203.0.113.0/24'}},deny,deny,unsat,True
policy_5_iter_1.json,,/home/bhall2/Documents/fixmypolicy/FL/Experiment-2/temp_validation/val-50-ollamaa/policy_5_iter_1.json,24,deny_a61a5c77,Deny,['ec2:DescribeInstances'],arn:aws:iam::{account id}:role/{role name},deny_d9e1c623,deny_d9e1c623_combo_1,sts:AssumeRoleWithWebIdentity,arn:aws:iam::{account id}:role/{role name}-forbidden-resource,arn:aws:iam::999888777666:oidc-provider/gitlab.com,{'StringEquals': {'aws:RequestedRegion': 'us-east-1'}},deny,deny,unsat,True
policy_5_iter_1.json,,/home/bhall2/Documents/fixmypolicy/FL/Experiment-2/temp_validation/val-50-ollamaa/policy_5_iter_1.json,24,deny_a61a5c77,Deny,['ec2:DescribeInstances'],arn:aws:iam::{account id}:role/{role name},deny_eae39e7d,deny_eae39e7d_combo_1,lambda:CreateFunction,arn:aws:iam::{account id}:role/{role name},arn:aws:iam::{account id}:oidc-provider/forbidden-gitlab.com,{'DateLessThan': {'aws:CurrentTime': '2025-12-31T23:59:59Z'}},deny,deny,unsat,True
policy_5_iter_1.json,,/home/bhall2/Documents/fixmypolicy/FL/Experiment-2/temp_validation/val-50-ollamaa/policy_5_iter_1.json,24,deny_a61a5c77,Deny,['ec2:DescribeInstances'],arn:aws:iam::{account id}:role/{role name},allow_277adc8e,allow_277adc8e_combo_1,sts:TagSession,arn:aws:iam::{account id}:role/{role name},arn:aws:iam::{account id}:oidc-provider/gitlab.com,{'StringLike': {'gitlab.com:sub': 'project_path:{redacted}/ref_type:branch:ref'}},allow,deny,unsat,False
policy_5_iter_1.json,,/home/bhall2/Documents/fixmypolicy/FL/Experiment-2/temp_validation/val-50-ollamaa/policy_5_iter_1.json,24,deny_a61a5c77,Deny,['ec2:DescribeInstances'],arn:aws:iam::{account id}:role/{role name},allow_277adc8e,allow_277adc8e_combo_2,sts:AssumeRoleWithWebIdentity,arn:aws:iam::{account id}:role/{role name},arn:aws:iam::{account id}:oidc-provider/gitlab.com,{'StringLike': {'gitlab.com:sub': 'project_path:{redacted}/ref_type:branch:ref'}},allow,deny,unsat,False
policy_5_iter_1.json,,/home/bhall2/Documents/fixmypolicy/FL/Experiment-2/temp_validation/val-50-ollamaa/policy_5_iter_1.json,24,deny_a61a5c77,Deny,['ec2:DescribeInstances'],arn:aws:iam::{account id}:role/{role name},deny_2efa2500,deny_2efa2500_combo_1,sts:TagSession,arn:aws:iam::{account id}:role/{role name}-forbidden-resource,arn:aws:iam::{account id}:oidc-provider/gitlab.com,{'StringLike': {'gitlab.com:sub': 'project_path:{redacted}/*:ref_type:branch:ref:*'}},deny,deny,unsat,True
policy_5_iter_1.json,,/home/bhall2/Documents/fixmypolicy/FL/Experiment-2/temp_validation/val-50-ollamaa/policy_5_iter_1.json,24,deny_a61a5c77,Deny,['ec2:DescribeInstances'],arn:aws:iam::{account id}:role/{role name},deny_2efa2500,deny_2efa2500_combo_2,sts:AssumeRoleWithWebIdentity,arn:aws:iam::{account id}:role/{role name}-forbidden-resource,arn:aws:iam::{account id}:oidc-provider/gitlab.com,{'StringLike': {'gitlab.com:sub': 'project_path:{redacted}/*:ref_type:branch:ref:*'}},deny,deny,unsat,True
policy_5_iter_1.json,,/home/bhall2/Documents/fixmypolicy/FL/Experiment-2/temp_validation/val-50-ollamaa/policy_5_iter_1.json,24,deny_a61a5c77,Deny,['ec2:DescribeInstances'],arn:aws:iam::{account id}:role/{role name},allow_4b2e6812,allow_4b2e6812_combo_1,sts:TagSession,arn:aws:iam::{account id}:role/{role name},arn:aws:iam::999888777666:oidc-provider/gitlab.com,{'StringEquals': {'aws:RequestedRegion': 'us-west-2'}},allow,deny,unsat,False
policy_5_iter_1.json,,/home/bhall2/Documents/fixmypolicy/FL/Experiment-2/temp_validation/val-50-ollamaa/policy_5_iter_1.json,24,deny_a61a5c77,Deny,['ec2:DescribeInstances'],arn:aws:iam::{account id}:role/{role name},allow_4b2e6812,allow_4b2e6812_combo_2,sts:AssumeRoleWithWebIdentity,arn:aws:iam::{account id}:role/{role name},arn:aws:iam::999888777666:oidc-provider/gitlab.com,{'StringEquals': {'aws:RequestedRegion': 'us-west-2'}},allow,deny,unsat,False
policy_5_iter_1.json,,/home/bhall2/Documents/fixmypolicy/FL/Experiment-2/temp_validation/val-50-ollamaa/policy_5_iter_1.json,24,deny_a61a5c77,Deny,['ec2:DescribeInstances'],arn:aws:iam::{account id}:role/{role name},deny_2ccddee4,deny_2ccddee4_combo_1,iam:DeleteUser,arn:aws:iam::{account id}:role/{role name},arn:aws:iam::999888777666:oidc-provider/gitlab.com,{'DateLessThan': {'aws:CurrentTime': '2025-12-31T23:59:59Z'}},deny,deny,unsat,True
policy_5_iter_1.json,,/home/bhall2/Documents/fixmypolicy/FL/Experiment-2/temp_validation/val-50-ollamaa/policy_5_iter_1.json,24,deny_a61a5c77,Deny,['ec2:DescribeInstances'],arn:aws:iam::{account id}:role/{role name},allow_8d6aad9f,allow_8d6aad9f_combo_1,sts:TagSession,arn:aws:iam::{account id}:role/{role name},arn:aws:iam::{account id}:oidc-provider/gitlab.com,{'StringLike': {'gitlab.com:sub': 'project_path:{redacted}/*:ref_type:branch:ref:*'}},allow,deny,unsat,False
policy_5_iter_1.json,,/home/bhall2/Documents/fixmypolicy/FL/Experiment-2/temp_validation/val-50-ollamaa/policy_5_iter_1.json,24,deny_a61a5c77,Deny,['ec2:DescribeInstances'],arn:aws:iam::{account id}:role/{role name},allow_8d6aad9f,allow_8d6aad9f_combo_2,sts:AssumeRoleWithWebIdentity,arn:aws:iam::{account id}:role/{role name},arn:aws:iam::{account id}:oidc-provider/gitlab.com,{'StringLike': {'gitlab.com:sub': 'project_path:{redacted}/*:ref_type:branch:ref:*'}},allow,deny,unsat,False
policy_5_iter_1.json,,/home/bhall2/Documents/fixmypolicy/FL/Experiment-2/temp_validation/val-50-ollamaa/policy_5_iter_1.json,24,deny_a61a5c77,Deny,['ec2:DescribeInstances'],arn:aws:iam::{account id}:role/{role name},allow_46828ad7,allow_46828ad7_combo_1,sts:AssumeRoleWithWebIdentity,arn:aws:iam::{account id}:role/{role name},arn:aws:iam::123456789012:user/alice,{'DateGreaterThan': {'aws:CurrentTime': '2024-01-01T00:00:00Z'}},allow,deny,unsat,False
policy_5_iter_1.json,,/home/bhall2/Documents/fixmypolicy/FL/Experiment-2/temp_validation/val-50-ollamaa/policy_5_iter_1.json,24,deny_a61a5c77,Deny,['ec2:DescribeInstances'],arn:aws:iam::{account id}:role/{role name},allow_46828ad7,allow_46828ad7_combo_2,sts:TagSession,arn:aws:iam::{account id}:role/{role name},arn:aws:iam::123456789012:user/alice,{'DateGreaterThan': {'aws:CurrentTime': '2024-01-01T00:00:00Z'}},allow,deny,unsat,False
policy_5_iter_1.json,,/home/bhall2/Documents/fixmypolicy/FL/Experiment-2/temp_validation/val-50-ollamaa/policy_5_iter_1.json,24,deny_a61a5c77,Deny,['ec2:DescribeInstances'],arn:aws:iam::{account id}:role/{role name},deny_284a8d13,deny_284a8d13_combo_1,lambda:CreateFunction,arn:aws:iam::{account id}:role/{role name},arn:aws:iam::123456789012:user/alice,{'DateLessThan': {'aws:CurrentTime': '2025-12-31T23:59:59Z'}},deny,deny,unsat,True
policy_5_iter_1.json,,/home/bhall2/Documents/fixmypolicy/FL/Experiment-2/temp_validation/val-50-ollamaa/policy_5_iter_1.json,24,deny_a61a5c77,Deny,['ec2:DescribeInstances'],arn:aws:iam::{account id}:role/{role name},allow_d296b21a,allow_d296b21a_combo_1,sts:TagSession,arn:aws:iam::{account id}:role/{role name},arn:aws:iam::999888777666:oidc-provider/gitlab.com,{'StringEquals': {'aws:RequestedRegion': 'us-east-1'}},allow,deny,unsat,False
policy_5_iter_1.json,,/home/bhall2/Documents/fixmypolicy/FL/Experiment-2/temp_validation/val-50-ollamaa/policy_5_iter_1.json,24,deny_a61a5c77,Deny,['ec2:DescribeInstances'],arn:aws:iam::{account id}:role/{role name},allow_d296b21a,allow_d296b21a_combo_2,sts:AssumeRoleWithWebIdentity,arn:aws:iam::{account id}:role/{role name},arn:aws:iam::999888777666:oidc-provider/gitlab.com,{'StringEquals': {'aws:RequestedRegion': 'us-east-1'}},allow,deny,unsat,False
policy_5_iter_1.json,,/home/bhall2/Documents/fixmypolicy/FL/Experiment-2/temp_validation/val-50-ollamaa/policy_5_iter_1.json,24,deny_a61a5c77,Deny,['ec2:DescribeInstances'],arn:aws:iam::{account id}:role/{role name},deny_0f38f412,deny_0f38f412_combo_1,ec2:RunInstances,arn:aws:iam::{account id}:role/{role name},arn:aws:iam::123456789012:user/alice,{'IpAddress': {'aws:SourceIp': '203.0.113.0/24'}},deny,deny,unsat,True
policy_5_iter_1.json,,/home/bhall2/Documents/fixmypolicy/FL/Experiment-2/temp_validation/val-50-ollamaa/policy_5_iter_1.json,24,deny_a61a5c77,Deny,['ec2:DescribeInstances'],arn:aws:iam::{account id}:role/{role name},deny_dccafd42,deny_dccafd42_combo_1,sts:TagSession,forbidden-arn:aws:iam::{account id}:role/{role name}-specific,arn:aws:iam::{account id}:oidc-provider/forbidden-gitlab.com,{'DateLessThan': {'aws:CurrentTime': '2025-12-31T23:59:59Z'}},deny,deny,unsat,True
policy_5_iter_1.json,,/home/bhall2/Documents/fixmypolicy/FL/Experiment-2/temp_validation/val-50-ollamaa/policy_5_iter_1.json,24,deny_a61a5c77,Deny,['ec2:DescribeInstances'],arn:aws:iam::{account id}:role/{role name},deny_dccafd42,deny_dccafd42_combo_2,sts:AssumeRoleWithWebIdentity,forbidden-arn:aws:iam::{account id}:role/{role name}-specific,arn:aws:iam::{account id}:oidc-provider/forbidden-gitlab.com,{'DateLessThan': {'aws:CurrentTime': '2025-12-31T23:59:59Z'}},deny,deny,unsat,True
policy_5_iter_1.json,,/home/bhall2/Documents/fixmypolicy/FL/Experiment-2/temp_validation/val-50-ollamaa/policy_5_iter_1.json,24,deny_a61a5c77,Deny,['ec2:DescribeInstances'],arn:aws:iam::{account id}:role/{role name},allow_b3521fa7,allow_b3521fa7_combo_1,sts:AssumeRoleWithWebIdentity,arn:aws:iam::{account id}:role/{role name},arn:aws:iam::{account id}:oidc-provider/gitlab.com,{'StringLike': {'gitlab.com:sub': 'project_path:{redacted}/*:ref_type:branch:ref:*'}},allow,deny,unsat,False
policy_5_iter_1.json,,/home/bhall2/Documents/fixmypolicy/FL/Experiment-2/temp_validation/val-50-ollamaa/policy_5_iter_1.json,24,deny_a61a5c77,Deny,['ec2:DescribeInstances'],arn:aws:iam::{account id}:role/{role name},deny_5cdc410d,deny_5cdc410d_combo_1,sts:AssumeRoleWithWebIdentity,arn:aws:iam::{account id}:role/{role name}-forbidden-resource,arn:aws:iam::999888777666:oidc-provider/gitlab.com,{'DateLessThan': {'aws:CurrentTime': '2025-12-31T23:59:59Z'}},deny,deny,unsat,True
policy_5_iter_1.json,,/home/bhall2/Documents/fixmypolicy/FL/Experiment-2/temp_validation/val-50-ollamaa/policy_5_iter_1.json,24,deny_a61a5c77,Deny,['ec2:DescribeInstances'],arn:aws:iam::{account id}:role/{role name},allow_1a3aa330,allow_1a3aa330_combo_1,sts:TagSession,arn:aws:iam::{account id}:role/{role name},arn:aws:iam::{account id}:oidc-provider/gitlab.com,{'StringLike': {'gitlab.com:sub': 'project_path:{redacted}/*:ref_type:branch:ref:*'}},allow,deny,unsat,False
policy_5_iter_1.json,,/home/bhall2/Documents/fixmypolicy/FL/Experiment-2/temp_validation/val-50-ollamaa/policy_5_iter_1.json,24,deny_a61a5c77,Deny,['ec2:DescribeInstances'],arn:aws:iam::{account id}:role/{role name},allow_1a3aa330,allow_1a3aa330_combo_2,sts:AssumeRoleWithWebIdentity,arn:aws:iam::{account id}:role/{role name},arn:aws:iam::{account id}:oidc-provider/gitlab.com,{'StringLike': {'gitlab.com:sub': 'project_path:{redacted}/*:ref_type:branch:ref:*'}},allow,deny,unsat,False
policy_5_iter_1.json,,/home/bhall2/Documents/fixmypolicy/FL/Experiment-2/temp_validation/val-50-ollamaa/policy_5_iter_1.json,24,deny_a61a5c77,Deny,['ec2:DescribeInstances'],arn:aws:iam::{account id}:role/{role name},deny_8dc7e4d8,deny_8dc7e4d8_combo_1,sts:TagSession,arn:aws:iam::{account id}:role/{role name}-forbidden-resource,arn:aws:iam::{account id}:oidc-provider/gitlab.com,{'StringLike': {'gitlab.com:sub': 'project_path:{redacted}/*:ref_type:branch:ref:*'}},deny,deny,unsat,True
policy_5_iter_1.json,,/home/bhall2/Documents/fixmypolicy/FL/Experiment-2/temp_validation/val-50-ollamaa/policy_5_iter_1.json,24,deny_a61a5c77,Deny,['ec2:DescribeInstances'],arn:aws:iam::{account id}:role/{role name},allow_a3073d0d,allow_a3073d0d_combo_1,sts:TagSession,arn:aws:iam::{account id}:role/{role name},arn:aws:iam::{account id}:oidc-provider/gitlab.com,{'StringLike': {'gitlab.com:sub': 'project_path:{redacted}/*:ref_type:branch:ref:*'}},allow,deny,unsat,False
policy_5_iter_1.json,,/home/bhall2/Documents/fixmypolicy/FL/Experiment-2/temp_validation/val-50-ollamaa/policy_5_iter_1.json,24,deny_a61a5c77,Deny,['ec2:DescribeInstances'],arn:aws:iam::{account id}:role/{role name},allow_a3073d0d,allow_a3073d0d_combo_2,sts:AssumeRoleWithWebIdentity,arn:aws:iam::{account id}:role/{role name},arn:aws:iam::{account id}:oidc-provider/gitlab.com,{'StringLike': {'gitlab.com:sub': 'project_path:{redacted}/*:ref_type:branch:ref:*'}},allow,deny,unsat,False
policy_5_iter_1.json,,/home/bhall2/Documents/fixmypolicy/FL/Experiment-2/temp_validation/val-50-ollamaa/policy_5_iter_1.json,24,deny_a61a5c77,Deny,['ec2:DescribeInstances'],arn:aws:iam::{account id}:role/{role name},allow_39a49474,allow_39a49474_combo_1,sts:AssumeRoleWithWebIdentity,arn:aws:iam::{account id}:role/{role name},arn:aws:iam::{account id}:oidc-provider/gitlab.com,{'StringLike': {'gitlab.com:sub': 'project_path:{redacted}/*:ref_type:branch:ref:*'}},allow,deny,unsat,False
policy_5_iter_1.json,,/home/bhall2/Documents/fixmypolicy/FL/Experiment-2/temp_validation/val-50-ollamaa/policy_5_iter_1.json,24,deny_a61a5c77,Deny,['ec2:DescribeInstances'],arn:aws:iam::{account id}:role/{role name},allow_39a49474,allow_39a49474_combo_2,sts:TagSession,arn:aws:iam::{account id}:role/{role name},arn:aws:iam::{account id}:oidc-provider/gitlab.com,{'StringLike': {'gitlab.com:sub': 'project_path:{redacted}/*:ref_type:branch:ref:*'}},allow,deny,unsat,False
policy_5_iter_1.json,,/home/bhall2/Documents/fixmypolicy/FL/Experiment-2/temp_validation/val-50-ollamaa/policy_5_iter_1.json,24,deny_a61a5c77,Deny,['ec2:DescribeInstances'],arn:aws:iam::{account id}:role/{role name},deny_b2a7386a,deny_b2a7386a_combo_1,iam:DeleteUser,arn:aws:iam::{account id}:role/{role name},arn:aws:iam::999888777666:oidc-provider/gitlab.com,{'StringEquals': {'aws:RequestedRegion': 'us-west-2'}},deny,deny,unsat,True
policy_5_iter_1.json,,/home/bhall2/Documents/fixmypolicy/FL/Experiment-2/temp_validation/val-50-ollamaa/policy_5_iter_1.json,24,deny_a61a5c77,Deny,['ec2:DescribeInstances'],arn:aws:iam::{account id}:role/{role name},deny_200cd3bf,deny_200cd3bf_combo_1,sts:AssumeRoleWithWebIdentity,arn:aws:iam::{account id}:role/{role name}-forbidden-resource,arn:aws:iam::123456789012:user/alice,{'StringEquals': {'aws:RequestedRegion': 'us-east-1'}},deny,deny,unsat,True
policy_5_iter_1.json,,/home/bhall2/Documents/fixmypolicy/FL/Experiment-2/temp_validation/val-50-ollamaa/policy_5_iter_1.json,24,deny_a61a5c77,Deny,['ec2:DescribeInstances'],arn:aws:iam::{account id}:role/{role name},allow_9e959d67,allow_9e959d67_combo_1,sts:TagSession,arn:aws:iam::{account id}:role/{role name},arn:aws:iam::{account id}:oidc-provider/gitlab.com,{'StringLike': {'gitlab.com:sub': 'project_path:{redacted}/*:ref_type:branch:ref:*'}},allow,deny,unsat,False
policy_5_iter_1.json,,/home/bhall2/Documents/fixmypolicy/FL/Experiment-2/temp_validation/val-50-ollamaa/policy_5_iter_1.json,24,deny_a61a5c77,Deny,['ec2:DescribeInstances'],arn:aws:iam::{account id}:role/{role name},allow_8b2a35e8,allow_8b2a35e8_combo_1,sts:TagSession,arn:aws:iam::{account id}:role/{role name},arn:aws:iam::123456789012:user/alice,{'StringEquals': {'aws:RequestedRegion': 'us-east-1'}},allow,deny,unsat,False
policy_5_iter_1.json,,/home/bhall2/Documents/fixmypolicy/FL/Experiment-2/temp_validation/val-50-ollamaa/policy_5_iter_1.json,24,deny_a61a5c77,Deny,['ec2:DescribeInstances'],arn:aws:iam::{account id}:role/{role name},allow_a7f5ef81,allow_a7f5ef81_combo_1,sts:TagSession,arn:aws:iam::{account id}:role/{role name},arn:aws:iam::{account id}:oidc-provider/gitlab.com,{'StringLike': {'gitlab.com:sub': 'project_path:{redacted}/*:ref_type:branch:ref:*'}},allow,deny,unsat,False
policy_5_iter_1.json,,/home/bhall2/Documents/fixmypolicy/FL/Experiment-2/temp_validation/val-50-ollamaa/policy_5_iter_1.json,24,deny_a61a5c77,Deny,['ec2:DescribeInstances'],arn:aws:iam::{account id}:role/{role name},deny_a61a5c77,deny_a61a5c77_combo_1,ec2:DescribeInstances,arn:aws:iam::{account id}:role/{role name},arn:aws:iam::{account id}:oidc-provider/forbidden-gitlab.com,{'IpAddress': {'aws:SourceIp': '203.0.113.0/24'}},deny,deny,unsat,True
policy_5_iter_1.json,,/home/bhall2/Documents/fixmypolicy/FL/Experiment-2/temp_validation/val-50-ollamaa/policy_5_iter_1.json,24,deny_a61a5c77,Deny,['ec2:DescribeInstances'],arn:aws:iam::{account id}:role/{role name},allow_8fe72846,allow_8fe72846_combo_1,sts:AssumeRoleWithWebIdentity,arn:aws:iam::{account id}:role/{role name},arn:aws:iam::{account id}:oidc-provider/gitlab.com,{'StringLike': {'gitlab.com:sub': 'project_path:{redacted}/*:ref_type:branch:ref:*'}},allow,deny,unsat,False
policy_5_iter_1.json,,/home/bhall2/Documents/fixmypolicy/FL/Experiment-2/temp_validation/val-50-ollamaa/policy_5_iter_1.json,24,deny_a61a5c77,Deny,['ec2:DescribeInstances'],arn:aws:iam::{account id}:role/{role name},allow_8fe72846,allow_8fe72846_combo_2,sts:TagSession,arn:aws:iam::{account id}:role/{role name},arn:aws:iam::{account id}:oidc-provider/gitlab.com,{'StringLike': {'gitlab.com:sub': 'project_path:{redacted}/*:ref_type:branch:ref:*'}},allow,deny,unsat,False
policy_5_iter_1.json,,/home/bhall2/Documents/fixmypolicy/FL/Experiment-2/temp_validation/val-50-ollamaa/policy_5_iter_1.json,24,deny_a61a5c77,Deny,['ec2:DescribeInstances'],arn:aws:iam::{account id}:role/{role name},allow_b9703ac8,allow_b9703ac8_combo_1,sts:AssumeRoleWithWebIdentity,arn:aws:iam::{account id}:role/{role name},arn:aws:iam::{account id}:oidc-provider/gitlab.com,{'StringLike': {'gitlab.com:sub': 'project_path:{redacted}/*:ref_type:branch:ref:*'}},allow,deny,unsat,False
policy_5_iter_1.json,,/home/bhall2/Documents/fixmypolicy/FL/Experiment-2/temp_validation/val-50-ollamaa/policy_5_iter_1.json,24,deny_a61a5c77,Deny,['ec2:DescribeInstances'],arn:aws:iam::{account id}:role/{role name},allow_b9703ac8,allow_b9703ac8_combo_2,sts:TagSession,arn:aws:iam::{account id}:role/{role name},arn:aws:iam::{account id}:oidc-provider/gitlab.com,{'StringLike': {'gitlab.com:sub': 'project_path:{redacted}/*:ref_type:branch:ref:*'}},allow,deny,unsat,False
policy_5_iter_1.json,,/home/bhall2/Documents/fixmypolicy/FL/Experiment-2/temp_validation/val-50-ollamaa/policy_5_iter_1.json,24,deny_a61a5c77,Deny,['ec2:DescribeInstances'],arn:aws:iam::{account id}:role/{role name},deny_fda03fc6,deny_fda03fc6_combo_1,sts:AssumeRoleWithWebIdentity,arn:aws:iam::{account id}:role/{role name}-forbidden-resource,arn:aws:iam::{account id}:oidc-provider/gitlab.com,{'StringLike': {'gitlab.com:sub': 'project_path:{redacted}/*:ref_type:branch:ref:*'}},deny,deny,unsat,True
policy_5_iter_1.json,,/home/bhall2/Documents/fixmypolicy/FL/Experiment-2/temp_validation/val-50-ollamaa/policy_5_iter_1.json,24,deny_a61a5c77,Deny,['ec2:DescribeInstances'],arn:aws:iam::{account id}:role/{role name},deny_fda03fc6,deny_fda03fc6_combo_2,sts:TagSession,arn:aws:iam::{account id}:role/{role name}-forbidden-resource,arn:aws:iam::{account id}:oidc-provider/gitlab.com,{'StringLike': {'gitlab.com:sub': 'project_path:{redacted}/*:ref_type:branch:ref:*'}},deny,deny,unsat,True
policy_5_iter_1.json,,/home/bhall2/Documents/fixmypolicy/FL/Experiment-2/temp_validation/val-50-ollamaa/policy_5_iter_1.json,25,deny_fda03fc6,Deny,"['sts:AssumeRoleWithWebIdentity', 'sts:TagSession']",arn:aws:iam::{account id}:role/{role name}-forbidden-resource,allow_a8fd7ef6,allow_a8fd7ef6_combo_1,sts:AssumeRoleWithWebIdentity,arn:aws:iam::{account id}:role/{role name},arn:aws:iam::{account id}:oidc-provider/gitlab.com,{'StringLike': {'gitlab.com:sub': 'project_path:{redacted}/*:ref_type:branch:ref:*'}},allow,deny,unsat,False
policy_5_iter_1.json,,/home/bhall2/Documents/fixmypolicy/FL/Experiment-2/temp_validation/val-50-ollamaa/policy_5_iter_1.json,25,deny_fda03fc6,Deny,"['sts:AssumeRoleWithWebIdentity', 'sts:TagSession']",arn:aws:iam::{account id}:role/{role name}-forbidden-resource,allow_e641a090,allow_e641a090_combo_1,sts:AssumeRoleWithWebIdentity,arn:aws:iam::{account id}:role/{role name},arn:aws:iam::{account id}:oidc-provider/gitlab.com,{'StringLike': {'gitlab.com:sub': 'project_path:{redacted}/*:ref_type:branch:ref:*'}},allow,deny,unsat,False
policy_5_iter_1.json,,/home/bhall2/Documents/fixmypolicy/FL/Experiment-2/temp_validation/val-50-ollamaa/policy_5_iter_1.json,25,deny_fda03fc6,Deny,"['sts:AssumeRoleWithWebIdentity', 'sts:TagSession']",arn:aws:iam::{account id}:role/{role name}-forbidden-resource,deny_f13ef671,deny_f13ef671_combo_1,iam:CreateUser,arn:aws:iam::{account id}:role/{role name},arn:aws:iam::123456789012:user/alice,{'DateLessThan': {'aws:CurrentTime': '2025-12-31T23:59:59Z'}},deny,deny,unsat,True
policy_5_iter_1.json,,/home/bhall2/Documents/fixmypolicy/FL/Experiment-2/temp_validation/val-50-ollamaa/policy_5_iter_1.json,25,deny_fda03fc6,Deny,"['sts:AssumeRoleWithWebIdentity', 'sts:TagSession']",arn:aws:iam::{account id}:role/{role name}-forbidden-resource,allow_d28acd92,allow_d28acd92_combo_1,sts:TagSession,arn:aws:iam::{account id}:role/{role name},arn:aws:iam::123456789012:user/alice,{'DateGreaterThan': {'aws:CurrentTime': '2024-01-01T00:00:00Z'}},allow,deny,unsat,False
policy_5_iter_1.json,,/home/bhall2/Documents/fixmypolicy/FL/Experiment-2/temp_validation/val-50-ollamaa/policy_5_iter_1.json,25,deny_fda03fc6,Deny,"['sts:AssumeRoleWithWebIdentity', 'sts:TagSession']",arn:aws:iam::{account id}:role/{role name}-forbidden-resource,allow_d28acd92,allow_d28acd92_combo_2,sts:AssumeRoleWithWebIdentity,arn:aws:iam::{account id}:role/{role name},arn:aws:iam::123456789012:user/alice,{'DateGreaterThan': {'aws:CurrentTime': '2024-01-01T00:00:00Z'}},allow,deny,unsat,False
policy_5_iter_1.json,,/home/bhall2/Documents/fixmypolicy/FL/Experiment-2/temp_validation/val-50-ollamaa/policy_5_iter_1.json,25,deny_fda03fc6,Deny,"['sts:AssumeRoleWithWebIdentity', 'sts:TagSession']",arn:aws:iam::{account id}:role/{role name}-forbidden-resource,allow_ad67e7d3,allow_ad67e7d3_combo_1,sts:TagSession,arn:aws:iam::{account id}:role/{role name},arn:aws:iam::{account id}:oidc-provider/gitlab.com,{'StringLike': {'gitlab.com:sub': 'project_path:{redacted}/ref_type:branch:ref'}},allow,deny,unsat,False
policy_5_iter_1.json,,/home/bhall2/Documents/fixmypolicy/FL/Experiment-2/temp_validation/val-50-ollamaa/policy_5_iter_1.json,25,deny_fda03fc6,Deny,"['sts:AssumeRoleWithWebIdentity', 'sts:TagSession']",arn:aws:iam::{account id}:role/{role name}-forbidden-resource,allow_ad67e7d3,allow_ad67e7d3_combo_2,sts:AssumeRoleWithWebIdentity,arn:aws:iam::{account id}:role/{role name},arn:aws:iam::{account id}:oidc-provider/gitlab.com,{'StringLike': {'gitlab.com:sub': 'project_path:{redacted}/ref_type:branch:ref'}},allow,deny,unsat,False
policy_5_iter_1.json,,/home/bhall2/Documents/fixmypolicy/FL/Experiment-2/temp_validation/val-50-ollamaa/policy_5_iter_1.json,25,deny_fda03fc6,Deny,"['sts:AssumeRoleWithWebIdentity', 'sts:TagSession']",arn:aws:iam::{account id}:role/{role name}-forbidden-resource,deny_51d9c228,deny_51d9c228_combo_1,ec2:RunInstances,arn:aws:iam::{account id}:role/{role name},arn:aws:iam::123456789012:user/alice,{'DateLessThan': {'aws:CurrentTime': '2025-12-31T23:59:59Z'}},deny,deny,unsat,True
policy_5_iter_1.json,,/home/bhall2/Documents/fixmypolicy/FL/Experiment-2/temp_validation/val-50-ollamaa/policy_5_iter_1.json,25,deny_fda03fc6,Deny,"['sts:AssumeRoleWithWebIdentity', 'sts:TagSession']",arn:aws:iam::{account id}:role/{role name}-forbidden-resource,deny_c81babfb,deny_c81babfb_combo_1,sts:TagSession,forbidden-arn:aws:iam::{account id}:role/{role name}-specific,arn:aws:iam::{account id}:oidc-provider/forbidden-gitlab.com,{'IpAddress': {'aws:SourceIp': '203.0.113.0/24'}},deny,deny,unsat,True
policy_5_iter_1.json,,/home/bhall2/Documents/fixmypolicy/FL/Experiment-2/temp_validation/val-50-ollamaa/policy_5_iter_1.json,25,deny_fda03fc6,Deny,"['sts:AssumeRoleWithWebIdentity', 'sts:TagSession']",arn:aws:iam::{account id}:role/{role name}-forbidden-resource,deny_c81babfb,deny_c81babfb_combo_2,sts:AssumeRoleWithWebIdentity,forbidden-arn:aws:iam::{account id}:role/{role name}-specific,arn:aws:iam::{account id}:oidc-provider/forbidden-gitlab.com,{'IpAddress': {'aws:SourceIp': '203.0.113.0/24'}},deny,deny,unsat,True
policy_5_iter_1.json,,/home/bhall2/Documents/fixmypolicy/FL/Experiment-2/temp_validation/val-50-ollamaa/policy_5_iter_1.json,25,deny_fda03fc6,Deny,"['sts:AssumeRoleWithWebIdentity', 'sts:TagSession']",arn:aws:iam::{account id}:role/{role name}-forbidden-resource,deny_d9e1c623,deny_d9e1c623_combo_1,sts:AssumeRoleWithWebIdentity,arn:aws:iam::{account id}:role/{role name}-forbidden-resource,arn:aws:iam::999888777666:oidc-provider/gitlab.com,{'StringEquals': {'aws:RequestedRegion': 'us-east-1'}},deny,deny,unsat,True
policy_5_iter_1.json,,/home/bhall2/Documents/fixmypolicy/FL/Experiment-2/temp_validation/val-50-ollamaa/policy_5_iter_1.json,25,deny_fda03fc6,Deny,"['sts:AssumeRoleWithWebIdentity', 'sts:TagSession']",arn:aws:iam::{account id}:role/{role name}-forbidden-resource,deny_eae39e7d,deny_eae39e7d_combo_1,lambda:CreateFunction,arn:aws:iam::{account id}:role/{role name},arn:aws:iam::{account id}:oidc-provider/forbidden-gitlab.com,{'DateLessThan': {'aws:CurrentTime': '2025-12-31T23:59:59Z'}},deny,deny,unsat,True
policy_5_iter_1.json,,/home/bhall2/Documents/fixmypolicy/FL/Experiment-2/temp_validation/val-50-ollamaa/policy_5_iter_1.json,25,deny_fda03fc6,Deny,"['sts:AssumeRoleWithWebIdentity', 'sts:TagSession']",arn:aws:iam::{account id}:role/{role name}-forbidden-resource,allow_277adc8e,allow_277adc8e_combo_1,sts:TagSession,arn:aws:iam::{account id}:role/{role name},arn:aws:iam::{account id}:oidc-provider/gitlab.com,{'StringLike': {'gitlab.com:sub': 'project_path:{redacted}/ref_type:branch:ref'}},allow,deny,unsat,False
policy_5_iter_1.json,,/home/bhall2/Documents/fixmypolicy/FL/Experiment-2/temp_validation/val-50-ollamaa/policy_5_iter_1.json,25,deny_fda03fc6,Deny,"['sts:AssumeRoleWithWebIdentity', 'sts:TagSession']",arn:aws:iam::{account id}:role/{role name}-forbidden-resource,allow_277adc8e,allow_277adc8e_combo_2,sts:AssumeRoleWithWebIdentity,arn:aws:iam::{account id}:role/{role name},arn:aws:iam::{account id}:oidc-provider/gitlab.com,{'StringLike': {'gitlab.com:sub': 'project_path:{redacted}/ref_type:branch:ref'}},allow,deny,unsat,False
policy_5_iter_1.json,,/home/bhall2/Documents/fixmypolicy/FL/Experiment-2/temp_validation/val-50-ollamaa/policy_5_iter_1.json,25,deny_fda03fc6,Deny,"['sts:AssumeRoleWithWebIdentity', 'sts:TagSession']",arn:aws:iam::{account id}:role/{role name}-forbidden-resource,deny_2efa2500,deny_2efa2500_combo_1,sts:TagSession,arn:aws:iam::{account id}:role/{role name}-forbidden-resource,arn:aws:iam::{account id}:oidc-provider/gitlab.com,{'StringLike': {'gitlab.com:sub': 'project_path:{redacted}/*:ref_type:branch:ref:*'}},deny,deny,unsat,True
policy_5_iter_1.json,,/home/bhall2/Documents/fixmypolicy/FL/Experiment-2/temp_validation/val-50-ollamaa/policy_5_iter_1.json,25,deny_fda03fc6,Deny,"['sts:AssumeRoleWithWebIdentity', 'sts:TagSession']",arn:aws:iam::{account id}:role/{role name}-forbidden-resource,deny_2efa2500,deny_2efa2500_combo_2,sts:AssumeRoleWithWebIdentity,arn:aws:iam::{account id}:role/{role name}-forbidden-resource,arn:aws:iam::{account id}:oidc-provider/gitlab.com,{'StringLike': {'gitlab.com:sub': 'project_path:{redacted}/*:ref_type:branch:ref:*'}},deny,deny,unsat,True
policy_5_iter_1.json,,/home/bhall2/Documents/fixmypolicy/FL/Experiment-2/temp_validation/val-50-ollamaa/policy_5_iter_1.json,25,deny_fda03fc6,Deny,"['sts:AssumeRoleWithWebIdentity', 'sts:TagSession']",arn:aws:iam::{account id}:role/{role name}-forbidden-resource,allow_4b2e6812,allow_4b2e6812_combo_1,sts:TagSession,arn:aws:iam::{account id}:role/{role name},arn:aws:iam::999888777666:oidc-provider/gitlab.com,{'StringEquals': {'aws:RequestedRegion': 'us-west-2'}},allow,deny,unsat,False
policy_5_iter_1.json,,/home/bhall2/Documents/fixmypolicy/FL/Experiment-2/temp_validation/val-50-ollamaa/policy_5_iter_1.json,25,deny_fda03fc6,Deny,"['sts:AssumeRoleWithWebIdentity', 'sts:TagSession']",arn:aws:iam::{account id}:role/{role name}-forbidden-resource,allow_4b2e6812,allow_4b2e6812_combo_2,sts:AssumeRoleWithWebIdentity,arn:aws:iam::{account id}:role/{role name},arn:aws:iam::999888777666:oidc-provider/gitlab.com,{'StringEquals': {'aws:RequestedRegion': 'us-west-2'}},allow,deny,unsat,False
policy_5_iter_1.json,,/home/bhall2/Documents/fixmypolicy/FL/Experiment-2/temp_validation/val-50-ollamaa/policy_5_iter_1.json,25,deny_fda03fc6,Deny,"['sts:AssumeRoleWithWebIdentity', 'sts:TagSession']",arn:aws:iam::{account id}:role/{role name}-forbidden-resource,deny_2ccddee4,deny_2ccddee4_combo_1,iam:DeleteUser,arn:aws:iam::{account id}:role/{role name},arn:aws:iam::999888777666:oidc-provider/gitlab.com,{'DateLessThan': {'aws:CurrentTime': '2025-12-31T23:59:59Z'}},deny,deny,unsat,True
policy_5_iter_1.json,,/home/bhall2/Documents/fixmypolicy/FL/Experiment-2/temp_validation/val-50-ollamaa/policy_5_iter_1.json,25,deny_fda03fc6,Deny,"['sts:AssumeRoleWithWebIdentity', 'sts:TagSession']",arn:aws:iam::{account id}:role/{role name}-forbidden-resource,allow_8d6aad9f,allow_8d6aad9f_combo_1,sts:TagSession,arn:aws:iam::{account id}:role/{role name},arn:aws:iam::{account id}:oidc-provider/gitlab.com,{'StringLike': {'gitlab.com:sub': 'project_path:{redacted}/*:ref_type:branch:ref:*'}},allow,deny,unsat,False
policy_5_iter_1.json,,/home/bhall2/Documents/fixmypolicy/FL/Experiment-2/temp_validation/val-50-ollamaa/policy_5_iter_1.json,25,deny_fda03fc6,Deny,"['sts:AssumeRoleWithWebIdentity', 'sts:TagSession']",arn:aws:iam::{account id}:role/{role name}-forbidden-resource,allow_8d6aad9f,allow_8d6aad9f_combo_2,sts:AssumeRoleWithWebIdentity,arn:aws:iam::{account id}:role/{role name},arn:aws:iam::{account id}:oidc-provider/gitlab.com,{'StringLike': {'gitlab.com:sub': 'project_path:{redacted}/*:ref_type:branch:ref:*'}},allow,deny,unsat,False
policy_5_iter_1.json,,/home/bhall2/Documents/fixmypolicy/FL/Experiment-2/temp_validation/val-50-ollamaa/policy_5_iter_1.json,25,deny_fda03fc6,Deny,"['sts:AssumeRoleWithWebIdentity', 'sts:TagSession']",arn:aws:iam::{account id}:role/{role name}-forbidden-resource,allow_46828ad7,allow_46828ad7_combo_1,sts:AssumeRoleWithWebIdentity,arn:aws:iam::{account id}:role/{role name},arn:aws:iam::123456789012:user/alice,{'DateGreaterThan': {'aws:CurrentTime': '2024-01-01T00:00:00Z'}},allow,deny,unsat,False
policy_5_iter_1.json,,/home/bhall2/Documents/fixmypolicy/FL/Experiment-2/temp_validation/val-50-ollamaa/policy_5_iter_1.json,25,deny_fda03fc6,Deny,"['sts:AssumeRoleWithWebIdentity', 'sts:TagSession']",arn:aws:iam::{account id}:role/{role name}-forbidden-resource,allow_46828ad7,allow_46828ad7_combo_2,sts:TagSession,arn:aws:iam::{account id}:role/{role name},arn:aws:iam::123456789012:user/alice,{'DateGreaterThan': {'aws:CurrentTime': '2024-01-01T00:00:00Z'}},allow,deny,unsat,False
policy_5_iter_1.json,,/home/bhall2/Documents/fixmypolicy/FL/Experiment-2/temp_validation/val-50-ollamaa/policy_5_iter_1.json,25,deny_fda03fc6,Deny,"['sts:AssumeRoleWithWebIdentity', 'sts:TagSession']",arn:aws:iam::{account id}:role/{role name}-forbidden-resource,deny_284a8d13,deny_284a8d13_combo_1,lambda:CreateFunction,arn:aws:iam::{account id}:role/{role name},arn:aws:iam::123456789012:user/alice,{'DateLessThan': {'aws:CurrentTime': '2025-12-31T23:59:59Z'}},deny,deny,unsat,True
policy_5_iter_1.json,,/home/bhall2/Documents/fixmypolicy/FL/Experiment-2/temp_validation/val-50-ollamaa/policy_5_iter_1.json,25,deny_fda03fc6,Deny,"['sts:AssumeRoleWithWebIdentity', 'sts:TagSession']",arn:aws:iam::{account id}:role/{role name}-forbidden-resource,allow_d296b21a,allow_d296b21a_combo_1,sts:TagSession,arn:aws:iam::{account id}:role/{role name},arn:aws:iam::999888777666:oidc-provider/gitlab.com,{'StringEquals': {'aws:RequestedRegion': 'us-east-1'}},allow,deny,unsat,False
policy_5_iter_1.json,,/home/bhall2/Documents/fixmypolicy/FL/Experiment-2/temp_validation/val-50-ollamaa/policy_5_iter_1.json,25,deny_fda03fc6,Deny,"['sts:AssumeRoleWithWebIdentity', 'sts:TagSession']",arn:aws:iam::{account id}:role/{role name}-forbidden-resource,allow_d296b21a,allow_d296b21a_combo_2,sts:AssumeRoleWithWebIdentity,arn:aws:iam::{account id}:role/{role name},arn:aws:iam::999888777666:oidc-provider/gitlab.com,{'StringEquals': {'aws:RequestedRegion': 'us-east-1'}},allow,deny,unsat,False
policy_5_iter_1.json,,/home/bhall2/Documents/fixmypolicy/FL/Experiment-2/temp_validation/val-50-ollamaa/policy_5_iter_1.json,25,deny_fda03fc6,Deny,"['sts:AssumeRoleWithWebIdentity', 'sts:TagSession']",arn:aws:iam::{account id}:role/{role name}-forbidden-resource,deny_0f38f412,deny_0f38f412_combo_1,ec2:RunInstances,arn:aws:iam::{account id}:role/{role name},arn:aws:iam::123456789012:user/alice,{'IpAddress': {'aws:SourceIp': '203.0.113.0/24'}},deny,deny,unsat,True
policy_5_iter_1.json,,/home/bhall2/Documents/fixmypolicy/FL/Experiment-2/temp_validation/val-50-ollamaa/policy_5_iter_1.json,25,deny_fda03fc6,Deny,"['sts:AssumeRoleWithWebIdentity', 'sts:TagSession']",arn:aws:iam::{account id}:role/{role name}-forbidden-resource,deny_dccafd42,deny_dccafd42_combo_1,sts:TagSession,forbidden-arn:aws:iam::{account id}:role/{role name}-specific,arn:aws:iam::{account id}:oidc-provider/forbidden-gitlab.com,{'DateLessThan': {'aws:CurrentTime': '2025-12-31T23:59:59Z'}},deny,deny,unsat,True
policy_5_iter_1.json,,/home/bhall2/Documents/fixmypolicy/FL/Experiment-2/temp_validation/val-50-ollamaa/policy_5_iter_1.json,25,deny_fda03fc6,Deny,"['sts:AssumeRoleWithWebIdentity', 'sts:TagSession']",arn:aws:iam::{account id}:role/{role name}-forbidden-resource,deny_dccafd42,deny_dccafd42_combo_2,sts:AssumeRoleWithWebIdentity,forbidden-arn:aws:iam::{account id}:role/{role name}-specific,arn:aws:iam::{account id}:oidc-provider/forbidden-gitlab.com,{'DateLessThan': {'aws:CurrentTime': '2025-12-31T23:59:59Z'}},deny,deny,unsat,True
policy_5_iter_1.json,,/home/bhall2/Documents/fixmypolicy/FL/Experiment-2/temp_validation/val-50-ollamaa/policy_5_iter_1.json,25,deny_fda03fc6,Deny,"['sts:AssumeRoleWithWebIdentity', 'sts:TagSession']",arn:aws:iam::{account id}:role/{role name}-forbidden-resource,allow_b3521fa7,allow_b3521fa7_combo_1,sts:AssumeRoleWithWebIdentity,arn:aws:iam::{account id}:role/{role name},arn:aws:iam::{account id}:oidc-provider/gitlab.com,{'StringLike': {'gitlab.com:sub': 'project_path:{redacted}/*:ref_type:branch:ref:*'}},allow,deny,unsat,False
policy_5_iter_1.json,,/home/bhall2/Documents/fixmypolicy/FL/Experiment-2/temp_validation/val-50-ollamaa/policy_5_iter_1.json,25,deny_fda03fc6,Deny,"['sts:AssumeRoleWithWebIdentity', 'sts:TagSession']",arn:aws:iam::{account id}:role/{role name}-forbidden-resource,deny_5cdc410d,deny_5cdc410d_combo_1,sts:AssumeRoleWithWebIdentity,arn:aws:iam::{account id}:role/{role name}-forbidden-resource,arn:aws:iam::999888777666:oidc-provider/gitlab.com,{'DateLessThan': {'aws:CurrentTime': '2025-12-31T23:59:59Z'}},deny,deny,unsat,True
policy_5_iter_1.json,,/home/bhall2/Documents/fixmypolicy/FL/Experiment-2/temp_validation/val-50-ollamaa/policy_5_iter_1.json,25,deny_fda03fc6,Deny,"['sts:AssumeRoleWithWebIdentity', 'sts:TagSession']",arn:aws:iam::{account id}:role/{role name}-forbidden-resource,allow_1a3aa330,allow_1a3aa330_combo_1,sts:TagSession,arn:aws:iam::{account id}:role/{role name},arn:aws:iam::{account id}:oidc-provider/gitlab.com,{'StringLike': {'gitlab.com:sub': 'project_path:{redacted}/*:ref_type:branch:ref:*'}},allow,deny,unsat,False
policy_5_iter_1.json,,/home/bhall2/Documents/fixmypolicy/FL/Experiment-2/temp_validation/val-50-ollamaa/policy_5_iter_1.json,25,deny_fda03fc6,Deny,"['sts:AssumeRoleWithWebIdentity', 'sts:TagSession']",arn:aws:iam::{account id}:role/{role name}-forbidden-resource,allow_1a3aa330,allow_1a3aa330_combo_2,sts:AssumeRoleWithWebIdentity,arn:aws:iam::{account id}:role/{role name},arn:aws:iam::{account id}:oidc-provider/gitlab.com,{'StringLike': {'gitlab.com:sub': 'project_path:{redacted}/*:ref_type:branch:ref:*'}},allow,deny,unsat,False
policy_5_iter_1.json,,/home/bhall2/Documents/fixmypolicy/FL/Experiment-2/temp_validation/val-50-ollamaa/policy_5_iter_1.json,25,deny_fda03fc6,Deny,"['sts:AssumeRoleWithWebIdentity', 'sts:TagSession']",arn:aws:iam::{account id}:role/{role name}-forbidden-resource,deny_8dc7e4d8,deny_8dc7e4d8_combo_1,sts:TagSession,arn:aws:iam::{account id}:role/{role name}-forbidden-resource,arn:aws:iam::{account id}:oidc-provider/gitlab.com,{'StringLike': {'gitlab.com:sub': 'project_path:{redacted}/*:ref_type:branch:ref:*'}},deny,deny,unsat,True
policy_5_iter_1.json,,/home/bhall2/Documents/fixmypolicy/FL/Experiment-2/temp_validation/val-50-ollamaa/policy_5_iter_1.json,25,deny_fda03fc6,Deny,"['sts:AssumeRoleWithWebIdentity', 'sts:TagSession']",arn:aws:iam::{account id}:role/{role name}-forbidden-resource,allow_a3073d0d,allow_a3073d0d_combo_1,sts:TagSession,arn:aws:iam::{account id}:role/{role name},arn:aws:iam::{account id}:oidc-provider/gitlab.com,{'StringLike': {'gitlab.com:sub': 'project_path:{redacted}/*:ref_type:branch:ref:*'}},allow,deny,unsat,False
policy_5_iter_1.json,,/home/bhall2/Documents/fixmypolicy/FL/Experiment-2/temp_validation/val-50-ollamaa/policy_5_iter_1.json,25,deny_fda03fc6,Deny,"['sts:AssumeRoleWithWebIdentity', 'sts:TagSession']",arn:aws:iam::{account id}:role/{role name}-forbidden-resource,allow_a3073d0d,allow_a3073d0d_combo_2,sts:AssumeRoleWithWebIdentity,arn:aws:iam::{account id}:role/{role name},arn:aws:iam::{account id}:oidc-provider/gitlab.com,{'StringLike': {'gitlab.com:sub': 'project_path:{redacted}/*:ref_type:branch:ref:*'}},allow,deny,unsat,False
policy_5_iter_1.json,,/home/bhall2/Documents/fixmypolicy/FL/Experiment-2/temp_validation/val-50-ollamaa/policy_5_iter_1.json,25,deny_fda03fc6,Deny,"['sts:AssumeRoleWithWebIdentity', 'sts:TagSession']",arn:aws:iam::{account id}:role/{role name}-forbidden-resource,allow_39a49474,allow_39a49474_combo_1,sts:AssumeRoleWithWebIdentity,arn:aws:iam::{account id}:role/{role name},arn:aws:iam::{account id}:oidc-provider/gitlab.com,{'StringLike': {'gitlab.com:sub': 'project_path:{redacted}/*:ref_type:branch:ref:*'}},allow,deny,unsat,False
policy_5_iter_1.json,,/home/bhall2/Documents/fixmypolicy/FL/Experiment-2/temp_validation/val-50-ollamaa/policy_5_iter_1.json,25,deny_fda03fc6,Deny,"['sts:AssumeRoleWithWebIdentity', 'sts:TagSession']",arn:aws:iam::{account id}:role/{role name}-forbidden-resource,allow_39a49474,allow_39a49474_combo_2,sts:TagSession,arn:aws:iam::{account id}:role/{role name},arn:aws:iam::{account id}:oidc-provider/gitlab.com,{'StringLike': {'gitlab.com:sub': 'project_path:{redacted}/*:ref_type:branch:ref:*'}},allow,deny,unsat,False
policy_5_iter_1.json,,/home/bhall2/Documents/fixmypolicy/FL/Experiment-2/temp_validation/val-50-ollamaa/policy_5_iter_1.json,25,deny_fda03fc6,Deny,"['sts:AssumeRoleWithWebIdentity', 'sts:TagSession']",arn:aws:iam::{account id}:role/{role name}-forbidden-resource,deny_b2a7386a,deny_b2a7386a_combo_1,iam:DeleteUser,arn:aws:iam::{account id}:role/{role name},arn:aws:iam::999888777666:oidc-provider/gitlab.com,{'StringEquals': {'aws:RequestedRegion': 'us-west-2'}},deny,deny,unsat,True
policy_5_iter_1.json,,/home/bhall2/Documents/fixmypolicy/FL/Experiment-2/temp_validation/val-50-ollamaa/policy_5_iter_1.json,25,deny_fda03fc6,Deny,"['sts:AssumeRoleWithWebIdentity', 'sts:TagSession']",arn:aws:iam::{account id}:role/{role name}-forbidden-resource,deny_200cd3bf,deny_200cd3bf_combo_1,sts:AssumeRoleWithWebIdentity,arn:aws:iam::{account id}:role/{role name}-forbidden-resource,arn:aws:iam::123456789012:user/alice,{'StringEquals': {'aws:RequestedRegion': 'us-east-1'}},deny,deny,unsat,True
policy_5_iter_1.json,,/home/bhall2/Documents/fixmypolicy/FL/Experiment-2/temp_validation/val-50-ollamaa/policy_5_iter_1.json,25,deny_fda03fc6,Deny,"['sts:AssumeRoleWithWebIdentity', 'sts:TagSession']",arn:aws:iam::{account id}:role/{role name}-forbidden-resource,allow_9e959d67,allow_9e959d67_combo_1,sts:TagSession,arn:aws:iam::{account id}:role/{role name},arn:aws:iam::{account id}:oidc-provider/gitlab.com,{'StringLike': {'gitlab.com:sub': 'project_path:{redacted}/*:ref_type:branch:ref:*'}},allow,deny,unsat,False
policy_5_iter_1.json,,/home/bhall2/Documents/fixmypolicy/FL/Experiment-2/temp_validation/val-50-ollamaa/policy_5_iter_1.json,25,deny_fda03fc6,Deny,"['sts:AssumeRoleWithWebIdentity', 'sts:TagSession']",arn:aws:iam::{account id}:role/{role name}-forbidden-resource,allow_8b2a35e8,allow_8b2a35e8_combo_1,sts:TagSession,arn:aws:iam::{account id}:role/{role name},arn:aws:iam::123456789012:user/alice,{'StringEquals': {'aws:RequestedRegion': 'us-east-1'}},allow,deny,unsat,False
policy_5_iter_1.json,,/home/bhall2/Documents/fixmypolicy/FL/Experiment-2/temp_validation/val-50-ollamaa/policy_5_iter_1.json,25,deny_fda03fc6,Deny,"['sts:AssumeRoleWithWebIdentity', 'sts:TagSession']",arn:aws:iam::{account id}:role/{role name}-forbidden-resource,allow_a7f5ef81,allow_a7f5ef81_combo_1,sts:TagSession,arn:aws:iam::{account id}:role/{role name},arn:aws:iam::{account id}:oidc-provider/gitlab.com,{'StringLike': {'gitlab.com:sub': 'project_path:{redacted}/*:ref_type:branch:ref:*'}},allow,deny,unsat,False
policy_5_iter_1.json,,/home/bhall2/Documents/fixmypolicy/FL/Experiment-2/temp_validation/val-50-ollamaa/policy_5_iter_1.json,25,deny_fda03fc6,Deny,"['sts:AssumeRoleWithWebIdentity', 'sts:TagSession']",arn:aws:iam::{account id}:role/{role name}-forbidden-resource,deny_a61a5c77,deny_a61a5c77_combo_1,ec2:DescribeInstances,arn:aws:iam::{account id}:role/{role name},arn:aws:iam::{account id}:oidc-provider/forbidden-gitlab.com,{'IpAddress': {'aws:SourceIp': '203.0.113.0/24'}},deny,deny,unsat,True
policy_5_iter_1.json,,/home/bhall2/Documents/fixmypolicy/FL/Experiment-2/temp_validation/val-50-ollamaa/policy_5_iter_1.json,25,deny_fda03fc6,Deny,"['sts:AssumeRoleWithWebIdentity', 'sts:TagSession']",arn:aws:iam::{account id}:role/{role name}-forbidden-resource,allow_8fe72846,allow_8fe72846_combo_1,sts:AssumeRoleWithWebIdentity,arn:aws:iam::{account id}:role/{role name},arn:aws:iam::{account id}:oidc-provider/gitlab.com,{'StringLike': {'gitlab.com:sub': 'project_path:{redacted}/*:ref_type:branch:ref:*'}},allow,deny,unsat,False
policy_5_iter_1.json,,/home/bhall2/Documents/fixmypolicy/FL/Experiment-2/temp_validation/val-50-ollamaa/policy_5_iter_1.json,25,deny_fda03fc6,Deny,"['sts:AssumeRoleWithWebIdentity', 'sts:TagSession']",arn:aws:iam::{account id}:role/{role name}-forbidden-resource,allow_8fe72846,allow_8fe72846_combo_2,sts:TagSession,arn:aws:iam::{account id}:role/{role name},arn:aws:iam::{account id}:oidc-provider/gitlab.com,{'StringLike': {'gitlab.com:sub': 'project_path:{redacted}/*:ref_type:branch:ref:*'}},allow,deny,unsat,False
policy_5_iter_1.json,,/home/bhall2/Documents/fixmypolicy/FL/Experiment-2/temp_validation/val-50-ollamaa/policy_5_iter_1.json,25,deny_fda03fc6,Deny,"['sts:AssumeRoleWithWebIdentity', 'sts:TagSession']",arn:aws:iam::{account id}:role/{role name}-forbidden-resource,allow_b9703ac8,allow_b9703ac8_combo_1,sts:AssumeRoleWithWebIdentity,arn:aws:iam::{account id}:role/{role name},arn:aws:iam::{account id}:oidc-provider/gitlab.com,{'StringLike': {'gitlab.com:sub': 'project_path:{redacted}/*:ref_type:branch:ref:*'}},allow,deny,unsat,False
policy_5_iter_1.json,,/home/bhall2/Documents/fixmypolicy/FL/Experiment-2/temp_validation/val-50-ollamaa/policy_5_iter_1.json,25,deny_fda03fc6,Deny,"['sts:AssumeRoleWithWebIdentity', 'sts:TagSession']",arn:aws:iam::{account id}:role/{role name}-forbidden-resource,allow_b9703ac8,allow_b9703ac8_combo_2,sts:TagSession,arn:aws:iam::{account id}:role/{role name},arn:aws:iam::{account id}:oidc-provider/gitlab.com,{'StringLike': {'gitlab.com:sub': 'project_path:{redacted}/*:ref_type:branch:ref:*'}},allow,deny,unsat,False
policy_5_iter_1.json,,/home/bhall2/Documents/fixmypolicy/FL/Experiment-2/temp_validation/val-50-ollamaa/policy_5_iter_1.json,25,deny_fda03fc6,Deny,"['sts:AssumeRoleWithWebIdentity', 'sts:TagSession']",arn:aws:iam::{account id}:role/{role name}-forbidden-resource,deny_fda03fc6,deny_fda03fc6_combo_1,sts:AssumeRoleWithWebIdentity,arn:aws:iam::{account id}:role/{role name}-forbidden-resource,arn:aws:iam::{account id}:oidc-provider/gitlab.com,{'StringLike': {'gitlab.com:sub': 'project_path:{redacted}/*:ref_type:branch:ref:*'}},deny,deny,unsat,True
policy_5_iter_1.json,,/home/bhall2/Documents/fixmypolicy/FL/Experiment-2/temp_validation/val-50-ollamaa/policy_5_iter_1.json,25,deny_fda03fc6,Deny,"['sts:AssumeRoleWithWebIdentity', 'sts:TagSession']",arn:aws:iam::{account id}:role/{role name}-forbidden-resource,deny_fda03fc6,deny_fda03fc6_combo_2,sts:TagSession,arn:aws:iam::{account id}:role/{role name}-forbidden-resource,arn:aws:iam::{account id}:oidc-provider/gitlab.com,{'StringLike': {'gitlab.com:sub': 'project_path:{redacted}/*:ref_type:branch:ref:*'}},deny,deny,unsat,True
