policy_idx,validation_type,accuracy,total_requests,correct,incorrect,misclassified_allow_to_deny,misclassified_deny_to_allow,output_file,iteration,policy_file,structure_validation_passed,error
0,baseline,41.1,90.0,37.0,53.0,53.0,0.0,/home/bhall2/Documents/fixmypolicy/FL/Experiment-1/results/result-90/Quacky_output/temp_validation_3997331_1751295799.txt,,,,
1,baseline,41.1,90.0,37.0,53.0,53.0,0.0,/home/bhall2/Documents/fixmypolicy/FL/Experiment-1/results/result-90/Quacky_output/temp_validation_3997331_1751295799.txt,,,,
2,baseline,41.1,90.0,37.0,53.0,53.0,0.0,/home/bhall2/Documents/fixmypolicy/FL/Experiment-1/results/result-90/Quacky_output/temp_validation_3997331_1751295800.txt,,,,
3,baseline,41.1,90.0,37.0,53.0,53.0,0.0,/home/bhall2/Documents/fixmypolicy/FL/Experiment-1/results/result-90/Quacky_output/temp_validation_3997331_1751295800.txt,,,,
4,baseline,41.1,90.0,37.0,53.0,53.0,0.0,/home/bhall2/Documents/fixmypolicy/FL/Experiment-1/results/result-90/Quacky_output/temp_validation_3997331_1751295801.txt,,,,
5,baseline,30.0,90.0,27.0,63.0,37.0,26.0,/home/bhall2/Documents/fixmypolicy/FL/Experiment-1/results/result-90/Quacky_output/temp_validation_3997331_1751295801.txt,,,,
6,baseline,41.1,90.0,37.0,53.0,53.0,0.0,/home/bhall2/Documents/fixmypolicy/FL/Experiment-1/results/result-90/Quacky_output/temp_validation_3997331_1751295842.txt,,,,
7,baseline,30.0,90.0,27.0,63.0,37.0,26.0,/home/bhall2/Documents/fixmypolicy/FL/Experiment-1/results/result-90/Quacky_output/temp_validation_3997331_1751295842.txt,,,,
8,baseline,33.3,90.0,30.0,60.0,50.0,10.0,/home/bhall2/Documents/fixmypolicy/FL/Experiment-1/results/result-90/Quacky_output/temp_validation_3997331_1751295843.txt,,,,
9,baseline,36.7,90.0,33.0,57.0,39.0,18.0,/home/bhall2/Documents/fixmypolicy/FL/Experiment-1/results/result-90/Quacky_output/temp_validation_3997331_1751295843.txt,,,,
0,repair,100.0,90.0,90.0,0.0,0.0,0.0,,1.0,/home/bhall2/Documents/fixmypolicy/FL/Experiment-1/temp_validation/val-90/policy_0_iter_1.json,True,
1,repair,96.7,90.0,87.0,3.0,1.0,2.0,,1.0,/home/bhall2/Documents/fixmypolicy/FL/Experiment-1/temp_validation/val-90/policy_1_iter_1.json,True,
1,repair,96.7,90.0,87.0,3.0,1.0,2.0,,2.0,/home/bhall2/Documents/fixmypolicy/FL/Experiment-1/temp_validation/val-90/policy_1_iter_2.json,True,
1,repair,96.7,90.0,87.0,3.0,1.0,2.0,,3.0,/home/bhall2/Documents/fixmypolicy/FL/Experiment-1/temp_validation/val-90/policy_1_iter_3.json,True,
1,repair,96.7,90.0,87.0,3.0,1.0,2.0,,4.0,/home/bhall2/Documents/fixmypolicy/FL/Experiment-1/temp_validation/val-90/policy_1_iter_4.json,True,
1,repair,96.7,90.0,87.0,3.0,1.0,2.0,,5.0,/home/bhall2/Documents/fixmypolicy/FL/Experiment-1/temp_validation/val-90/policy_1_iter_5.json,True,
2,repair,84.4,90.0,76.0,14.0,9.0,5.0,,1.0,/home/bhall2/Documents/fixmypolicy/FL/Experiment-1/temp_validation/val-90/policy_2_iter_1.json,True,
2,repair,84.4,90.0,76.0,14.0,9.0,5.0,,2.0,/home/bhall2/Documents/fixmypolicy/FL/Experiment-1/temp_validation/val-90/policy_2_iter_2.json,True,
2,repair,84.4,90.0,76.0,14.0,9.0,5.0,,3.0,/home/bhall2/Documents/fixmypolicy/FL/Experiment-1/temp_validation/val-90/policy_2_iter_3.json,True,
2,repair,84.4,90.0,76.0,14.0,9.0,5.0,,4.0,/home/bhall2/Documents/fixmypolicy/FL/Experiment-1/temp_validation/val-90/policy_2_iter_4.json,True,
2,repair,84.4,90.0,76.0,14.0,9.0,5.0,,5.0,/home/bhall2/Documents/fixmypolicy/FL/Experiment-1/temp_validation/val-90/policy_2_iter_5.json,True,
3,repair,100.0,90.0,90.0,0.0,0.0,0.0,,1.0,/home/bhall2/Documents/fixmypolicy/FL/Experiment-1/temp_validation/val-90/policy_3_iter_1.json,True,
4,repair,95.6,90.0,86.0,4.0,0.0,4.0,,1.0,/home/bhall2/Documents/fixmypolicy/FL/Experiment-1/temp_validation/val-90/policy_4_iter_1.json,True,
4,repair,95.6,90.0,86.0,4.0,0.0,4.0,,2.0,/home/bhall2/Documents/fixmypolicy/FL/Experiment-1/temp_validation/val-90/policy_4_iter_2.json,True,
4,repair,95.6,90.0,86.0,4.0,0.0,4.0,,3.0,/home/bhall2/Documents/fixmypolicy/FL/Experiment-1/temp_validation/val-90/policy_4_iter_3.json,True,
4,repair,95.6,90.0,86.0,4.0,0.0,4.0,,4.0,/home/bhall2/Documents/fixmypolicy/FL/Experiment-1/temp_validation/val-90/policy_4_iter_4.json,True,
4,repair,95.6,90.0,86.0,4.0,0.0,4.0,,5.0,/home/bhall2/Documents/fixmypolicy/FL/Experiment-1/temp_validation/val-90/policy_4_iter_5.json,True,
5,repair,71.1,90.0,64.0,26.0,0.0,26.0,,1.0,/home/bhall2/Documents/fixmypolicy/FL/Experiment-1/temp_validation/val-90/policy_5_iter_1.json,True,
5,repair,71.1,90.0,64.0,26.0,0.0,26.0,,2.0,/home/bhall2/Documents/fixmypolicy/FL/Experiment-1/temp_validation/val-90/policy_5_iter_2.json,True,
5,repair,0.0,,,,,,,3.0,,False,"Failed to parse JSON even after fixes. Original error: Expecting ',' delimiter: line 768 column 8 (char 21010). Fixed JSON: {
  ""Version"": ""2012-10-17"",
  ""Statement"": [
    {
      ""Sid"": ""allow_f3443fbb"",
      ""Effect"": ""Allow"",
      ""Action"": """"sts"":AssumeRoleWithWebIdentity"",
      ""Resource"": """"arn"":""aws"":""s3"":::my-bucket/specific-file.txt"",
      ""Principal"": {
        ""Federated"": """"arn"":""aws"":""iam""::""999888777666"":oidc-provider/gitlab.com""
      },
      ""Condition"": {
        ""StringEquals"": {
          """"aws"":RequestedRegion"": ""us-west-2""
        }
      }
    },
    {
      ""Sid"": ""allow_bad25468"",
      ""Effect"": ""Allow"",
      ""Action"": """"sts"":AssumeRoleWithWebIdentity"",
      ""Resource"": """"arn"":""aws"":""s3"":::my-bucket/specific-file.txt"",
      ""Principal"": {
        ""Federated"": """"arn"":""aws"":""iam""::{account id}:oidc-provider/gitlab.com""
      },
      ""Condition"": {
        ""StringLike"": {
          ""gitlab.""com"":sub"": """"project_path"":{redacted}/*:""ref_type"":""branch"":""ref"":*""
        }
      }
    },
    {
      ""Sid"": ""allow_9bd60fa8"",
      ""Effect"": ""Allow"",
      ""Action"": """"sts"":AssumeRoleWithWebIdentity"",
      ""Resource"": """"arn"":""aws"":""s3"":::my-bucket/specific-file.txt"",
      ""Principal"": {
        ""Federated"": """"arn"":""aws"":""iam""::{account id}:oidc-provider/forbidden-gitlab.com""
      },
      ""Condition"": {
        ""DateGreaterThan"": {
          """"aws"":CurrentTime"": ""2024-01-""01T00"":""00"":00Z""
        }
      }
    },
    {
      ""Sid"": ""allow_5c78eb79"",
      ""Effect"": ""Allow"",
      ""Action"": """"sts"":TagSession"",
      ""Resource"": """"arn"":""aws"":""s3"":::my-bucket/specific-file.txt"",
      ""Principal"": {
        ""AWS"": """"arn"":""aws"":""iam""::""123456789012"":user/alice""
      },
      ""Condition"": {
        ""StringEquals"": {
          """"aws"":RequestedRegion"": ""us-east-1""
        }
      }
    },
    {
      ""Sid"": ""allow_ff310d17"",
      ""Effect"": ""Allow"",
      ""Action"": """"sts"":TagSession"",
      ""Resource"": """"arn"":""aws"":""s3"":::my-bucket/specific-file.txt"",
      ""Principal"": {
        ""Federated"": """"arn"":""aws"":""iam""::{account id}:oidc-provider/forbidden-gitlab.com""
      },
      ""Condition"": {
        ""StringEquals"": {
          """"aws"":RequestedRegion"": ""us-east-1""
        }
      }
    },
    {
      ""Sid"": ""allow_afeaea4f"",
      ""Effect"": ""Allow"",
      ""Action"": [
        """"sts"":AssumeRoleWithWebIdentity"",
        """"sts"":TagSession""
      ],
      ""Resource"": """"arn"":""aws"":""s3"":::my-bucket/specific-file.txt"",
      ""Principal"": {
        ""Federated"": """"arn"":""aws"":""iam""::{account id}:oidc-provider/forbidden-gitlab.com""
      },
      ""Condition"": {
        ""StringEquals"": {
          """"aws"":RequestedRegion"": ""us-east-1""
        }
      }
    },
    {
      ""Sid"": ""allow_420a4b62"",
      ""Effect"": ""Allow"",
      ""Action"": """"sts"":TagSession"",
      ""Resource"": """"arn"":""aws"":""s3"":::my-bucket/specific-file.txt"",
      ""Principal"": {
        ""Federated"": """"arn"":""aws"":""iam""::{account id}:oidc-provider/gitlab.com""
      },
      ""Condition"": {
        ""StringLike"": {
          ""gitlab.""com"":sub"": """"project_path"":{redacted}/*:""ref_type"":""branch"":""ref"":*""
        }
      }
    },
    {
      ""Sid"": ""allow_45477a1b"",
      ""Effect"": ""Allow"",
      ""Action"": """"sts"":TagSession"",
      ""Resource"": """"arn"":""aws"":""s3"":::my-bucket/specific-file.txt"",
      ""Principal"": {
        ""Federated"": """"arn"":""aws"":""iam""::{account id}:oidc-provider/gitlab.com""
      },
      ""Condition"": {
        ""StringLike"": {
          ""gitlab.""com"":sub"": """"project_path"":{redacted}/*:""ref_type"":""branch"":""ref"":*""
        }
      }
    },
    {
      ""Sid"": ""allow_f4a6b4ed"",
      ""Effect"": ""Allow"",
      ""Action"": """"sts"":AssumeRoleWithWebIdentity"",
      ""Resource"": """"arn"":""aws"":""s3"":::my-bucket/specific-file.txt"",
      ""Principal"": {
        ""AWS"": """"arn"":""aws"":""iam""::""123456789012"":user/alice""
      },
      ""Condition"": {
        ""StringEquals"": {
          """"aws"":RequestedRegion"": ""us-west-2""
        }
      }
    },
    {
      ""Sid"": ""allow_4400f1c6"",
      ""Effect"": ""Allow"",
      ""Action"": """"sts"":AssumeRoleWithWebIdentity"",
      ""Resource"": """"arn"":""aws"":""s3"":::my-bucket/specific-file.txt"",
      ""Principal"": {
        ""AWS"": """"arn"":""aws"":""iam""::""123456789012"":user/alice""
      },
      ""Condition"": {
        ""StringEquals"": {
          """"aws"":RequestedRegion"": ""us-east-1""
        }
      }
    },
    {
      ""Sid"": ""allow_c3cd96fc"",
      ""Effect"": ""Allow"",
      ""Action"": """"sts"":TagSession"",
      ""Resource"": """"arn"":""aws"":""s3"":::my-bucket/specific-file.txt"",
      ""Principal"": {
        ""AWS"": """"arn"":""aws"":""iam""::""123456789012"":user/alice""
      },
      ""Condition"": {
        ""IpAddress"": {
          """"aws"":SourceIp"": ""203.0.113.0/24""
        }
      }
    },
    {
      ""Sid"": ""allow_96c85169"",
      ""Effect"": ""Allow"",
      ""Action"": """"sts"":TagSession"",
      ""Resource"": """"arn"":""aws"":""s3"":::my-bucket/specific-file.txt"",
      ""Principal"": {
        ""Federated"": """"arn"":""aws"":""iam""::{account id}:oidc-provider/gitlab.com""
      },
      ""Condition"": {
        ""StringLike"": {
          ""gitlab.""com"":sub"": """"project_path"":{redacted}/*:""ref_type"":""branch"":""ref"":*""
        }
      }
    },
    {
      ""Sid"": ""allow_e37917c4"",
      ""Effect"": ""Allow"",
      ""Action"": """"sts"":TagSession"",
      ""Resource"": """"arn"":""aws"":""s3"":::my-bucket/specific-file.txt"",
      ""Principal"": {
        ""Federated"": """"arn"":""aws"":""iam""::{account id}:oidc-provider/gitlab.com""
      },
      ""Condition"": {
        ""StringLike"": {
          ""gitlab.""com"":sub"": """"project_path"":{redacted}/*:""ref_type"":""branch"":""ref"":*""
        }
      }
    },
    {
      ""Sid"": ""allow_92f56ce4"",
      ""Effect"": ""Allow"",
      ""Action"": [
        """"sts"":AssumeRoleWithWebIdentity"",
        """"sts"":TagSession""
      ],
      ""Resource"": """"arn"":""aws"":""s3"":::my-bucket/specific-file.txt"",
      ""Principal"": {
        ""Federated"": """"arn"":""aws"":""iam""::{account id}:oidc-provider/gitlab.com""
      },
      ""Condition"": {
        ""StringLike"": {
          ""gitlab.""com"":sub"": """"project_path"":{redacted}/*:""ref_type"":""branch"":""ref"":*""
        }
      }
    },
    {
      ""Sid"": ""allow_213535c7"",
      ""Effect"": ""Allow"",
      ""Action"": """"sts"":TagSession"",
      ""Resource"": """"arn"":""aws"":""s3"":::my-bucket/specific-file.txt"",
      ""Principal"": {
        ""AWS"": """"arn"":""aws"":""iam""::""123456789012"":user/alice""
      },
      ""Condition"": {
        ""DateGreaterThan"": {
          """"aws"":CurrentTime"": ""2024-01-""01T00"":""00"":00Z""
        }
      }
    },
    {
      ""Sid"": ""allow_445b549a"",
      ""Effect"": ""Allow"",
      ""Action"": """"sts"":TagSession"",
      ""Resource"": """"arn"":""aws"":""s3"":::my-bucket/specific-file.txt"",
      ""Principal"": {
        ""Federated"": """"arn"":""aws"":""iam""::{account id}:oidc-provider/forbidden-gitlab.com""
      },
      ""Condition"": {
        ""StringEquals"": {
          """"aws"":RequestedRegion"": ""us-west-2""
        }
      }
    },
    {
      ""Sid"": ""allow_b3f8707b"",
      ""Effect"": ""Allow"",
      ""Action"": """"sts"":AssumeRoleWithWebIdentity"",
      ""Resource"": """"arn"":""aws"":""s3"":::my-bucket/specific-file.txt"",
      ""Principal"": {
        ""Federated"": """"arn"":""aws"":""iam""::{account id}:oidc-provider/gitlab.com""
      },
      ""Condition"": {
        ""StringLike"": {
          ""gitlab.""com"":sub"": """"project_path"":{redacted}/*:""ref_type"":""branch"":""ref"":*""
        }
      }
    },
    {
      ""Sid"": ""allow_57201976"",
      ""Effect"": ""Allow"",
      ""Action"": [
        """"sts"":TagSession"",
        """"sts"":AssumeRoleWithWebIdentity""
      ],
      ""Resource"": """"arn"":""aws"":""s3"":::my-bucket/specific-file.txt"",
      ""Principal"": {
        ""Federated"": """"arn"":""aws"":""iam""::""999888777666"":oidc-provider/gitlab.com""
      },
      ""Condition"": {
        ""StringEquals"": {
          """"aws"":RequestedRegion"": ""us-east-1""
        }
      }
    },
    {
      ""Sid"": ""allow_f4cfd339"",
      ""Effect"": ""Allow"",
      ""Action"": """"sts"":AssumeRoleWithWebIdentity"",
      ""Resource"": """"arn"":""aws"":""s3"":::my-bucket/specific-file.txt"",
      ""Principal"": {
        ""AWS"": """"arn"":""aws"":""iam""::""123456789012"":user/alice""
      },
      ""Condition"": {
        ""StringEquals"": {
          """"aws"":RequestedRegion"": ""us-east-1""
        }
      }
    },
    {
      ""Sid"": ""allow_bb597ff5"",
      ""Effect"": ""Allow"",
      ""Action"": """"sts"":TagSession"",
      ""Resource"": """"arn"":""aws"":""s3"":::my-bucket/specific-file.txt"",
      ""Principal"": {
        ""Federated"": """"arn"":""aws"":""iam""::{account id}:oidc-provider/forbidden-gitlab.com""
      },
      ""Condition"": {
        ""IpAddress"": {
          """"aws"":SourceIp"": ""203.0.113.0/24""
        }
      }
    },
    {
      ""Sid"": ""allow_3a40a6ac"",
      ""Effect"": ""Allow"",
      ""Action"": """"sts"":TagSession"",
      ""Resource"": """"arn"":""aws"":""s3"":::my-bucket/specific-file.txt"",
      ""Principal"": {
        ""Federated"": """"arn"":""aws"":""iam""::""999888777666"":oidc-provider/gitlab.com""
      },
      ""Condition"": {
        ""StringEquals"": {
          """"aws"":RequestedRegion"": ""us-west-2""
        }
      }
    },
    {
      ""Sid"": ""allow_8a0ce56e"",
      ""Effect"": ""Allow"",
      ""Action"": """"sts"":AssumeRoleWithWebIdentity"",
      ""Resource"": """"arn"":""aws"":""s3"":::my-bucket/specific-file.txt"",
      ""Principal"": {
        ""Federated"": """"arn"":""aws"":""iam""::{account id}:oidc-provider/gitlab.com""
      },
      ""Condition"": {
        ""StringLike"": {
          ""gitlab.""com"":sub"": """"project_path"":{redacted}/*:""ref_type"":""branch"":""ref"":*""
        }
      }
    },
    {
      ""Sid"": ""allow_0d14ca97"",
      ""Effect"": ""Allow"",
      ""Action"": [
        """"sts"":AssumeRoleWithWebIdentity"",
        """"sts"":TagSession""
      ],
      ""Resource"": """"arn"":""aws"":""s3"":::my-bucket/specific-file.txt"",
      ""Principal"": {
        ""Federated"": """"arn"":""aws"":""iam""::""999888777666"":oidc-provider/gitlab.com""
      },
      ""Condition"": {
        ""StringEquals"": {
          """"aws"":RequestedRegion"": ""us-west-2""
        }
      }
    },
    {
      ""Sid"": ""allow_c9354053"",
      ""Effect"": ""Allow"",
      ""Action"": """"sts"":TagSession"",
      ""Resource"": """"arn"":""aws"":""s3"":::my-bucket/specific-file.txt"",
      ""Principal"": {
        ""AWS"": """"arn"":""aws"":""iam""::""123456789012"":user/alice""
      },
      ""Condition"": {
        ""IpAddress"": {
          """"aws"":SourceIp"": ""203.0.113.0/24""
        }
      }
    },
    {
      ""Sid"": ""allow_0a9df417"",
      ""Effect"": ""Allow"",
      ""Action"": """"sts"":AssumeRoleWithWebIdentity"",
      ""Resource"": """"arn"":""aws"":""s3"":::my-bucket/specific-file.txt"",
      ""Principal"": {
        ""Federated"": """"arn"":""aws"":""iam""::""999888777666"":oidc-provider/gitlab.com""
      },
      ""Condition"": {
        ""StringEquals"": {
          """"aws"":RequestedRegion"": ""us-west-2""
        }
      }
    },
    {
      ""Sid"": ""allow_d4520cbb"",
      ""Effect"": ""Allow"",
      ""Action"": [
        """"sts"":AssumeRoleWithWebIdentity"",
        """"sts"":TagSession""
      ],
      ""Resource"": """"arn"":""aws"":""s3"":::my-bucket/specific-file.txt"",
      ""Principal"": {
        ""Federated"": """"arn"":""aws"":""iam""::{account id}:oidc-provider/gitlab.com""
      },
      ""Condition"": {
        ""StringLike"": {
          ""gitlab.""com"":sub"": """"project_path"":{redacted}/*:""ref_type"":""branch"":""ref"":*""
        }
      }
    },
    {
      ""Sid"": ""allow_4a11172e"",
      ""Effect"": ""Allow"",
      ""Action"": """"sts"":AssumeRoleWithWebIdentity"",
      ""Resource"": """"arn"":""aws"":""s3"":::my-bucket/specific-file.txt"",
      ""Principal"": {
        ""Federated"": """"arn"":""aws"":""iam""::{account id}:oidc-provider/forbidden-gitlab.com""
      },
      ""Condition"": {
        ""IpAddress"": {
          """"aws"":SourceIp"": ""203.0.113.0/24""
        }
      }
    },
    {
      ""Sid"": ""allow_6f18dd86"",
      ""Effect"": ""Allow"",
      ""Action"": [
        """"sts"":TagSession"",
        """"sts"":AssumeRoleWithWebIdentity""
      ],
      ""Resource"": """"arn"":""aws"":""s3"":::my-bucket/specific-file.txt"",
      ""Principal"": {
        ""AWS"": """"arn"":""aws"":""iam""::""123456789012"":user/alice""
      },
      ""Condition"": {
        ""StringEquals"": {
          """"aws"":RequestedRegion"": ""us-west-2""
        }
      }
    },
    {
      ""Sid"": ""allow_4d6f6e60"",
      ""Effect"": ""Allow"",
      ""Action"": """"sts"":TagSession"",
      ""Resource"": """"arn"":""aws"":""s3"":::my-bucket/specific-file.txt"",
      ""Principal"": {
        ""Federated"": """"arn"":""aws"":""iam""::{account id}:oidc-provider/forbidden-gitlab.com""
      },
      ""Condition"": {
        ""IpAddress"": {
          """"aws"":SourceIp"": ""203.0.113.0/24""
        }
      }
    },
    {
      ""Sid"": ""allow_f21c21d0"",
      ""Effect"": ""Allow"",
      ""Action"": [
        """"sts"":AssumeRoleWithWebIdentity"",
        """"sts"":TagSession""
      ],
      ""Resource"": """"arn"":""aws"":""s3"":::my-bucket/specific-file.txt"",
      ""Principal"": {
        ""Federated"": """"arn"":""aws"":""iam""::{account id}:oidc-provider/gitlab.com""
      },
      ""Condition"": {
        ""StringLike"": {
          ""gitlab.""com"":sub"": """"project_path"":{redacted}/*:""ref_type"":""branch"":""ref"":*""
        }
      }
    },
    {
      ""Sid"": ""allow_5a739583"",
      ""Effect"": ""Allow"",
      ""Action"": """"sts"":AssumeRoleWithWebIdentity"",
      ""Resource"": """"arn"":""aws"":""s3"":::my-bucket/specific-file.txt"",
      ""Principal"": {
        ""AWS"": """"arn"":""aws"":""iam""::""123456789012"":user/alice""
      },
      ""Condition"": {
        ""StringEquals"": {
          """"aws"":RequestedRegion"": ""us-west-2""
        }
      }
    },
    {
      ""Sid"": ""allow_0684384d"",
      ""Effect"": ""Allow"",
      ""Action"": """"sts"":AssumeRoleWithWebIdentity"",
      ""Resource"": """"arn"":""aws"":""s3"":::my-bucket/specific-file.txt"",
      ""Principal"": {
        ""Federated"": """"arn"":""aws"":""iam""::{account id}:oidc-provider/gitlab.com""
      },
      ""Condition"": {
        ""StringLike"": {
          ""gitlab.""com"":sub"": """"project_path"":{redacted}/*:""ref_type"":""branch"":""ref"":*""
        }
      }
    },
    {
      ""Sid"": ""allow_933549bc"",
      ""Effect"": ""Allow"",
      ""Action"": [
        """"sts"":AssumeRoleWithWebIdentity"",
        """"sts"":TagSession""
      ],
      ""Resource"": """"arn"":""aws"":""s3"":::my-bucket/specific-file.txt"",
      ""Principal"": {
        ""Federated"": """"arn"":""aws"":""iam""::""999888777666"":oidc-provider/gitlab.com""
      },
      ""Condition"": {
        ""StringEquals"": {
          """"aws"":RequestedRegion"": ""us-east-1""
        }
      }
    },
    {
      ""Sid"": ""allow_5d4d0e32"",
      ""Effect"": ""Allow"",
      ""Action"": [
        """"sts"":TagSession"",
        """"sts"":AssumeRoleWithWebIdentity""
      ],
      ""Resource"": """"arn"":""aws"":""s3"":::my-bucket/specific-file.txt"",
      ""Principal"": {
        ""Federated"": """"arn"":""aws"":""iam""::{account id}:oidc-provider/forbidden-gitlab.com""
      },
      ""Condition"": {
        ""StringEquals"": {
          """"aws"":RequestedRegion"": ""us-east-1""
        }
      }
    },
    {
      ""Sid"": ""allow_5a7baeae"",
      ""Effect"": ""Allow"",
      ""Action"": """"sts"":AssumeRoleWithWebIdentity"",
      ""Resource"": """"arn"":""aws"":""s3"":::my-bucket/specific-file.txt"",
      ""Principal"": {
        ""Federated"": """"arn"":""aws"":""iam""::{account id}:oidc-provider/gitlab.com""
      },
      ""Condition"": {
        ""StringLike"": {
          ""gitlab.""com"":sub"": """"project_path"":{redacted}/*:""ref_type"":""branch"":""ref"":*""
        }
      }
    },
    {
      ""Sid"": ""allow_5d18cf04"",
      ""Effect"": ""Allow"",
      ""Action"": [
        """"sts"":AssumeRoleWithWebIdentity"",
        """"sts"":TagSession""
      ],
      ""Resource"": """"arn"":""aws"":""s3"":::my-bucket/specific-file.txt"",
      ""Principal"": {
        ""Federated"": """"arn"":""aws"":""iam""::{account id}:oidc-provider/forbidden-gitlab.com""
      },
      ""Condition"": {
        ""IpAddress"": {
          """"aws"":SourceIp"": ""203.0.113.0/24""
        }
      }
    },
    {
      ""Sid"": ""allow_9611b2e3"",
      ""Effect"": ""Allow"",
      ""Action"": """"sts"":TagSession"",
      ""Resource"": """"arn"":""aws"":""s3"":::my-bucket/specific-file.txt"",
      ""Principal"": {
        ""AWS"": """"arn"":""aws"":""iam""::""123456789012"":user/alice""
      },
      ""Condition"": {
        ""StringEquals"": {
          """"aws"":RequestedRegion"": ""us-east-1""
        }
      }
    },
    {
      ""Sid"": ""allow_c8701d71"",
      ""Effect"": ""Allow"",
      ""Action"": [
        """"sts"":AssumeRoleWithWebIdentity"",
        """"sts"":TagSession""
      ],
      ""Resource"": """"arn"":""aws"":""s3"":::my-bucket/specific-file.txt"",
      ""Principal"": {
        ""AWS"": """"arn"":""aws"":""iam""::""123456789012"":user/alice""
      },
      ""Condition"": {
        ""StringEquals"": {
          """"aws"":RequestedRegion"": ""us-west-2""
        }
      }
    },
    {
      ""Sid"": ""allow_18abbd7d"",
      ""Effect"": ""Allow"",
      ""Action"": """"sts"":AssumeRoleWithWebIdentity"",
      ""Resource"": """"arn"":""aws"":""s3"":::my-bucket/specific-file.txt"",
      ""Principal"": {
        ""AWS"": """"arn"":""aws"":""iam""::""123456789012"":user/alice""
      },
      ""Condition"": {
        ""StringEquals"": {
          """"aws"":RequestedRegion"": ""us-west-2""
        }
      }
    },
    {
      ""Sid"": ""allow_c3ad872a"",
      ""Effect"": ""Allow"",
      ""Action"": [
        """"sts"":TagSession"",
        """"sts"":AssumeRoleWithWebIdentity""
      ],
      ""Resource"": """"arn"":""aws"":""s3"":::my-bucket/specific-file.txt"",
      ""Principal"": {
        ""Federated"": """"arn"":""aws"":""iam""::{account id}:oidc-provider/forbidden-gitlab.com""
      },
      ""Condition"": {
        ""DateLessThan"": {
          """"aws"":CurrentTime"": ""2025-12-""31T23"":""59"":59Z""
        }
      }
    },
    {
      ""Sid"": ""allow_213194da"",
      ""Effect"": ""Allow"",
      ""Action"": """"sts"":AssumeRoleWithWebIdentity"",
      ""Resource"": """"arn"":""aws"":""s3"":::my-bucket/specific-file.txt"",
      ""Principal"": {
        ""Federated"": """"arn"":""aws"":""iam""::{account id}:oidc-provider/gitlab.com""
      },
      ""Condition"": {
        ""StringLike"": {
          ""gitlab.""com"":sub"": """"project_path"":{redacted}/*:""ref_type"":""branch"":""ref"":*""
        }
      }
    },
    {
      ""Sid"": ""deny_596686cd"",
      ""Effect"": ""Deny"",
      ""Action"": [
        """"sts"":TagSession"",
        """"sts"":AssumeRoleWithWebIdentity""
      ],
      ""Resource"": """"arn"":""aws"":""s3"":::my-bucket/specific-file.txt"",
      ""Principal"": {
        ""Federated"": """"arn"":""aws"":""iam""::{account id}:oidc-provider/gitlab.com""
      },
      ""Condition"": {
        ""StringLike"": {
          ""gitlab.""com"":sub"": """"project_path"":{redacted}/*:""ref_type"":""branch"":""ref"":*""
        }
      }
    },
    {
      ""Sid"": ""deny_c279b254"",
      ""Effect"": ""Deny"",
      ""Action"": """"sts"":AssumeRoleWithWebIdentity"",
      ""Resource"": """"arn"":""aws"":""s3"":::my-bucket/specific-file.txt"",
      ""Principal"": {
        ""Federated"": """"arn"":""aws"":""iam""::{account id}:oidc-provider/gitlab.com""
      },
      ""Condition"": {
        ""StringLike"": {
          ""gitlab.""com"":sub"": """"project_path"":{redacted}/*:""ref_type"":""branch"":""ref"":*""
        }
      }
    },
    {
      ""Sid"": ""deny_9b1a1c13"",
      ""Effect"": ""Deny"",
      ""Action"": [
        """"sts"":TagSession"",
        """"sts"":AssumeRoleWithWebIdentity""
      ],
      ""Resource"": """"arn"":""aws"":""s3"":::forbidden-bucket/file.txt"",
      ""Principal"": {
        ""AWS"": """"arn"":""aws"":""iam""::""123456789012"":user/alice""
      },
      ""Condition"": {
        ""StringEquals"": {
          """"aws"":RequestedRegion"": ""us-west-2""
        }
      }
    },
    {
      ""Sid"": ""deny_b5d1d1c4"",
      ""Effect"": ""Deny"",
      ""Action"": [
        """"sts"":AssumeRoleWithWebIdentity"",
        """"sts"":TagSession""
      ],
      ""Resource"": """"arn"":""aws"":""s3"":::forbidden-bucket/file.txt"",
      ""Principal"": {
        ""Federated"": """"arn"":""aws"":""iam""::""999888777666"":oidc-provider/gitlab.com""
      },
      ""Condition"": {
        ""DateLessThan"": {
          """"aws"":CurrentTime"": ""2025-12-""31T23"":""59"":59Z""
        }
      }
    },
    {
      ""Sid"": ""deny_a38f3d64"",
      ""Effect"": ""Deny"",
      ""Action"": [
        """"sts"":TagSession"",
        """"sts"":AssumeRoleWithWebIdentity""
      ],
      ""Resource"": """"arn"":""aws"":""s3"":::forbidden-bucket/file.txt"",
      ""Principal"": {
        ""Federated"": """"arn"":""aws"":""iam""::{account id}:oidc-provider/forbidden-gitlab.com""
      },
      ""Condition"": {
        ""DateLessThan"": {
          """"aws"":CurrentTime"": ""2025-12-""31T23"":""59"":59Z""
        }
      }
    },
    {
      ""Sid"": ""deny_fb4663fe"",
      ""Effect"": ""Deny"",
      ""Action"": [
        """"sts"":AssumeRoleWithWebIdentity"",
        """"sts"":TagSession""
      ],
      ""Resource"": """"arn"":""aws"":""s3"":::my-bucket/specific-file.txt"",
      ""Principal"": {
        ""Federated"": """"arn"":""aws"":""iam""::{account id}:oidc-provider/gitlab.com""
      },
      ""Condition"": {
        ""StringLike"": {
          ""gitlab.""com"":sub"": """"project_path"":{redacted}/*:""ref_type"":""branch"":""ref"":*""
        }
      }
    },
    {
      ""Sid"": ""deny_088ea7ec"",
      ""Effect"": ""Deny"",
      ""Action"": [
        """"sts"":TagSession"",
        """"sts"":AssumeRoleWithWebIdentity""
      ],
      ""Resource"": """"arn"":""aws"":""s3"":::my-bucket/specific-file.txt"",
      ""Principal"": {
        ""Federated"": """"arn"":""aws"":""iam""::{account id}:oidc-provider/gitlab.com""
      },
      ""Condition"": {
        ""StringLike"": {
          ""gitlab.""com"":sub"": """"project_path"":{redacted}/*:""ref_type"":""branch"":""ref"":*""
        }
      }
    },
    {
      ""Sid"": ""deny_ef1c076b"",
      ""Effect"": ""Deny"",
      ""Action"": [
        """"sts"":AssumeRoleWithWebIdentity"",
        """"sts"":TagSession""
      ],
      ""Resource"": """"arn"":""aws"":""s3"":::my-bucket/specific-file.txt"",
      ""Principal"": {
        ""Federated"": """"arn"":""aws"":""iam""::{account id}:oidc-provider/gitlab.com""
      },
      ""Condition"": {
        ""StringLike"": {
          ""gitlab.""com"":sub"": """"project_path"":{redacted}/*:""ref_type"":""branch"":""ref"":*""
        }
      }
    },
    {
      ""Sid"": ""deny_38898b91"",
      ""Effect"": ""Deny"",
      ""Action"": """"iam"":CreateUser"",
      ""Resource"": """"arn"":""aws"":""s3"":::my-bucket/specific-file.txt"",
      ""Principal"": {
        ""Federated"": """"arn"":""aws"":""iam""::""999888777666"":oidc-provider/gitlab.com""
      },
      ""Condition"": {
        ""StringEquals"": {
          """"aws"":RequestedRegion"": ""us-east-1""
        }
      }
    },
    {
      ""Sid"": ""deny_da12709f"",
      ""Effect"": ""Deny"",
      ""Action"": """"sts"":TagSession"",
      ""Resource"": """"arn"":""aws"":""s3"":::my-bucket/specific-file.txt"",
      ""Principal"": {
        ""Federated"": """"arn"":""aws"":""iam""::{account id}:oidc-provider/gitlab.com""
      }"
5,repair,0.0,,,,,,,4.0,,False,"Failed to parse JSON even after fixes. Original error: Expecting ',' delimiter: line 768 column 8 (char 21010). Fixed JSON: {
  ""Version"": ""2012-10-17"",
  ""Statement"": [
    {
      ""Sid"": ""allow_f3443fbb"",
      ""Effect"": ""Allow"",
      ""Action"": """"sts"":AssumeRoleWithWebIdentity"",
      ""Resource"": """"arn"":""aws"":""s3"":::my-bucket/specific-file.txt"",
      ""Principal"": {
        ""Federated"": """"arn"":""aws"":""iam""::""999888777666"":oidc-provider/gitlab.com""
      },
      ""Condition"": {
        ""StringEquals"": {
          """"aws"":RequestedRegion"": ""us-west-2""
        }
      }
    },
    {
      ""Sid"": ""allow_bad25468"",
      ""Effect"": ""Allow"",
      ""Action"": """"sts"":AssumeRoleWithWebIdentity"",
      ""Resource"": """"arn"":""aws"":""s3"":::my-bucket/specific-file.txt"",
      ""Principal"": {
        ""Federated"": """"arn"":""aws"":""iam""::{account id}:oidc-provider/gitlab.com""
      },
      ""Condition"": {
        ""StringLike"": {
          ""gitlab.""com"":sub"": """"project_path"":{redacted}/*:""ref_type"":""branch"":""ref"":*""
        }
      }
    },
    {
      ""Sid"": ""allow_9bd60fa8"",
      ""Effect"": ""Allow"",
      ""Action"": """"sts"":AssumeRoleWithWebIdentity"",
      ""Resource"": """"arn"":""aws"":""s3"":::my-bucket/specific-file.txt"",
      ""Principal"": {
        ""Federated"": """"arn"":""aws"":""iam""::{account id}:oidc-provider/forbidden-gitlab.com""
      },
      ""Condition"": {
        ""DateGreaterThan"": {
          """"aws"":CurrentTime"": ""2024-01-""01T00"":""00"":00Z""
        }
      }
    },
    {
      ""Sid"": ""allow_5c78eb79"",
      ""Effect"": ""Allow"",
      ""Action"": """"sts"":TagSession"",
      ""Resource"": """"arn"":""aws"":""s3"":::my-bucket/specific-file.txt"",
      ""Principal"": {
        ""AWS"": """"arn"":""aws"":""iam""::""123456789012"":user/alice""
      },
      ""Condition"": {
        ""StringEquals"": {
          """"aws"":RequestedRegion"": ""us-east-1""
        }
      }
    },
    {
      ""Sid"": ""allow_ff310d17"",
      ""Effect"": ""Allow"",
      ""Action"": """"sts"":TagSession"",
      ""Resource"": """"arn"":""aws"":""s3"":::my-bucket/specific-file.txt"",
      ""Principal"": {
        ""Federated"": """"arn"":""aws"":""iam""::{account id}:oidc-provider/forbidden-gitlab.com""
      },
      ""Condition"": {
        ""StringEquals"": {
          """"aws"":RequestedRegion"": ""us-east-1""
        }
      }
    },
    {
      ""Sid"": ""allow_afeaea4f"",
      ""Effect"": ""Allow"",
      ""Action"": [
        """"sts"":AssumeRoleWithWebIdentity"",
        """"sts"":TagSession""
      ],
      ""Resource"": """"arn"":""aws"":""s3"":::my-bucket/specific-file.txt"",
      ""Principal"": {
        ""Federated"": """"arn"":""aws"":""iam""::{account id}:oidc-provider/forbidden-gitlab.com""
      },
      ""Condition"": {
        ""StringEquals"": {
          """"aws"":RequestedRegion"": ""us-east-1""
        }
      }
    },
    {
      ""Sid"": ""allow_420a4b62"",
      ""Effect"": ""Allow"",
      ""Action"": """"sts"":TagSession"",
      ""Resource"": """"arn"":""aws"":""s3"":::my-bucket/specific-file.txt"",
      ""Principal"": {
        ""Federated"": """"arn"":""aws"":""iam""::{account id}:oidc-provider/gitlab.com""
      },
      ""Condition"": {
        ""StringLike"": {
          ""gitlab.""com"":sub"": """"project_path"":{redacted}/*:""ref_type"":""branch"":""ref"":*""
        }
      }
    },
    {
      ""Sid"": ""allow_45477a1b"",
      ""Effect"": ""Allow"",
      ""Action"": """"sts"":TagSession"",
      ""Resource"": """"arn"":""aws"":""s3"":::my-bucket/specific-file.txt"",
      ""Principal"": {
        ""Federated"": """"arn"":""aws"":""iam""::{account id}:oidc-provider/gitlab.com""
      },
      ""Condition"": {
        ""StringLike"": {
          ""gitlab.""com"":sub"": """"project_path"":{redacted}/*:""ref_type"":""branch"":""ref"":*""
        }
      }
    },
    {
      ""Sid"": ""allow_f4a6b4ed"",
      ""Effect"": ""Allow"",
      ""Action"": """"sts"":AssumeRoleWithWebIdentity"",
      ""Resource"": """"arn"":""aws"":""s3"":::my-bucket/specific-file.txt"",
      ""Principal"": {
        ""AWS"": """"arn"":""aws"":""iam""::""123456789012"":user/alice""
      },
      ""Condition"": {
        ""StringEquals"": {
          """"aws"":RequestedRegion"": ""us-west-2""
        }
      }
    },
    {
      ""Sid"": ""allow_4400f1c6"",
      ""Effect"": ""Allow"",
      ""Action"": """"sts"":AssumeRoleWithWebIdentity"",
      ""Resource"": """"arn"":""aws"":""s3"":::my-bucket/specific-file.txt"",
      ""Principal"": {
        ""AWS"": """"arn"":""aws"":""iam""::""123456789012"":user/alice""
      },
      ""Condition"": {
        ""StringEquals"": {
          """"aws"":RequestedRegion"": ""us-east-1""
        }
      }
    },
    {
      ""Sid"": ""allow_c3cd96fc"",
      ""Effect"": ""Allow"",
      ""Action"": """"sts"":TagSession"",
      ""Resource"": """"arn"":""aws"":""s3"":::my-bucket/specific-file.txt"",
      ""Principal"": {
        ""AWS"": """"arn"":""aws"":""iam""::""123456789012"":user/alice""
      },
      ""Condition"": {
        ""IpAddress"": {
          """"aws"":SourceIp"": ""203.0.113.0/24""
        }
      }
    },
    {
      ""Sid"": ""allow_96c85169"",
      ""Effect"": ""Allow"",
      ""Action"": """"sts"":TagSession"",
      ""Resource"": """"arn"":""aws"":""s3"":::my-bucket/specific-file.txt"",
      ""Principal"": {
        ""Federated"": """"arn"":""aws"":""iam""::{account id}:oidc-provider/gitlab.com""
      },
      ""Condition"": {
        ""StringLike"": {
          ""gitlab.""com"":sub"": """"project_path"":{redacted}/*:""ref_type"":""branch"":""ref"":*""
        }
      }
    },
    {
      ""Sid"": ""allow_e37917c4"",
      ""Effect"": ""Allow"",
      ""Action"": """"sts"":TagSession"",
      ""Resource"": """"arn"":""aws"":""s3"":::my-bucket/specific-file.txt"",
      ""Principal"": {
        ""Federated"": """"arn"":""aws"":""iam""::{account id}:oidc-provider/gitlab.com""
      },
      ""Condition"": {
        ""StringLike"": {
          ""gitlab.""com"":sub"": """"project_path"":{redacted}/*:""ref_type"":""branch"":""ref"":*""
        }
      }
    },
    {
      ""Sid"": ""allow_92f56ce4"",
      ""Effect"": ""Allow"",
      ""Action"": [
        """"sts"":AssumeRoleWithWebIdentity"",
        """"sts"":TagSession""
      ],
      ""Resource"": """"arn"":""aws"":""s3"":::my-bucket/specific-file.txt"",
      ""Principal"": {
        ""Federated"": """"arn"":""aws"":""iam""::{account id}:oidc-provider/gitlab.com""
      },
      ""Condition"": {
        ""StringLike"": {
          ""gitlab.""com"":sub"": """"project_path"":{redacted}/*:""ref_type"":""branch"":""ref"":*""
        }
      }
    },
    {
      ""Sid"": ""allow_213535c7"",
      ""Effect"": ""Allow"",
      ""Action"": """"sts"":TagSession"",
      ""Resource"": """"arn"":""aws"":""s3"":::my-bucket/specific-file.txt"",
      ""Principal"": {
        ""AWS"": """"arn"":""aws"":""iam""::""123456789012"":user/alice""
      },
      ""Condition"": {
        ""DateGreaterThan"": {
          """"aws"":CurrentTime"": ""2024-01-""01T00"":""00"":00Z""
        }
      }
    },
    {
      ""Sid"": ""allow_445b549a"",
      ""Effect"": ""Allow"",
      ""Action"": """"sts"":TagSession"",
      ""Resource"": """"arn"":""aws"":""s3"":::my-bucket/specific-file.txt"",
      ""Principal"": {
        ""Federated"": """"arn"":""aws"":""iam""::{account id}:oidc-provider/forbidden-gitlab.com""
      },
      ""Condition"": {
        ""StringEquals"": {
          """"aws"":RequestedRegion"": ""us-west-2""
        }
      }
    },
    {
      ""Sid"": ""allow_b3f8707b"",
      ""Effect"": ""Allow"",
      ""Action"": """"sts"":AssumeRoleWithWebIdentity"",
      ""Resource"": """"arn"":""aws"":""s3"":::my-bucket/specific-file.txt"",
      ""Principal"": {
        ""Federated"": """"arn"":""aws"":""iam""::{account id}:oidc-provider/gitlab.com""
      },
      ""Condition"": {
        ""StringLike"": {
          ""gitlab.""com"":sub"": """"project_path"":{redacted}/*:""ref_type"":""branch"":""ref"":*""
        }
      }
    },
    {
      ""Sid"": ""allow_57201976"",
      ""Effect"": ""Allow"",
      ""Action"": [
        """"sts"":TagSession"",
        """"sts"":AssumeRoleWithWebIdentity""
      ],
      ""Resource"": """"arn"":""aws"":""s3"":::my-bucket/specific-file.txt"",
      ""Principal"": {
        ""Federated"": """"arn"":""aws"":""iam""::""999888777666"":oidc-provider/gitlab.com""
      },
      ""Condition"": {
        ""StringEquals"": {
          """"aws"":RequestedRegion"": ""us-east-1""
        }
      }
    },
    {
      ""Sid"": ""allow_f4cfd339"",
      ""Effect"": ""Allow"",
      ""Action"": """"sts"":AssumeRoleWithWebIdentity"",
      ""Resource"": """"arn"":""aws"":""s3"":::my-bucket/specific-file.txt"",
      ""Principal"": {
        ""AWS"": """"arn"":""aws"":""iam""::""123456789012"":user/alice""
      },
      ""Condition"": {
        ""StringEquals"": {
          """"aws"":RequestedRegion"": ""us-east-1""
        }
      }
    },
    {
      ""Sid"": ""allow_bb597ff5"",
      ""Effect"": ""Allow"",
      ""Action"": """"sts"":TagSession"",
      ""Resource"": """"arn"":""aws"":""s3"":::my-bucket/specific-file.txt"",
      ""Principal"": {
        ""Federated"": """"arn"":""aws"":""iam""::{account id}:oidc-provider/forbidden-gitlab.com""
      },
      ""Condition"": {
        ""IpAddress"": {
          """"aws"":SourceIp"": ""203.0.113.0/24""
        }
      }
    },
    {
      ""Sid"": ""allow_3a40a6ac"",
      ""Effect"": ""Allow"",
      ""Action"": """"sts"":TagSession"",
      ""Resource"": """"arn"":""aws"":""s3"":::my-bucket/specific-file.txt"",
      ""Principal"": {
        ""Federated"": """"arn"":""aws"":""iam""::""999888777666"":oidc-provider/gitlab.com""
      },
      ""Condition"": {
        ""StringEquals"": {
          """"aws"":RequestedRegion"": ""us-west-2""
        }
      }
    },
    {
      ""Sid"": ""allow_8a0ce56e"",
      ""Effect"": ""Allow"",
      ""Action"": """"sts"":AssumeRoleWithWebIdentity"",
      ""Resource"": """"arn"":""aws"":""s3"":::my-bucket/specific-file.txt"",
      ""Principal"": {
        ""Federated"": """"arn"":""aws"":""iam""::{account id}:oidc-provider/gitlab.com""
      },
      ""Condition"": {
        ""StringLike"": {
          ""gitlab.""com"":sub"": """"project_path"":{redacted}/*:""ref_type"":""branch"":""ref"":*""
        }
      }
    },
    {
      ""Sid"": ""allow_0d14ca97"",
      ""Effect"": ""Allow"",
      ""Action"": [
        """"sts"":AssumeRoleWithWebIdentity"",
        """"sts"":TagSession""
      ],
      ""Resource"": """"arn"":""aws"":""s3"":::my-bucket/specific-file.txt"",
      ""Principal"": {
        ""Federated"": """"arn"":""aws"":""iam""::""999888777666"":oidc-provider/gitlab.com""
      },
      ""Condition"": {
        ""StringEquals"": {
          """"aws"":RequestedRegion"": ""us-west-2""
        }
      }
    },
    {
      ""Sid"": ""allow_c9354053"",
      ""Effect"": ""Allow"",
      ""Action"": """"sts"":TagSession"",
      ""Resource"": """"arn"":""aws"":""s3"":::my-bucket/specific-file.txt"",
      ""Principal"": {
        ""AWS"": """"arn"":""aws"":""iam""::""123456789012"":user/alice""
      },
      ""Condition"": {
        ""IpAddress"": {
          """"aws"":SourceIp"": ""203.0.113.0/24""
        }
      }
    },
    {
      ""Sid"": ""allow_0a9df417"",
      ""Effect"": ""Allow"",
      ""Action"": """"sts"":AssumeRoleWithWebIdentity"",
      ""Resource"": """"arn"":""aws"":""s3"":::my-bucket/specific-file.txt"",
      ""Principal"": {
        ""Federated"": """"arn"":""aws"":""iam""::""999888777666"":oidc-provider/gitlab.com""
      },
      ""Condition"": {
        ""StringEquals"": {
          """"aws"":RequestedRegion"": ""us-west-2""
        }
      }
    },
    {
      ""Sid"": ""allow_d4520cbb"",
      ""Effect"": ""Allow"",
      ""Action"": [
        """"sts"":AssumeRoleWithWebIdentity"",
        """"sts"":TagSession""
      ],
      ""Resource"": """"arn"":""aws"":""s3"":::my-bucket/specific-file.txt"",
      ""Principal"": {
        ""Federated"": """"arn"":""aws"":""iam""::{account id}:oidc-provider/gitlab.com""
      },
      ""Condition"": {
        ""StringLike"": {
          ""gitlab.""com"":sub"": """"project_path"":{redacted}/*:""ref_type"":""branch"":""ref"":*""
        }
      }
    },
    {
      ""Sid"": ""allow_4a11172e"",
      ""Effect"": ""Allow"",
      ""Action"": """"sts"":AssumeRoleWithWebIdentity"",
      ""Resource"": """"arn"":""aws"":""s3"":::my-bucket/specific-file.txt"",
      ""Principal"": {
        ""Federated"": """"arn"":""aws"":""iam""::{account id}:oidc-provider/forbidden-gitlab.com""
      },
      ""Condition"": {
        ""IpAddress"": {
          """"aws"":SourceIp"": ""203.0.113.0/24""
        }
      }
    },
    {
      ""Sid"": ""allow_6f18dd86"",
      ""Effect"": ""Allow"",
      ""Action"": [
        """"sts"":TagSession"",
        """"sts"":AssumeRoleWithWebIdentity""
      ],
      ""Resource"": """"arn"":""aws"":""s3"":::my-bucket/specific-file.txt"",
      ""Principal"": {
        ""AWS"": """"arn"":""aws"":""iam""::""123456789012"":user/alice""
      },
      ""Condition"": {
        ""StringEquals"": {
          """"aws"":RequestedRegion"": ""us-west-2""
        }
      }
    },
    {
      ""Sid"": ""allow_4d6f6e60"",
      ""Effect"": ""Allow"",
      ""Action"": """"sts"":TagSession"",
      ""Resource"": """"arn"":""aws"":""s3"":::my-bucket/specific-file.txt"",
      ""Principal"": {
        ""Federated"": """"arn"":""aws"":""iam""::{account id}:oidc-provider/forbidden-gitlab.com""
      },
      ""Condition"": {
        ""IpAddress"": {
          """"aws"":SourceIp"": ""203.0.113.0/24""
        }
      }
    },
    {
      ""Sid"": ""allow_f21c21d0"",
      ""Effect"": ""Allow"",
      ""Action"": [
        """"sts"":AssumeRoleWithWebIdentity"",
        """"sts"":TagSession""
      ],
      ""Resource"": """"arn"":""aws"":""s3"":::my-bucket/specific-file.txt"",
      ""Principal"": {
        ""Federated"": """"arn"":""aws"":""iam""::{account id}:oidc-provider/gitlab.com""
      },
      ""Condition"": {
        ""StringLike"": {
          ""gitlab.""com"":sub"": """"project_path"":{redacted}/*:""ref_type"":""branch"":""ref"":*""
        }
      }
    },
    {
      ""Sid"": ""allow_5a739583"",
      ""Effect"": ""Allow"",
      ""Action"": """"sts"":AssumeRoleWithWebIdentity"",
      ""Resource"": """"arn"":""aws"":""s3"":::my-bucket/specific-file.txt"",
      ""Principal"": {
        ""AWS"": """"arn"":""aws"":""iam""::""123456789012"":user/alice""
      },
      ""Condition"": {
        ""StringEquals"": {
          """"aws"":RequestedRegion"": ""us-west-2""
        }
      }
    },
    {
      ""Sid"": ""allow_0684384d"",
      ""Effect"": ""Allow"",
      ""Action"": """"sts"":AssumeRoleWithWebIdentity"",
      ""Resource"": """"arn"":""aws"":""s3"":::my-bucket/specific-file.txt"",
      ""Principal"": {
        ""Federated"": """"arn"":""aws"":""iam""::{account id}:oidc-provider/gitlab.com""
      },
      ""Condition"": {
        ""StringLike"": {
          ""gitlab.""com"":sub"": """"project_path"":{redacted}/*:""ref_type"":""branch"":""ref"":*""
        }
      }
    },
    {
      ""Sid"": ""allow_933549bc"",
      ""Effect"": ""Allow"",
      ""Action"": [
        """"sts"":AssumeRoleWithWebIdentity"",
        """"sts"":TagSession""
      ],
      ""Resource"": """"arn"":""aws"":""s3"":::my-bucket/specific-file.txt"",
      ""Principal"": {
        ""Federated"": """"arn"":""aws"":""iam""::""999888777666"":oidc-provider/gitlab.com""
      },
      ""Condition"": {
        ""StringEquals"": {
          """"aws"":RequestedRegion"": ""us-east-1""
        }
      }
    },
    {
      ""Sid"": ""allow_5d4d0e32"",
      ""Effect"": ""Allow"",
      ""Action"": [
        """"sts"":TagSession"",
        """"sts"":AssumeRoleWithWebIdentity""
      ],
      ""Resource"": """"arn"":""aws"":""s3"":::my-bucket/specific-file.txt"",
      ""Principal"": {
        ""Federated"": """"arn"":""aws"":""iam""::{account id}:oidc-provider/forbidden-gitlab.com""
      },
      ""Condition"": {
        ""StringEquals"": {
          """"aws"":RequestedRegion"": ""us-east-1""
        }
      }
    },
    {
      ""Sid"": ""allow_5a7baeae"",
      ""Effect"": ""Allow"",
      ""Action"": """"sts"":AssumeRoleWithWebIdentity"",
      ""Resource"": """"arn"":""aws"":""s3"":::my-bucket/specific-file.txt"",
      ""Principal"": {
        ""Federated"": """"arn"":""aws"":""iam""::{account id}:oidc-provider/gitlab.com""
      },
      ""Condition"": {
        ""StringLike"": {
          ""gitlab.""com"":sub"": """"project_path"":{redacted}/*:""ref_type"":""branch"":""ref"":*""
        }
      }
    },
    {
      ""Sid"": ""allow_5d18cf04"",
      ""Effect"": ""Allow"",
      ""Action"": [
        """"sts"":AssumeRoleWithWebIdentity"",
        """"sts"":TagSession""
      ],
      ""Resource"": """"arn"":""aws"":""s3"":::my-bucket/specific-file.txt"",
      ""Principal"": {
        ""Federated"": """"arn"":""aws"":""iam""::{account id}:oidc-provider/forbidden-gitlab.com""
      },
      ""Condition"": {
        ""IpAddress"": {
          """"aws"":SourceIp"": ""203.0.113.0/24""
        }
      }
    },
    {
      ""Sid"": ""allow_9611b2e3"",
      ""Effect"": ""Allow"",
      ""Action"": """"sts"":TagSession"",
      ""Resource"": """"arn"":""aws"":""s3"":::my-bucket/specific-file.txt"",
      ""Principal"": {
        ""AWS"": """"arn"":""aws"":""iam""::""123456789012"":user/alice""
      },
      ""Condition"": {
        ""StringEquals"": {
          """"aws"":RequestedRegion"": ""us-east-1""
        }
      }
    },
    {
      ""Sid"": ""allow_c8701d71"",
      ""Effect"": ""Allow"",
      ""Action"": [
        """"sts"":AssumeRoleWithWebIdentity"",
        """"sts"":TagSession""
      ],
      ""Resource"": """"arn"":""aws"":""s3"":::my-bucket/specific-file.txt"",
      ""Principal"": {
        ""AWS"": """"arn"":""aws"":""iam""::""123456789012"":user/alice""
      },
      ""Condition"": {
        ""StringEquals"": {
          """"aws"":RequestedRegion"": ""us-west-2""
        }
      }
    },
    {
      ""Sid"": ""allow_18abbd7d"",
      ""Effect"": ""Allow"",
      ""Action"": """"sts"":AssumeRoleWithWebIdentity"",
      ""Resource"": """"arn"":""aws"":""s3"":::my-bucket/specific-file.txt"",
      ""Principal"": {
        ""AWS"": """"arn"":""aws"":""iam""::""123456789012"":user/alice""
      },
      ""Condition"": {
        ""StringEquals"": {
          """"aws"":RequestedRegion"": ""us-west-2""
        }
      }
    },
    {
      ""Sid"": ""allow_c3ad872a"",
      ""Effect"": ""Allow"",
      ""Action"": [
        """"sts"":TagSession"",
        """"sts"":AssumeRoleWithWebIdentity""
      ],
      ""Resource"": """"arn"":""aws"":""s3"":::my-bucket/specific-file.txt"",
      ""Principal"": {
        ""Federated"": """"arn"":""aws"":""iam""::{account id}:oidc-provider/forbidden-gitlab.com""
      },
      ""Condition"": {
        ""DateLessThan"": {
          """"aws"":CurrentTime"": ""2025-12-""31T23"":""59"":59Z""
        }
      }
    },
    {
      ""Sid"": ""allow_213194da"",
      ""Effect"": ""Allow"",
      ""Action"": """"sts"":AssumeRoleWithWebIdentity"",
      ""Resource"": """"arn"":""aws"":""s3"":::my-bucket/specific-file.txt"",
      ""Principal"": {
        ""Federated"": """"arn"":""aws"":""iam""::{account id}:oidc-provider/gitlab.com""
      },
      ""Condition"": {
        ""StringLike"": {
          ""gitlab.""com"":sub"": """"project_path"":{redacted}/*:""ref_type"":""branch"":""ref"":*""
        }
      }
    },
    {
      ""Sid"": ""deny_596686cd"",
      ""Effect"": ""Deny"",
      ""Action"": [
        """"sts"":TagSession"",
        """"sts"":AssumeRoleWithWebIdentity""
      ],
      ""Resource"": """"arn"":""aws"":""s3"":::my-bucket/specific-file.txt"",
      ""Principal"": {
        ""Federated"": """"arn"":""aws"":""iam""::{account id}:oidc-provider/gitlab.com""
      },
      ""Condition"": {
        ""StringLike"": {
          ""gitlab.""com"":sub"": """"project_path"":{redacted}/*:""ref_type"":""branch"":""ref"":*""
        }
      }
    },
    {
      ""Sid"": ""deny_c279b254"",
      ""Effect"": ""Deny"",
      ""Action"": """"sts"":AssumeRoleWithWebIdentity"",
      ""Resource"": """"arn"":""aws"":""s3"":::my-bucket/specific-file.txt"",
      ""Principal"": {
        ""Federated"": """"arn"":""aws"":""iam""::{account id}:oidc-provider/gitlab.com""
      },
      ""Condition"": {
        ""StringLike"": {
          ""gitlab.""com"":sub"": """"project_path"":{redacted}/*:""ref_type"":""branch"":""ref"":*""
        }
      }
    },
    {
      ""Sid"": ""deny_9b1a1c13"",
      ""Effect"": ""Deny"",
      ""Action"": [
        """"sts"":TagSession"",
        """"sts"":AssumeRoleWithWebIdentity""
      ],
      ""Resource"": """"arn"":""aws"":""s3"":::forbidden-bucket/file.txt"",
      ""Principal"": {
        ""AWS"": """"arn"":""aws"":""iam""::""123456789012"":user/alice""
      },
      ""Condition"": {
        ""StringEquals"": {
          """"aws"":RequestedRegion"": ""us-west-2""
        }
      }
    },
    {
      ""Sid"": ""deny_b5d1d1c4"",
      ""Effect"": ""Deny"",
      ""Action"": [
        """"sts"":AssumeRoleWithWebIdentity"",
        """"sts"":TagSession""
      ],
      ""Resource"": """"arn"":""aws"":""s3"":::forbidden-bucket/file.txt"",
      ""Principal"": {
        ""Federated"": """"arn"":""aws"":""iam""::""999888777666"":oidc-provider/gitlab.com""
      },
      ""Condition"": {
        ""DateLessThan"": {
          """"aws"":CurrentTime"": ""2025-12-""31T23"":""59"":59Z""
        }
      }
    },
    {
      ""Sid"": ""deny_a38f3d64"",
      ""Effect"": ""Deny"",
      ""Action"": [
        """"sts"":TagSession"",
        """"sts"":AssumeRoleWithWebIdentity""
      ],
      ""Resource"": """"arn"":""aws"":""s3"":::forbidden-bucket/file.txt"",
      ""Principal"": {
        ""Federated"": """"arn"":""aws"":""iam""::{account id}:oidc-provider/forbidden-gitlab.com""
      },
      ""Condition"": {
        ""DateLessThan"": {
          """"aws"":CurrentTime"": ""2025-12-""31T23"":""59"":59Z""
        }
      }
    },
    {
      ""Sid"": ""deny_fb4663fe"",
      ""Effect"": ""Deny"",
      ""Action"": [
        """"sts"":AssumeRoleWithWebIdentity"",
        """"sts"":TagSession""
      ],
      ""Resource"": """"arn"":""aws"":""s3"":::my-bucket/specific-file.txt"",
      ""Principal"": {
        ""Federated"": """"arn"":""aws"":""iam""::{account id}:oidc-provider/gitlab.com""
      },
      ""Condition"": {
        ""StringLike"": {
          ""gitlab.""com"":sub"": """"project_path"":{redacted}/*:""ref_type"":""branch"":""ref"":*""
        }
      }
    },
    {
      ""Sid"": ""deny_088ea7ec"",
      ""Effect"": ""Deny"",
      ""Action"": [
        """"sts"":TagSession"",
        """"sts"":AssumeRoleWithWebIdentity""
      ],
      ""Resource"": """"arn"":""aws"":""s3"":::my-bucket/specific-file.txt"",
      ""Principal"": {
        ""Federated"": """"arn"":""aws"":""iam""::{account id}:oidc-provider/gitlab.com""
      },
      ""Condition"": {
        ""StringLike"": {
          ""gitlab.""com"":sub"": """"project_path"":{redacted}/*:""ref_type"":""branch"":""ref"":*""
        }
      }
    },
    {
      ""Sid"": ""deny_ef1c076b"",
      ""Effect"": ""Deny"",
      ""Action"": [
        """"sts"":AssumeRoleWithWebIdentity"",
        """"sts"":TagSession""
      ],
      ""Resource"": """"arn"":""aws"":""s3"":::my-bucket/specific-file.txt"",
      ""Principal"": {
        ""Federated"": """"arn"":""aws"":""iam""::{account id}:oidc-provider/gitlab.com""
      },
      ""Condition"": {
        ""StringLike"": {
          ""gitlab.""com"":sub"": """"project_path"":{redacted}/*:""ref_type"":""branch"":""ref"":*""
        }
      }
    },
    {
      ""Sid"": ""deny_38898b91"",
      ""Effect"": ""Deny"",
      ""Action"": """"iam"":CreateUser"",
      ""Resource"": """"arn"":""aws"":""s3"":::my-bucket/specific-file.txt"",
      ""Principal"": {
        ""Federated"": """"arn"":""aws"":""iam""::""999888777666"":oidc-provider/gitlab.com""
      },
      ""Condition"": {
        ""StringEquals"": {
          """"aws"":RequestedRegion"": ""us-east-1""
        }
      }
    },
    {
      ""Sid"": ""deny_da12709f"",
      ""Effect"": ""Deny"",
      ""Action"": """"sts"":TagSession"",
      ""Resource"": """"arn"":""aws"":""s3"":::my-bucket/specific-file.txt"",
      ""Principal"": {
        ""Federated"": """"arn"":""aws"":""iam""::{account id}:oidc-provider/gitlab.com""
      }"
5,repair,0.0,,,,,,,5.0,,False,"Failed to parse JSON even after fixes. Original error: Expecting ',' delimiter: line 768 column 8 (char 21010). Fixed JSON: {
  ""Version"": ""2012-10-17"",
  ""Statement"": [
    {
      ""Sid"": ""allow_f3443fbb"",
      ""Effect"": ""Allow"",
      ""Action"": """"sts"":AssumeRoleWithWebIdentity"",
      ""Resource"": """"arn"":""aws"":""s3"":::my-bucket/specific-file.txt"",
      ""Principal"": {
        ""Federated"": """"arn"":""aws"":""iam""::""999888777666"":oidc-provider/gitlab.com""
      },
      ""Condition"": {
        ""StringEquals"": {
          """"aws"":RequestedRegion"": ""us-west-2""
        }
      }
    },
    {
      ""Sid"": ""allow_bad25468"",
      ""Effect"": ""Allow"",
      ""Action"": """"sts"":AssumeRoleWithWebIdentity"",
      ""Resource"": """"arn"":""aws"":""s3"":::my-bucket/specific-file.txt"",
      ""Principal"": {
        ""Federated"": """"arn"":""aws"":""iam""::{account id}:oidc-provider/gitlab.com""
      },
      ""Condition"": {
        ""StringLike"": {
          ""gitlab.""com"":sub"": """"project_path"":{redacted}/*:""ref_type"":""branch"":""ref"":*""
        }
      }
    },
    {
      ""Sid"": ""allow_9bd60fa8"",
      ""Effect"": ""Allow"",
      ""Action"": """"sts"":AssumeRoleWithWebIdentity"",
      ""Resource"": """"arn"":""aws"":""s3"":::my-bucket/specific-file.txt"",
      ""Principal"": {
        ""Federated"": """"arn"":""aws"":""iam""::{account id}:oidc-provider/forbidden-gitlab.com""
      },
      ""Condition"": {
        ""DateGreaterThan"": {
          """"aws"":CurrentTime"": ""2024-01-""01T00"":""00"":00Z""
        }
      }
    },
    {
      ""Sid"": ""allow_5c78eb79"",
      ""Effect"": ""Allow"",
      ""Action"": """"sts"":TagSession"",
      ""Resource"": """"arn"":""aws"":""s3"":::my-bucket/specific-file.txt"",
      ""Principal"": {
        ""AWS"": """"arn"":""aws"":""iam""::""123456789012"":user/alice""
      },
      ""Condition"": {
        ""StringEquals"": {
          """"aws"":RequestedRegion"": ""us-east-1""
        }
      }
    },
    {
      ""Sid"": ""allow_ff310d17"",
      ""Effect"": ""Allow"",
      ""Action"": """"sts"":TagSession"",
      ""Resource"": """"arn"":""aws"":""s3"":::my-bucket/specific-file.txt"",
      ""Principal"": {
        ""Federated"": """"arn"":""aws"":""iam""::{account id}:oidc-provider/forbidden-gitlab.com""
      },
      ""Condition"": {
        ""StringEquals"": {
          """"aws"":RequestedRegion"": ""us-east-1""
        }
      }
    },
    {
      ""Sid"": ""allow_afeaea4f"",
      ""Effect"": ""Allow"",
      ""Action"": [
        """"sts"":AssumeRoleWithWebIdentity"",
        """"sts"":TagSession""
      ],
      ""Resource"": """"arn"":""aws"":""s3"":::my-bucket/specific-file.txt"",
      ""Principal"": {
        ""Federated"": """"arn"":""aws"":""iam""::{account id}:oidc-provider/forbidden-gitlab.com""
      },
      ""Condition"": {
        ""StringEquals"": {
          """"aws"":RequestedRegion"": ""us-east-1""
        }
      }
    },
    {
      ""Sid"": ""allow_420a4b62"",
      ""Effect"": ""Allow"",
      ""Action"": """"sts"":TagSession"",
      ""Resource"": """"arn"":""aws"":""s3"":::my-bucket/specific-file.txt"",
      ""Principal"": {
        ""Federated"": """"arn"":""aws"":""iam""::{account id}:oidc-provider/gitlab.com""
      },
      ""Condition"": {
        ""StringLike"": {
          ""gitlab.""com"":sub"": """"project_path"":{redacted}/*:""ref_type"":""branch"":""ref"":*""
        }
      }
    },
    {
      ""Sid"": ""allow_45477a1b"",
      ""Effect"": ""Allow"",
      ""Action"": """"sts"":TagSession"",
      ""Resource"": """"arn"":""aws"":""s3"":::my-bucket/specific-file.txt"",
      ""Principal"": {
        ""Federated"": """"arn"":""aws"":""iam""::{account id}:oidc-provider/gitlab.com""
      },
      ""Condition"": {
        ""StringLike"": {
          ""gitlab.""com"":sub"": """"project_path"":{redacted}/*:""ref_type"":""branch"":""ref"":*""
        }
      }
    },
    {
      ""Sid"": ""allow_f4a6b4ed"",
      ""Effect"": ""Allow"",
      ""Action"": """"sts"":AssumeRoleWithWebIdentity"",
      ""Resource"": """"arn"":""aws"":""s3"":::my-bucket/specific-file.txt"",
      ""Principal"": {
        ""AWS"": """"arn"":""aws"":""iam""::""123456789012"":user/alice""
      },
      ""Condition"": {
        ""StringEquals"": {
          """"aws"":RequestedRegion"": ""us-west-2""
        }
      }
    },
    {
      ""Sid"": ""allow_4400f1c6"",
      ""Effect"": ""Allow"",
      ""Action"": """"sts"":AssumeRoleWithWebIdentity"",
      ""Resource"": """"arn"":""aws"":""s3"":::my-bucket/specific-file.txt"",
      ""Principal"": {
        ""AWS"": """"arn"":""aws"":""iam""::""123456789012"":user/alice""
      },
      ""Condition"": {
        ""StringEquals"": {
          """"aws"":RequestedRegion"": ""us-east-1""
        }
      }
    },
    {
      ""Sid"": ""allow_c3cd96fc"",
      ""Effect"": ""Allow"",
      ""Action"": """"sts"":TagSession"",
      ""Resource"": """"arn"":""aws"":""s3"":::my-bucket/specific-file.txt"",
      ""Principal"": {
        ""AWS"": """"arn"":""aws"":""iam""::""123456789012"":user/alice""
      },
      ""Condition"": {
        ""IpAddress"": {
          """"aws"":SourceIp"": ""203.0.113.0/24""
        }
      }
    },
    {
      ""Sid"": ""allow_96c85169"",
      ""Effect"": ""Allow"",
      ""Action"": """"sts"":TagSession"",
      ""Resource"": """"arn"":""aws"":""s3"":::my-bucket/specific-file.txt"",
      ""Principal"": {
        ""Federated"": """"arn"":""aws"":""iam""::{account id}:oidc-provider/gitlab.com""
      },
      ""Condition"": {
        ""StringLike"": {
          ""gitlab.""com"":sub"": """"project_path"":{redacted}/*:""ref_type"":""branch"":""ref"":*""
        }
      }
    },
    {
      ""Sid"": ""allow_e37917c4"",
      ""Effect"": ""Allow"",
      ""Action"": """"sts"":TagSession"",
      ""Resource"": """"arn"":""aws"":""s3"":::my-bucket/specific-file.txt"",
      ""Principal"": {
        ""Federated"": """"arn"":""aws"":""iam""::{account id}:oidc-provider/gitlab.com""
      },
      ""Condition"": {
        ""StringLike"": {
          ""gitlab.""com"":sub"": """"project_path"":{redacted}/*:""ref_type"":""branch"":""ref"":*""
        }
      }
    },
    {
      ""Sid"": ""allow_92f56ce4"",
      ""Effect"": ""Allow"",
      ""Action"": [
        """"sts"":AssumeRoleWithWebIdentity"",
        """"sts"":TagSession""
      ],
      ""Resource"": """"arn"":""aws"":""s3"":::my-bucket/specific-file.txt"",
      ""Principal"": {
        ""Federated"": """"arn"":""aws"":""iam""::{account id}:oidc-provider/gitlab.com""
      },
      ""Condition"": {
        ""StringLike"": {
          ""gitlab.""com"":sub"": """"project_path"":{redacted}/*:""ref_type"":""branch"":""ref"":*""
        }
      }
    },
    {
      ""Sid"": ""allow_213535c7"",
      ""Effect"": ""Allow"",
      ""Action"": """"sts"":TagSession"",
      ""Resource"": """"arn"":""aws"":""s3"":::my-bucket/specific-file.txt"",
      ""Principal"": {
        ""AWS"": """"arn"":""aws"":""iam""::""123456789012"":user/alice""
      },
      ""Condition"": {
        ""DateGreaterThan"": {
          """"aws"":CurrentTime"": ""2024-01-""01T00"":""00"":00Z""
        }
      }
    },
    {
      ""Sid"": ""allow_445b549a"",
      ""Effect"": ""Allow"",
      ""Action"": """"sts"":TagSession"",
      ""Resource"": """"arn"":""aws"":""s3"":::my-bucket/specific-file.txt"",
      ""Principal"": {
        ""Federated"": """"arn"":""aws"":""iam""::{account id}:oidc-provider/forbidden-gitlab.com""
      },
      ""Condition"": {
        ""StringEquals"": {
          """"aws"":RequestedRegion"": ""us-west-2""
        }
      }
    },
    {
      ""Sid"": ""allow_b3f8707b"",
      ""Effect"": ""Allow"",
      ""Action"": """"sts"":AssumeRoleWithWebIdentity"",
      ""Resource"": """"arn"":""aws"":""s3"":::my-bucket/specific-file.txt"",
      ""Principal"": {
        ""Federated"": """"arn"":""aws"":""iam""::{account id}:oidc-provider/gitlab.com""
      },
      ""Condition"": {
        ""StringLike"": {
          ""gitlab.""com"":sub"": """"project_path"":{redacted}/*:""ref_type"":""branch"":""ref"":*""
        }
      }
    },
    {
      ""Sid"": ""allow_57201976"",
      ""Effect"": ""Allow"",
      ""Action"": [
        """"sts"":TagSession"",
        """"sts"":AssumeRoleWithWebIdentity""
      ],
      ""Resource"": """"arn"":""aws"":""s3"":::my-bucket/specific-file.txt"",
      ""Principal"": {
        ""Federated"": """"arn"":""aws"":""iam""::""999888777666"":oidc-provider/gitlab.com""
      },
      ""Condition"": {
        ""StringEquals"": {
          """"aws"":RequestedRegion"": ""us-east-1""
        }
      }
    },
    {
      ""Sid"": ""allow_f4cfd339"",
      ""Effect"": ""Allow"",
      ""Action"": """"sts"":AssumeRoleWithWebIdentity"",
      ""Resource"": """"arn"":""aws"":""s3"":::my-bucket/specific-file.txt"",
      ""Principal"": {
        ""AWS"": """"arn"":""aws"":""iam""::""123456789012"":user/alice""
      },
      ""Condition"": {
        ""StringEquals"": {
          """"aws"":RequestedRegion"": ""us-east-1""
        }
      }
    },
    {
      ""Sid"": ""allow_bb597ff5"",
      ""Effect"": ""Allow"",
      ""Action"": """"sts"":TagSession"",
      ""Resource"": """"arn"":""aws"":""s3"":::my-bucket/specific-file.txt"",
      ""Principal"": {
        ""Federated"": """"arn"":""aws"":""iam""::{account id}:oidc-provider/forbidden-gitlab.com""
      },
      ""Condition"": {
        ""IpAddress"": {
          """"aws"":SourceIp"": ""203.0.113.0/24""
        }
      }
    },
    {
      ""Sid"": ""allow_3a40a6ac"",
      ""Effect"": ""Allow"",
      ""Action"": """"sts"":TagSession"",
      ""Resource"": """"arn"":""aws"":""s3"":::my-bucket/specific-file.txt"",
      ""Principal"": {
        ""Federated"": """"arn"":""aws"":""iam""::""999888777666"":oidc-provider/gitlab.com""
      },
      ""Condition"": {
        ""StringEquals"": {
          """"aws"":RequestedRegion"": ""us-west-2""
        }
      }
    },
    {
      ""Sid"": ""allow_8a0ce56e"",
      ""Effect"": ""Allow"",
      ""Action"": """"sts"":AssumeRoleWithWebIdentity"",
      ""Resource"": """"arn"":""aws"":""s3"":::my-bucket/specific-file.txt"",
      ""Principal"": {
        ""Federated"": """"arn"":""aws"":""iam""::{account id}:oidc-provider/gitlab.com""
      },
      ""Condition"": {
        ""StringLike"": {
          ""gitlab.""com"":sub"": """"project_path"":{redacted}/*:""ref_type"":""branch"":""ref"":*""
        }
      }
    },
    {
      ""Sid"": ""allow_0d14ca97"",
      ""Effect"": ""Allow"",
      ""Action"": [
        """"sts"":AssumeRoleWithWebIdentity"",
        """"sts"":TagSession""
      ],
      ""Resource"": """"arn"":""aws"":""s3"":::my-bucket/specific-file.txt"",
      ""Principal"": {
        ""Federated"": """"arn"":""aws"":""iam""::""999888777666"":oidc-provider/gitlab.com""
      },
      ""Condition"": {
        ""StringEquals"": {
          """"aws"":RequestedRegion"": ""us-west-2""
        }
      }
    },
    {
      ""Sid"": ""allow_c9354053"",
      ""Effect"": ""Allow"",
      ""Action"": """"sts"":TagSession"",
      ""Resource"": """"arn"":""aws"":""s3"":::my-bucket/specific-file.txt"",
      ""Principal"": {
        ""AWS"": """"arn"":""aws"":""iam""::""123456789012"":user/alice""
      },
      ""Condition"": {
        ""IpAddress"": {
          """"aws"":SourceIp"": ""203.0.113.0/24""
        }
      }
    },
    {
      ""Sid"": ""allow_0a9df417"",
      ""Effect"": ""Allow"",
      ""Action"": """"sts"":AssumeRoleWithWebIdentity"",
      ""Resource"": """"arn"":""aws"":""s3"":::my-bucket/specific-file.txt"",
      ""Principal"": {
        ""Federated"": """"arn"":""aws"":""iam""::""999888777666"":oidc-provider/gitlab.com""
      },
      ""Condition"": {
        ""StringEquals"": {
          """"aws"":RequestedRegion"": ""us-west-2""
        }
      }
    },
    {
      ""Sid"": ""allow_d4520cbb"",
      ""Effect"": ""Allow"",
      ""Action"": [
        """"sts"":AssumeRoleWithWebIdentity"",
        """"sts"":TagSession""
      ],
      ""Resource"": """"arn"":""aws"":""s3"":::my-bucket/specific-file.txt"",
      ""Principal"": {
        ""Federated"": """"arn"":""aws"":""iam""::{account id}:oidc-provider/gitlab.com""
      },
      ""Condition"": {
        ""StringLike"": {
          ""gitlab.""com"":sub"": """"project_path"":{redacted}/*:""ref_type"":""branch"":""ref"":*""
        }
      }
    },
    {
      ""Sid"": ""allow_4a11172e"",
      ""Effect"": ""Allow"",
      ""Action"": """"sts"":AssumeRoleWithWebIdentity"",
      ""Resource"": """"arn"":""aws"":""s3"":::my-bucket/specific-file.txt"",
      ""Principal"": {
        ""Federated"": """"arn"":""aws"":""iam""::{account id}:oidc-provider/forbidden-gitlab.com""
      },
      ""Condition"": {
        ""IpAddress"": {
          """"aws"":SourceIp"": ""203.0.113.0/24""
        }
      }
    },
    {
      ""Sid"": ""allow_6f18dd86"",
      ""Effect"": ""Allow"",
      ""Action"": [
        """"sts"":TagSession"",
        """"sts"":AssumeRoleWithWebIdentity""
      ],
      ""Resource"": """"arn"":""aws"":""s3"":::my-bucket/specific-file.txt"",
      ""Principal"": {
        ""AWS"": """"arn"":""aws"":""iam""::""123456789012"":user/alice""
      },
      ""Condition"": {
        ""StringEquals"": {
          """"aws"":RequestedRegion"": ""us-west-2""
        }
      }
    },
    {
      ""Sid"": ""allow_4d6f6e60"",
      ""Effect"": ""Allow"",
      ""Action"": """"sts"":TagSession"",
      ""Resource"": """"arn"":""aws"":""s3"":::my-bucket/specific-file.txt"",
      ""Principal"": {
        ""Federated"": """"arn"":""aws"":""iam""::{account id}:oidc-provider/forbidden-gitlab.com""
      },
      ""Condition"": {
        ""IpAddress"": {
          """"aws"":SourceIp"": ""203.0.113.0/24""
        }
      }
    },
    {
      ""Sid"": ""allow_f21c21d0"",
      ""Effect"": ""Allow"",
      ""Action"": [
        """"sts"":AssumeRoleWithWebIdentity"",
        """"sts"":TagSession""
      ],
      ""Resource"": """"arn"":""aws"":""s3"":::my-bucket/specific-file.txt"",
      ""Principal"": {
        ""Federated"": """"arn"":""aws"":""iam""::{account id}:oidc-provider/gitlab.com""
      },
      ""Condition"": {
        ""StringLike"": {
          ""gitlab.""com"":sub"": """"project_path"":{redacted}/*:""ref_type"":""branch"":""ref"":*""
        }
      }
    },
    {
      ""Sid"": ""allow_5a739583"",
      ""Effect"": ""Allow"",
      ""Action"": """"sts"":AssumeRoleWithWebIdentity"",
      ""Resource"": """"arn"":""aws"":""s3"":::my-bucket/specific-file.txt"",
      ""Principal"": {
        ""AWS"": """"arn"":""aws"":""iam""::""123456789012"":user/alice""
      },
      ""Condition"": {
        ""StringEquals"": {
          """"aws"":RequestedRegion"": ""us-west-2""
        }
      }
    },
    {
      ""Sid"": ""allow_0684384d"",
      ""Effect"": ""Allow"",
      ""Action"": """"sts"":AssumeRoleWithWebIdentity"",
      ""Resource"": """"arn"":""aws"":""s3"":::my-bucket/specific-file.txt"",
      ""Principal"": {
        ""Federated"": """"arn"":""aws"":""iam""::{account id}:oidc-provider/gitlab.com""
      },
      ""Condition"": {
        ""StringLike"": {
          ""gitlab.""com"":sub"": """"project_path"":{redacted}/*:""ref_type"":""branch"":""ref"":*""
        }
      }
    },
    {
      ""Sid"": ""allow_933549bc"",
      ""Effect"": ""Allow"",
      ""Action"": [
        """"sts"":AssumeRoleWithWebIdentity"",
        """"sts"":TagSession""
      ],
      ""Resource"": """"arn"":""aws"":""s3"":::my-bucket/specific-file.txt"",
      ""Principal"": {
        ""Federated"": """"arn"":""aws"":""iam""::""999888777666"":oidc-provider/gitlab.com""
      },
      ""Condition"": {
        ""StringEquals"": {
          """"aws"":RequestedRegion"": ""us-east-1""
        }
      }
    },
    {
      ""Sid"": ""allow_5d4d0e32"",
      ""Effect"": ""Allow"",
      ""Action"": [
        """"sts"":TagSession"",
        """"sts"":AssumeRoleWithWebIdentity""
      ],
      ""Resource"": """"arn"":""aws"":""s3"":::my-bucket/specific-file.txt"",
      ""Principal"": {
        ""Federated"": """"arn"":""aws"":""iam""::{account id}:oidc-provider/forbidden-gitlab.com""
      },
      ""Condition"": {
        ""StringEquals"": {
          """"aws"":RequestedRegion"": ""us-east-1""
        }
      }
    },
    {
      ""Sid"": ""allow_5a7baeae"",
      ""Effect"": ""Allow"",
      ""Action"": """"sts"":AssumeRoleWithWebIdentity"",
      ""Resource"": """"arn"":""aws"":""s3"":::my-bucket/specific-file.txt"",
      ""Principal"": {
        ""Federated"": """"arn"":""aws"":""iam""::{account id}:oidc-provider/gitlab.com""
      },
      ""Condition"": {
        ""StringLike"": {
          ""gitlab.""com"":sub"": """"project_path"":{redacted}/*:""ref_type"":""branch"":""ref"":*""
        }
      }
    },
    {
      ""Sid"": ""allow_5d18cf04"",
      ""Effect"": ""Allow"",
      ""Action"": [
        """"sts"":AssumeRoleWithWebIdentity"",
        """"sts"":TagSession""
      ],
      ""Resource"": """"arn"":""aws"":""s3"":::my-bucket/specific-file.txt"",
      ""Principal"": {
        ""Federated"": """"arn"":""aws"":""iam""::{account id}:oidc-provider/forbidden-gitlab.com""
      },
      ""Condition"": {
        ""IpAddress"": {
          """"aws"":SourceIp"": ""203.0.113.0/24""
        }
      }
    },
    {
      ""Sid"": ""allow_9611b2e3"",
      ""Effect"": ""Allow"",
      ""Action"": """"sts"":TagSession"",
      ""Resource"": """"arn"":""aws"":""s3"":::my-bucket/specific-file.txt"",
      ""Principal"": {
        ""AWS"": """"arn"":""aws"":""iam""::""123456789012"":user/alice""
      },
      ""Condition"": {
        ""StringEquals"": {
          """"aws"":RequestedRegion"": ""us-east-1""
        }
      }
    },
    {
      ""Sid"": ""allow_c8701d71"",
      ""Effect"": ""Allow"",
      ""Action"": [
        """"sts"":AssumeRoleWithWebIdentity"",
        """"sts"":TagSession""
      ],
      ""Resource"": """"arn"":""aws"":""s3"":::my-bucket/specific-file.txt"",
      ""Principal"": {
        ""AWS"": """"arn"":""aws"":""iam""::""123456789012"":user/alice""
      },
      ""Condition"": {
        ""StringEquals"": {
          """"aws"":RequestedRegion"": ""us-west-2""
        }
      }
    },
    {
      ""Sid"": ""allow_18abbd7d"",
      ""Effect"": ""Allow"",
      ""Action"": """"sts"":AssumeRoleWithWebIdentity"",
      ""Resource"": """"arn"":""aws"":""s3"":::my-bucket/specific-file.txt"",
      ""Principal"": {
        ""AWS"": """"arn"":""aws"":""iam""::""123456789012"":user/alice""
      },
      ""Condition"": {
        ""StringEquals"": {
          """"aws"":RequestedRegion"": ""us-west-2""
        }
      }
    },
    {
      ""Sid"": ""allow_c3ad872a"",
      ""Effect"": ""Allow"",
      ""Action"": [
        """"sts"":TagSession"",
        """"sts"":AssumeRoleWithWebIdentity""
      ],
      ""Resource"": """"arn"":""aws"":""s3"":::my-bucket/specific-file.txt"",
      ""Principal"": {
        ""Federated"": """"arn"":""aws"":""iam""::{account id}:oidc-provider/forbidden-gitlab.com""
      },
      ""Condition"": {
        ""DateLessThan"": {
          """"aws"":CurrentTime"": ""2025-12-""31T23"":""59"":59Z""
        }
      }
    },
    {
      ""Sid"": ""allow_213194da"",
      ""Effect"": ""Allow"",
      ""Action"": """"sts"":AssumeRoleWithWebIdentity"",
      ""Resource"": """"arn"":""aws"":""s3"":::my-bucket/specific-file.txt"",
      ""Principal"": {
        ""Federated"": """"arn"":""aws"":""iam""::{account id}:oidc-provider/gitlab.com""
      },
      ""Condition"": {
        ""StringLike"": {
          ""gitlab.""com"":sub"": """"project_path"":{redacted}/*:""ref_type"":""branch"":""ref"":*""
        }
      }
    },
    {
      ""Sid"": ""deny_596686cd"",
      ""Effect"": ""Deny"",
      ""Action"": [
        """"sts"":TagSession"",
        """"sts"":AssumeRoleWithWebIdentity""
      ],
      ""Resource"": """"arn"":""aws"":""s3"":::my-bucket/specific-file.txt"",
      ""Principal"": {
        ""Federated"": """"arn"":""aws"":""iam""::{account id}:oidc-provider/gitlab.com""
      },
      ""Condition"": {
        ""StringLike"": {
          ""gitlab.""com"":sub"": """"project_path"":{redacted}/*:""ref_type"":""branch"":""ref"":*""
        }
      }
    },
    {
      ""Sid"": ""deny_c279b254"",
      ""Effect"": ""Deny"",
      ""Action"": """"sts"":AssumeRoleWithWebIdentity"",
      ""Resource"": """"arn"":""aws"":""s3"":::my-bucket/specific-file.txt"",
      ""Principal"": {
        ""Federated"": """"arn"":""aws"":""iam""::{account id}:oidc-provider/gitlab.com""
      },
      ""Condition"": {
        ""StringLike"": {
          ""gitlab.""com"":sub"": """"project_path"":{redacted}/*:""ref_type"":""branch"":""ref"":*""
        }
      }
    },
    {
      ""Sid"": ""deny_9b1a1c13"",
      ""Effect"": ""Deny"",
      ""Action"": [
        """"sts"":TagSession"",
        """"sts"":AssumeRoleWithWebIdentity""
      ],
      ""Resource"": """"arn"":""aws"":""s3"":::forbidden-bucket/file.txt"",
      ""Principal"": {
        ""AWS"": """"arn"":""aws"":""iam""::""123456789012"":user/alice""
      },
      ""Condition"": {
        ""StringEquals"": {
          """"aws"":RequestedRegion"": ""us-west-2""
        }
      }
    },
    {
      ""Sid"": ""deny_b5d1d1c4"",
      ""Effect"": ""Deny"",
      ""Action"": [
        """"sts"":AssumeRoleWithWebIdentity"",
        """"sts"":TagSession""
      ],
      ""Resource"": """"arn"":""aws"":""s3"":::forbidden-bucket/file.txt"",
      ""Principal"": {
        ""Federated"": """"arn"":""aws"":""iam""::""999888777666"":oidc-provider/gitlab.com""
      },
      ""Condition"": {
        ""DateLessThan"": {
          """"aws"":CurrentTime"": ""2025-12-""31T23"":""59"":59Z""
        }
      }
    },
    {
      ""Sid"": ""deny_a38f3d64"",
      ""Effect"": ""Deny"",
      ""Action"": [
        """"sts"":TagSession"",
        """"sts"":AssumeRoleWithWebIdentity""
      ],
      ""Resource"": """"arn"":""aws"":""s3"":::forbidden-bucket/file.txt"",
      ""Principal"": {
        ""Federated"": """"arn"":""aws"":""iam""::{account id}:oidc-provider/forbidden-gitlab.com""
      },
      ""Condition"": {
        ""DateLessThan"": {
          """"aws"":CurrentTime"": ""2025-12-""31T23"":""59"":59Z""
        }
      }
    },
    {
      ""Sid"": ""deny_fb4663fe"",
      ""Effect"": ""Deny"",
      ""Action"": [
        """"sts"":AssumeRoleWithWebIdentity"",
        """"sts"":TagSession""
      ],
      ""Resource"": """"arn"":""aws"":""s3"":::my-bucket/specific-file.txt"",
      ""Principal"": {
        ""Federated"": """"arn"":""aws"":""iam""::{account id}:oidc-provider/gitlab.com""
      },
      ""Condition"": {
        ""StringLike"": {
          ""gitlab.""com"":sub"": """"project_path"":{redacted}/*:""ref_type"":""branch"":""ref"":*""
        }
      }
    },
    {
      ""Sid"": ""deny_088ea7ec"",
      ""Effect"": ""Deny"",
      ""Action"": [
        """"sts"":TagSession"",
        """"sts"":AssumeRoleWithWebIdentity""
      ],
      ""Resource"": """"arn"":""aws"":""s3"":::my-bucket/specific-file.txt"",
      ""Principal"": {
        ""Federated"": """"arn"":""aws"":""iam""::{account id}:oidc-provider/gitlab.com""
      },
      ""Condition"": {
        ""StringLike"": {
          ""gitlab.""com"":sub"": """"project_path"":{redacted}/*:""ref_type"":""branch"":""ref"":*""
        }
      }
    },
    {
      ""Sid"": ""deny_ef1c076b"",
      ""Effect"": ""Deny"",
      ""Action"": [
        """"sts"":AssumeRoleWithWebIdentity"",
        """"sts"":TagSession""
      ],
      ""Resource"": """"arn"":""aws"":""s3"":::my-bucket/specific-file.txt"",
      ""Principal"": {
        ""Federated"": """"arn"":""aws"":""iam""::{account id}:oidc-provider/gitlab.com""
      },
      ""Condition"": {
        ""StringLike"": {
          ""gitlab.""com"":sub"": """"project_path"":{redacted}/*:""ref_type"":""branch"":""ref"":*""
        }
      }
    },
    {
      ""Sid"": ""deny_38898b91"",
      ""Effect"": ""Deny"",
      ""Action"": """"iam"":CreateUser"",
      ""Resource"": """"arn"":""aws"":""s3"":::my-bucket/specific-file.txt"",
      ""Principal"": {
        ""Federated"": """"arn"":""aws"":""iam""::""999888777666"":oidc-provider/gitlab.com""
      },
      ""Condition"": {
        ""StringEquals"": {
          """"aws"":RequestedRegion"": ""us-east-1""
        }
      }
    },
    {
      ""Sid"": ""deny_da12709f"",
      ""Effect"": ""Deny"",
      ""Action"": """"sts"":TagSession"",
      ""Resource"": """"arn"":""aws"":""s3"":::my-bucket/specific-file.txt"",
      ""Principal"": {
        ""Federated"": """"arn"":""aws"":""iam""::{account id}:oidc-provider/gitlab.com""
      }"
6,repair,98.9,90.0,89.0,1.0,1.0,0.0,,1.0,/home/bhall2/Documents/fixmypolicy/FL/Experiment-1/temp_validation/val-90/policy_6_iter_1.json,True,
6,repair,98.9,90.0,89.0,1.0,1.0,0.0,,2.0,/home/bhall2/Documents/fixmypolicy/FL/Experiment-1/temp_validation/val-90/policy_6_iter_2.json,True,
6,repair,98.9,90.0,89.0,1.0,1.0,0.0,,3.0,/home/bhall2/Documents/fixmypolicy/FL/Experiment-1/temp_validation/val-90/policy_6_iter_3.json,True,
6,repair,98.9,90.0,89.0,1.0,1.0,0.0,,4.0,/home/bhall2/Documents/fixmypolicy/FL/Experiment-1/temp_validation/val-90/policy_6_iter_4.json,True,
6,repair,98.9,90.0,89.0,1.0,1.0,0.0,,5.0,/home/bhall2/Documents/fixmypolicy/FL/Experiment-1/temp_validation/val-90/policy_6_iter_5.json,True,
7,repair,0.0,,,,,,,1.0,,False,"Failed to parse JSON even after fixes. Original error: Expecting ',' delimiter: line 884 column 6 (char 21303). Fixed JSON: {
  ""Version"": ""2012-10-17"",
  ""Statement"": [
    {
      ""Sid"": ""allow_16f34570"",
      ""Effect"": ""Allow"",
      ""Action"": """"s3"":ListBucket"",
      ""Resource"": [
        """"arn"":""aws"":""s3"":::bucket/data/file.json"",
        """"arn"":""aws"":""s3"":::bucket""
      ],
      ""Principal"": {
        ""AWS"": """"arn"":""aws"":""iam""::${""aws"":PrincipalOrgID}:root""
      },
      ""Condition"": {
        ""StringEquals"": {
          """"s3"":prefix"": [
            ""home/${""aws"":userid}/"",
            ""home/${""aws"":username}""
          ]
        }
      }
    },
    {
      ""Sid"": ""allow_8636455d"",
      ""Effect"": ""Allow"",
      ""Action"": """"s3"":ListBucket"",
      ""Resource"": """"arn"":""aws"":""s3"":::bucket"",
      ""Principal"": {
        ""AWS"": """"arn"":""aws"":""iam""::${""aws"":PrincipalOrgID}:root""
      },
      ""Condition"": {
        ""StringEquals"": {
          """"s3"":prefix"": [
            ""home/${""aws"":userid}/"",
            ""home/${""aws"":username}""
          ]
        }
      }
    },
    {
      ""Sid"": ""allow_73432679"",
      ""Effect"": ""Allow"",
      ""Action"": """"s3"":ListBucket"",
      ""Resource"": [
        """"arn"":""aws"":""s3"":::bucket"",
        """"arn"":""aws"":""s3"":::bucket/logs/app.log""
      ],
      ""Principal"": {
        ""AWS"": """"arn"":""aws"":""iam""::""123456789012"":user/bob""
      },
      ""Condition"": {
        ""DateGreaterThan"": {
          """"aws"":CurrentTime"": ""2024-01-""01T00"":""00"":00Z""
        }
      }
    },
    {
      ""Sid"": ""allow_4e5b2849"",
      ""Effect"": ""Allow"",
      ""Action"": """"s3"":DeleteBucket"",
      ""Resource"": """"arn"":""aws"":""s3"":::bucket"",
      ""Principal"": {
        ""AWS"": """"arn"":""aws"":""iam""::""123456789012"":user/alice""
      },
      ""Condition"": {
        ""DateGreaterThan"": {
          """"aws"":CurrentTime"": ""2024-01-""01T00"":""00"":00Z""
        }
      }
    },
    {
      ""Sid"": ""allow_c10d578d"",
      ""Effect"": ""Allow"",
      ""Action"": """"s3"":GetBucketLocation"",
      ""Resource"": [
        """"arn"":""aws"":""s3"":::bucket/temp/upload.tmp"",
        """"arn"":""aws"":""s3"":::bucket/logs/app.log""
      ],
      ""Principal"": {
        ""AWS"": """"arn"":""aws"":""iam""::""123456789012"":user/alice""
      },
      ""Condition"": {
        ""StringEquals"": {
          """"aws"":RequestedRegion"": ""us-west-2""
        }
      }
    },
    {
      ""Sid"": ""allow_69e241c8"",
      ""Effect"": ""Allow"",
      ""Action"": """"s3"":DeleteBucket"",
      ""Resource"": [
        """"arn"":""aws"":""s3"":::bucket/data/file.json"",
        """"arn"":""aws"":""s3"":::bucket"",
        """"arn"":""aws"":""s3"":::bucket/document.txt""
      ],
      ""Principal"": {
        ""AWS"": """"arn"":""aws"":""iam""::""123456789012"":user/alice""
      },
      ""Condition"": {
        ""StringEquals"": {
          """"aws"":RequestedRegion"": ""us-west-2""
        }
      }
    },
    {
      ""Sid"": ""allow_29a501b9"",
      ""Effect"": ""Allow"",
      ""Action"": """"s3"":CreateBucket"",
      ""Resource"": [
        """"arn"":""aws"":""s3"":::bucket/logs/app.log"",
        """"arn"":""aws"":""s3"":::bucket/temp/upload.tmp""
      ],
      ""Principal"": {
        ""AWS"": """"arn"":""aws"":""iam""::${""aws"":PrincipalOrgID}:root""
      },
      ""Condition"": {
        ""StringEquals"": {
          """"s3"":prefix"": [
            ""home/${""aws"":userid}/"",
            ""home/${""aws"":username}""
          ]
        }
      }
    },
    {
      ""Sid"": ""allow_0eff1cfc"",
      ""Effect"": ""Allow"",
      ""Action"": """"s3"":DeleteBucket"",
      ""Resource"": """"arn"":""aws"":""s3"":::bucket"",
      ""Principal"": {
        ""AWS"": """"arn"":""aws"":""iam""::""123456789012"":user/bob""
      },
      ""Condition"": {
        ""DateGreaterThan"": {
          """"aws"":CurrentTime"": ""2024-01-""01T00"":""00"":00Z""
        }
      }
    },
    {
      ""Sid"": ""allow_ada4cbab"",
      ""Effect"": ""Allow"",
      ""Action"": """"s3"":ListBucket"",
      ""Resource"": """"arn"":""aws"":""s3"":::bucket/temp/upload.tmp"",
      ""Principal"": {
        ""AWS"": """"arn"":""aws"":""iam""::""123456789012"":user/bob""
      },
      ""Condition"": {
        ""StringNotEquals"": {
          """"s3"":prefix"": [
            ""home/${""aws"":userid}/"",
            ""home/${""aws"":username}""
          ]
        }
      }
    },
    {
      ""Sid"": ""allow_fa164656"",
      ""Effect"": ""Allow"",
      ""Action"": """"s3"":ListBucket"",
      ""Resource"": [
        """"arn"":""aws"":""s3"":::bucket/temp/upload.tmp"",
        """"arn"":""aws"":""s3"":::bucket""
      ],
      ""Principal"": {
        ""AWS"": """"arn"":""aws"":""iam""::""123456789012"":user/alice""
      },
      ""Condition"": {
        ""DateGreaterThan"": {
          """"aws"":CurrentTime"": ""2024-01-""01T00"":""00"":00Z""
        }
      }
    },
    {
      ""Sid"": ""allow_f8fc6856"",
      ""Effect"": ""Allow"",
      ""Action"": """"s3"":PutBucketPolicy"",
      ""Resource"": """"arn"":""aws"":""s3"":::bucket"",
      ""Principal"": {
        ""AWS"": """"arn"":""aws"":""iam""::""999888777666"":root""
      },
      ""Condition"": {
        ""StringNotEquals"": {
          """"s3"":prefix"": [
            ""home/${""aws"":userid}/"",
            ""home/${""aws"":username}""
          ]
        }
      }
    },
    {
      ""Sid"": ""allow_cb4a27e2"",
      ""Effect"": ""Allow"",
      ""Action"": """"s3"":DeleteBucket"",
      ""Resource"": [
        """"arn"":""aws"":""s3"":::bucket"",
        """"arn"":""aws"":""s3"":::bucket/temp/upload.tmp""
      ],
      ""Principal"": {
        ""AWS"": """"arn"":""aws"":""iam""::""999888777666"":root""
      },
      ""Condition"": {
        ""StringEquals"": {
          """"aws"":RequestedRegion"": ""us-east-1""
        }
      }
    },
    {
      ""Sid"": ""allow_5496ef6f"",
      ""Effect"": ""Allow"",
      ""Action"": """"s3"":DeleteBucket"",
      ""Resource"": [
        """"arn"":""aws"":""s3"":::bucket/temp/upload.tmp"",
        """"arn"":""aws"":""s3"":::bucket""
      ],
      ""Principal"": {
        ""AWS"": """"arn"":""aws"":""iam""::""123456789012"":user/bob""
      },
      ""Condition"": {
        ""StringEquals"": {
          """"aws"":RequestedRegion"": ""us-west-2""
        }
      }
    },
    {
      ""Sid"": ""allow_11cb27d9"",
      ""Effect"": ""Allow"",
      ""Action"": """"s3"":GetBucketAcl"",
      ""Resource"": """"arn"":""aws"":""s3"":::bucket/data/file.json"",
      ""Principal"": {
        ""AWS"": """"arn"":""aws"":""iam""::""999888777666"":root""
      },
      ""Condition"": {
        ""DateGreaterThan"": {
          """"aws"":CurrentTime"": ""2024-01-""01T00"":""00"":00Z""
        }
      }
    },
    {
      ""Sid"": ""allow_2b15f53f"",
      ""Effect"": ""Allow"",
      ""Action"": """"s3"":GetBucketLocation"",
      ""Resource"": [
        """"arn"":""aws"":""s3"":::bucket/data/file.json"",
        """"arn"":""aws"":""s3"":::bucket/temp/upload.tmp""
      ],
      ""Principal"": {
        ""AWS"": """"arn"":""aws"":""iam""::${""aws"":PrincipalOrgID}:root""
      },
      ""Condition"": {
        ""StringEquals"": {
          """"s3"":prefix"": [
            ""home/${""aws"":userid}/"",
            ""home/${""aws"":username}""
          ]
        }
      }
    },
    {
      ""Sid"": ""allow_5b8632c7"",
      ""Effect"": ""Allow"",
      ""Action"": """"s3"":GetBucketLocation"",
      ""Resource"": """"arn"":""aws"":""s3"":::bucket"",
      ""Principal"": {
        ""AWS"": """"arn"":""aws"":""iam""::""123456789012"":user/bob""
      },
      ""Condition"": {
        ""StringNotEquals"": {
          """"s3"":prefix"": [
            ""home/${""aws"":userid}/"",
            ""home/${""aws"":username}""
          ]
        }
      }
    },
    {
      ""Sid"": ""allow_505db97b"",
      ""Effect"": ""Allow"",
      ""Action"": """"s3"":GetBucketAcl"",
      ""Resource"": """"arn"":""aws"":""s3"":::bucket"",
      ""Principal"": {
        ""AWS"": """"arn"":""aws"":""iam""::""123456789012"":user/alice""
      },
      ""Condition"": {
        ""DateLessThan"": {
          """"aws"":CurrentTime"": ""2025-12-""31T23"":""59"":59Z""
        }
      }
    },
    {
      ""Sid"": ""allow_e18aee46"",
      ""Effect"": ""Allow"",
      ""Action"": """"s3"":GetBucketAcl"",
      ""Resource"": """"arn"":""aws"":""s3"":::bucket"",
      ""Principal"": {
        ""AWS"": """"arn"":""aws"":""iam""::""999888777666"":root""
      },
      ""Condition"": {
        ""DateGreaterThan"": {
          """"aws"":CurrentTime"": ""2024-01-""01T00"":""00"":00Z""
        }
      }
    },
    {
      ""Sid"": ""allow_225820f4"",
      ""Effect"": ""Allow"",
      ""Action"": """"s3"":DeleteObject"",
      ""Resource"": """"arn"":""aws"":""s3"":::bucket/logs/app.log"",
      ""Principal"": {
        ""AWS"": """"arn"":""aws"":""iam""::${""aws"":PrincipalOrgID}:root""
      },
      ""Condition"": {
        ""StringEquals"": {
          """"s3"":prefix"": [
            ""home/${""aws"":userid}/"",
            ""home/${""aws"":username}""
          ]
        }
      }
    },
    {
      ""Sid"": ""allow_024c3b67"",
      ""Effect"": ""Allow"",
      ""Action"": """"s3"":ListBucket"",
      ""Resource"": """"arn"":""aws"":""s3"":::bucket/document.txt"",
      ""Principal"": {
        ""AWS"": """"arn"":""aws"":""iam""::${""aws"":PrincipalOrgID}:root""
      },
      ""Condition"": {
        ""StringEquals"": {
          """"s3"":prefix"": [
            ""home/${""aws"":userid}/"",
            ""home/${""aws"":username}""
          ]
        }
      }
    },
    {
      ""Sid"": ""allow_aad94e2e"",
      ""Effect"": ""Allow"",
      ""Action"": """"s3"":DeleteBucket"",
      ""Resource"": [
        """"arn"":""aws"":""s3"":::bucket/temp/upload.tmp"",
        """"arn"":""aws"":""s3"":::bucket/logs/app.log""
      ],
      ""Principal"": {
        ""AWS"": """"arn"":""aws"":""iam""::""123456789012"":user/bob""
      },
      ""Condition"": {
        ""DateGreaterThan"": {
          """"aws"":CurrentTime"": ""2024-01-""01T00"":""00"":00Z""
        }
      }
    },
    {
      ""Sid"": ""allow_81d1af52"",
      ""Effect"": ""Allow"",
      ""Action"": """"s3"":PutBucketPolicy"",
      ""Resource"": [
        """"arn"":""aws"":""s3"":::bucket/logs/app.log"",
        """"arn"":""aws"":""s3"":::bucket/data/file.json""
      ],
      ""Principal"": {
        ""AWS"": """"arn"":""aws"":""iam""::""999888777666"":root""
      },
      ""Condition"": {
        ""StringNotEquals"": {
          """"s3"":prefix"": [
            ""home/${""aws"":userid}/"",
            ""home/${""aws"":username}""
          ]
        }
      }
    },
    {
      ""Sid"": ""allow_228895b3"",
      ""Effect"": ""Allow"",
      ""Action"": """"s3"":ListBucket"",
      ""Resource"": """"arn"":""aws"":""s3"":::bucket"",
      ""Principal"": {
        ""AWS"": """"arn"":""aws"":""iam""::${""aws"":PrincipalOrgID}:root""
      },
      ""Condition"": {
        ""StringEquals"": {
          """"s3"":prefix"": [
            ""home/${""aws"":userid}/"",
            ""home/${""aws"":username}""
          ]
        }
      }
    },
    {
      ""Sid"": ""allow_a677dfe1"",
      ""Effect"": ""Allow"",
      ""Action"": """"s3"":GetBucketLocation"",
      ""Resource"": [
        """"arn"":""aws"":""s3"":::bucket"",
        """"arn"":""aws"":""s3"":::bucket/logs/app.log""
      ],
      ""Principal"": {
        ""AWS"": """"arn"":""aws"":""iam""::${""aws"":PrincipalOrgID}:root""
      },
      ""Condition"": {
        ""StringEquals"": {
          """"s3"":prefix"": [
            ""home/${""aws"":userid}/"",
            ""home/${""aws"":username}""
          ]
        }
      }
    },
    {
      ""Sid"": ""allow_44c56f39"",
      ""Effect"": ""Allow"",
      ""Action"": """"s3"":GetObject"",
      ""Resource"": [
        """"arn"":""aws"":""s3"":::bucket/document.txt"",
        """"arn"":""aws"":""s3"":::bucket/logs/app.log""
      ],
      ""Principal"": {
        ""AWS"": """"arn"":""aws"":""iam""::""999888777666"":root""
      },
      ""Condition"": {
        ""DateLessThan"": {
          """"aws"":CurrentTime"": ""2025-12-""31T23"":""59"":59Z""
        }
      }
    },
    {
      ""Sid"": ""allow_93411652"",
      ""Effect"": ""Allow"",
      ""Action"": """"s3"":GetBucketAcl"",
      ""Resource"": [
        """"arn"":""aws"":""s3"":::bucket/logs/app.log"",
        """"arn"":""aws"":""s3"":::bucket""
      ],
      ""Principal"": {
        ""AWS"": """"arn"":""aws"":""iam""::${""aws"":PrincipalOrgID}:root""
      },
      ""Condition"": {
        ""StringEquals"": {
          """"s3"":prefix"": [
            ""home/${""aws"":userid}/"",
            ""home/${""aws"":username}""
          ]
        }
      }
    },
    {
      ""Sid"": ""allow_cad27173"",
      ""Effect"": ""Allow"",
      ""Action"": """"s3"":ListBucket"",
      ""Resource"": [
        """"arn"":""aws"":""s3"":::bucket/temp/upload.tmp"",
        """"arn"":""aws"":""s3"":::bucket""
      ],
      ""Principal"": {
        ""AWS"": """"arn"":""aws"":""iam""::${""aws"":PrincipalOrgID}:root""
      },
      ""Condition"": {
        ""StringEquals"": {
          """"s3"":prefix"": [
            ""home/${""aws"":userid}/"",
            ""home/${""aws"":username}""
          ]
        }
      }
    },
    {
      ""Sid"": ""allow_cef63195"",
      ""Effect"": ""Allow"",
      ""Action"": """"s3"":ListBucket"",
      ""Resource"": [
        """"arn"":""aws"":""s3"":::bucket"",
        """"arn"":""aws"":""s3"":::bucket/temp/upload.tmp""
      ],
      ""Principal"": {
        ""AWS"": """"arn"":""aws"":""iam""::""123456789012"":user/bob""
      },
      ""Condition"": {
        ""DateLessThan"": {
          """"aws"":CurrentTime"": ""2025-12-""31T23"":""59"":59Z""
        }
      }
    },
    {
      ""Sid"": ""allow_1eef984e"",
      ""Effect"": ""Allow"",
      ""Action"": """"s3"":DeleteBucket"",
      ""Resource"": [
        """"arn"":""aws"":""s3"":::bucket/temp/upload.tmp"",
        """"arn"":""aws"":""s3"":::bucket/document.txt""
      ],
      ""Principal"": {
        ""AWS"": """"arn"":""aws"":""iam""::""123456789012"":user/alice""
      },
      ""Condition"": {
        ""StringEquals"": {
          """"aws"":RequestedRegion"": ""us-east-1""
        }
      }
    },
    {
      ""Sid"": ""allow_5193da1a"",
      ""Effect"": ""Allow"",
      ""Action"": """"s3"":DeleteBucket"",
      ""Resource"": [
        """"arn"":""aws"":""s3"":::bucket/logs/app.log"",
        """"arn"":""aws"":""s3"":::bucket""
      ],
      ""Principal"": {
        ""AWS"": """"arn"":""aws"":""iam""::""123456789012"":user/bob""
      },
      ""Condition"": {
        ""DateLessThan"": {
          """"aws"":CurrentTime"": ""2025-12-""31T23"":""59"":59Z""
        }
      }
    },
    {
      ""Sid"": ""allow_ff65202a"",
      ""Effect"": ""Allow"",
      ""Action"": """"s3"":PutBucketPolicy"",
      ""Resource"": """"arn"":""aws"":""s3"":::bucket"",
      ""Principal"": {
        ""AWS"": """"arn"":""aws"":""iam""::""123456789012"":user/alice""
      },
      ""Condition"": {
        ""StringEquals"": {
          """"aws"":RequestedRegion"": ""us-west-2""
        }
      }
    },
    {
      ""Sid"": ""allow_e8481d0d"",
      ""Effect"": ""Allow"",
      ""Action"": """"s3"":GetObject"",
      ""Resource"": """"arn"":""aws"":""s3"":::bucket"",
      ""Principal"": {
        ""AWS"": """"arn"":""aws"":""iam""::""123456789012"":user/alice""
      },
      ""Condition"": {
        ""StringNotEquals"": {
          """"s3"":prefix"": [
            ""home/${""aws"":userid}/"",
            ""home/${""aws"":username}""
          ]
        }
      }
    },
    {
      ""Sid"": ""allow_af755bea"",
      ""Effect"": ""Allow"",
      ""Action"": """"s3"":ListBucket"",
      ""Resource"": [
        """"arn"":""aws"":""s3"":::bucket/data/file.json"",
        """"arn"":""aws"":""s3"":::bucket""
      ],
      ""Principal"": {
        ""AWS"": """"arn"":""aws"":""iam""::""123456789012"":user/alice""
      },
      ""Condition"": {
        ""StringNotEquals"": {
          """"s3"":prefix"": [
            ""home/${""aws"":userid}/"",
            ""home/${""aws"":username}""
          ]
        }
      }
    },
    {
      ""Sid"": ""deny_09dba973"",
      ""Effect"": ""Deny"",
      ""Action"": """"s3"":PutBucketPolicy"",
      ""Resource"": """"arn"":""aws"":""s3"":::completely-different-bucket/file.txt"",
      ""Principal"": {
        ""AWS"": """"arn"":""aws"":""iam""::""123456789012"":user/alice""
      },
      ""Condition"": {
        ""StringNotEquals"": {
          """"s3"":prefix"": [
            ""home/${""aws"":userid}/"",
            ""home/${""aws"":username}""
          ]
        }
      }
    },
    {
      ""Sid"": ""deny_ccca6562"",
      ""Effect"": ""Deny"",
      ""Action"": """"iam"":DeleteUser"",
      ""Resource"": [
        """"arn"":""aws"":""s3"":::bucket/temp/upload.tmp"",
        """"arn"":""aws"":""s3"":::bucket"",
        """"arn"":""aws"":""s3"":::bucket/document.txt""
      ],
      ""Principal"": {
        ""AWS"": """"arn"":""aws"":""iam""::""123456789012"":user/alice""
      },
      ""Condition"": {
        ""StringNotEquals"": {
          """"s3"":prefix"": [
            ""home/${""aws"":userid}/"",
            ""home/${""aws"":username}""
          ]
        }
      }
    },
    {
      ""Sid"": ""deny_e82bc5f5"",
      ""Effect"": ""Deny"",
      ""Action"": """"s3"":ListBucket"",
      ""Resource"": [
        """"arn"":""aws"":""s3"":::bucket/logs/app.log"",
        """"arn"":""aws"":""s3"":::bucket/data/file.json""
      ],
      ""Principal"": {
        ""AWS"": """"arn"":""aws"":""iam""::${""aws"":PrincipalOrgID}:root""
      },
      ""Condition"": {
        ""StringEquals"": {
          """"s3"":prefix"": [
            ""home/${""aws"":userid}/"",
            ""home/${""aws"":username}""
          ]
        }
      }
    },
    {
      ""Sid"": ""deny_afe43cec"",
      ""Effect"": ""Deny"",
      ""Action"": """"s3"":GetBucketLocation"",
      ""Resource"": """"arn"":""aws"":""s3"":::bucket"",
      ""Principal"": {
        ""AWS"": """"arn"":""aws"":""iam""::${""aws"":PrincipalOrgID}:root""
      },
      ""Condition"": {
        ""StringEquals"": {
          """"s3"":prefix"": [
            ""home/${""aws"":userid}/"",
            ""home/${""aws"":username}""
          ]
        }
      }
    },
    {
      ""Sid"": ""deny_bdc95f60"",
      ""Effect"": ""Deny"",
      ""Action"": """"s3"":DeleteBucket"",
      ""Resource"": [
        """"arn"":""aws"":""s3"":::bucket/temp/upload.tmp"",
        """"arn"":""aws"":""s3"":::bucket""
      ],
      ""Principal"": {
        ""AWS"": """"arn"":""aws"":""iam""::${""aws"":PrincipalOrgID}:root""
      },
      ""Condition"": {
        ""StringEquals"": {
          """"s3"":prefix"": [
            ""home/${""aws"":userid}/"",
            ""home/${""aws"":username}""
          ]
        }
      }
    },
    {
      ""Sid"": ""deny_c116460e"",
      ""Effect"": ""Deny"",
      ""Action"": """"ec2"":RunInstances"",
      ""Resource"": """"arn"":""aws"":""s3"":::bucket/temp/upload.tmp"",
      ""Principal"": {
        ""AWS"": """"arn"":""aws"":""iam""::""123456789012"":user/alice""
      },
      ""Condition"": {
        ""DateGreaterThan"": {
          """"aws"":CurrentTime"": ""2024-01-""01T00"":""00"":00Z""
        }
      }
    },
    {
      ""Sid"": ""deny_6aef7d10"",
      ""Effect"": ""Deny"",
      ""Action"": """"ec2"":DescribeInstances"",
      ""Resource"": """"arn"":""aws"":""s3"":::bucket"",
      ""Principal"": {
        ""AWS"": """"arn"":""aws"":""iam""::""123456789012"":user/bob""
      },
      ""Condition"": {
        ""StringEquals"": {
          """"aws"":RequestedRegion"": ""us-west-2""
        }
      }
    },
    {
      ""Sid"": ""deny_fc6dbf90"",
      ""Effect"": ""Deny"",
      ""Action"": """"s3"":GetBucketAcl"",
      ""Resource"": """"arn"":""aws"":""s3"":::bucket/temp/upload.tmp"",
      ""Principal"": {
        ""AWS"": """"arn"":""aws"":""iam""::${""aws"":PrincipalOrgID}:root""
      },
      ""Condition"": {
        ""StringEquals"": {
          """"s3"":prefix"": [
            ""home/${""aws"":userid}/"",
            ""home/${""aws"":username}""
          ]
        }
      }
    },
    {
      ""Sid"": ""deny_905e31c0"",
      ""Effect"": ""Deny"",
      ""Action"": """"s3"":CreateBucket"",
      ""Resource"": [
        """"arn"":""aws"":""s3"":::bucket"",
        """"arn"":""aws"":""s3"":::bucket/document.txt""
      ],
      ""Principal"": {
        ""AWS"": """"arn"":""aws"":""iam""::${""aws"":PrincipalOrgID}:root""
      },
      ""Condition"": {
        ""StringEquals"": {
          """"s3"":prefix"": [
            ""home/${""aws"":userid}/"",
            ""home/${""aws"":username}""
          ]
        }
      }
    },
    {
      ""Sid"": ""deny_a4494c57"",
      ""Effect"": ""Deny"",
      ""Action"": """"iam"":CreateUser"",
      ""Resource"": [
        """"arn"":""aws"":""s3"":::bucket"",
        """"arn"":""aws"":""s3"":::bucket/temp/upload.tmp""
      ],
      ""Principal"": {
        ""AWS"": """"arn"":""aws"":""iam""::""123456789012"":user/alice""
      },
      ""Condition"": {
        ""DateGreaterThan"": {
          """"aws"":CurrentTime"": ""2024-01-""01T00"":""00"":00Z""
        }
      }
    },
    {
      ""Sid"": ""deny_8ff5d35b"",
      ""Effect"": ""Deny"",
      ""Action"": """"s3"":GetBucketLocation"",
      ""Resource"": """"arn"":""aws"":""s3"":::bucket"",
      ""Principal"": {
        ""AWS"": """"arn"":""aws"":""iam""::${""aws"":PrincipalOrgID}:root""
      },
      ""Condition"": {
        ""StringEquals"": {
          """"s3"":prefix"": [
            ""home/${""aws"":userid}/"",
            ""home/${""aws"":username}""
          ]
        }
      }
    },
    {
      ""Sid"": ""deny_a1a23186"",
      ""Effect"": ""Deny"",
      ""Action"": """"s3"":DeleteObject"",
      ""Resource"": """"arn"":""aws"":""s3"":::different-bucket/file.txt"",
      ""Principal"": {
        ""AWS"": """"arn"":""aws"":""iam""::""123456789012"":user/alice""
      },
      ""Condition"": {
        ""StringEquals"": {
          """"aws"":RequestedRegion"": ""us-west-2""
        }
      }
    },
    {
      ""Sid"": ""deny_125d70f1"",
      ""Effect"": ""Deny"",
      ""Action"": """"s3"":DeleteObject"",
      ""Resource"": """"arn"":""aws"":""s3"":::bucket"",
      ""Principal"": {
        ""AWS"": """"arn"":""aws"":""iam""::${""aws"":PrincipalOrgID}:root""
      },
      ""Condition"": {
        ""StringEquals"": {
          """"s3"":prefix"": [
            ""home/${""aws"":userid}/"",
            ""home/${""aws"":username}""
          ]
        }
      }
    },
    {
      ""Sid"": ""deny_f9d6a96f"",
      ""Effect"": ""Deny"",
      ""Action"": """"s3"":PutObject"",
      ""Resource"": [
        """"arn"":""aws"":""s3"":::bucket/document.txt"",
        """"arn"":""aws"":""s3"":::bucket""
      ],
      ""Principal"": {
        ""AWS"": """"arn"":""aws"":""iam""::${""aws"":PrincipalOrgID}:root""
      },
      ""Condition"": {
        ""StringEquals"": {
          """"s3"":prefix"": [
            ""home/${""aws"":userid}/"",
            ""home/${""aws"":username}""
          ]
        }
      }
    },
    {
      ""Sid"": ""deny_0be3add9"",
      ""Effect"": ""Deny"",
      ""Action"": """"s3"":CreateBucket"",
      ""Resource"": """"arn"":""aws"":""s3"":::bucket"",
      ""Principal"": {
        ""AWS"": """"arn"":""aws"":""iam""::${""aws"":PrincipalOrgID}:root""
      },
      ""Condition"": {
        ""StringEquals"": {
          """"s3"":prefix"": [
            ""home/${""aws"":userid}/"",
            ""home/${""aws"":username}""
          ]
        }
      }
    },
    {
      ""Sid"": ""deny_93fc3581"",
      ""Effect"": ""Deny"",
      ""Action"": """"s3"":GetBucketAcl"",
      ""Resource"": [
        """"arn"":""aws"":""s3"":::bucket"",
        """"arn"":""aws"":""s3"":::bucket/temp/upload.tmp""
      ],
      ""Principal"": {
        ""AWS"": """"arn"":""aws"":""iam""::${""aws"":PrincipalOrgID}:root""
      },
      ""Condition"": {
        ""StringEquals"": {
          """"s3"":prefix"": [
            ""home/${""aws"":userid}/"",
            ""home/${""aws"":username}""
          ]
        }
      }
    },
    {
      ""Sid"": ""deny_2d0ffa0b"",
      ""Effect"": ""Deny"",
      ""Action"": """"s3"":GetBucketLocation"",
      ""Resource"": """"arn"":""aws"":""s3"":::bucket/temp/upload.tmp"",
      ""Principal"": {
        ""AWS"": """"arn"":""aws"":""iam""::${""aws"":PrincipalOrgID}:root""
      },
      ""Condition"": {
        ""StringEquals"": {
          """"s3"":prefix"": [
            ""home/${""aws"":userid}/"",
            ""home/${""aws"":username}""
          ]
        }
      }
    },
    {
      ""Sid"": ""deny_86b9adb4"",
      ""Effect"": ""Deny"",
      ""Action"": """"s3"":CreateBucket"",
      ""Resource"": """"arn"":""aws"":""s3"":::completely-different-bucket/file.txt"",
      ""Principal"": {
        ""AWS"": """"arn"":""aws"":""iam""::""999888777666"":root""
      },
      ""Condition"": {
        ""StringEquals"": {
          """"aws"":RequestedRegion"": ""us-west-2""
        }
      }
    }"
7,repair,81.1,90.0,73.0,17.0,9.0,8.0,,2.0,/home/bhall2/Documents/fixmypolicy/FL/Experiment-1/temp_validation/val-90/policy_7_iter_2.json,True,
7,repair,0.0,,,,,,,3.0,,False,"Failed to parse JSON even after fixes. Original error: Expecting ',' delimiter: line 884 column 6 (char 21303). Fixed JSON: {
  ""Version"": ""2012-10-17"",
  ""Statement"": [
    {
      ""Sid"": ""allow_16f34570"",
      ""Effect"": ""Allow"",
      ""Action"": """"s3"":ListBucket"",
      ""Resource"": [
        """"arn"":""aws"":""s3"":::bucket/data/file.json"",
        """"arn"":""aws"":""s3"":::bucket""
      ],
      ""Principal"": {
        ""AWS"": """"arn"":""aws"":""iam""::${""aws"":PrincipalOrgID}:root""
      },
      ""Condition"": {
        ""StringEquals"": {
          """"s3"":prefix"": [
            ""home/${""aws"":userid}/"",
            ""home/${""aws"":username}""
          ]
        }
      }
    },
    {
      ""Sid"": ""allow_8636455d"",
      ""Effect"": ""Allow"",
      ""Action"": """"s3"":ListBucket"",
      ""Resource"": """"arn"":""aws"":""s3"":::bucket"",
      ""Principal"": {
        ""AWS"": """"arn"":""aws"":""iam""::${""aws"":PrincipalOrgID}:root""
      },
      ""Condition"": {
        ""StringEquals"": {
          """"s3"":prefix"": [
            ""home/${""aws"":userid}/"",
            ""home/${""aws"":username}""
          ]
        }
      }
    },
    {
      ""Sid"": ""allow_73432679"",
      ""Effect"": ""Allow"",
      ""Action"": """"s3"":ListBucket"",
      ""Resource"": [
        """"arn"":""aws"":""s3"":::bucket"",
        """"arn"":""aws"":""s3"":::bucket/logs/app.log""
      ],
      ""Principal"": {
        ""AWS"": """"arn"":""aws"":""iam""::""123456789012"":user/bob""
      },
      ""Condition"": {
        ""DateGreaterThan"": {
          """"aws"":CurrentTime"": ""2024-01-""01T00"":""00"":00Z""
        }
      }
    },
    {
      ""Sid"": ""allow_4e5b2849"",
      ""Effect"": ""Allow"",
      ""Action"": """"s3"":DeleteBucket"",
      ""Resource"": """"arn"":""aws"":""s3"":::bucket"",
      ""Principal"": {
        ""AWS"": """"arn"":""aws"":""iam""::""123456789012"":user/alice""
      },
      ""Condition"": {
        ""DateGreaterThan"": {
          """"aws"":CurrentTime"": ""2024-01-""01T00"":""00"":00Z""
        }
      }
    },
    {
      ""Sid"": ""allow_c10d578d"",
      ""Effect"": ""Allow"",
      ""Action"": """"s3"":GetBucketLocation"",
      ""Resource"": [
        """"arn"":""aws"":""s3"":::bucket/temp/upload.tmp"",
        """"arn"":""aws"":""s3"":::bucket/logs/app.log""
      ],
      ""Principal"": {
        ""AWS"": """"arn"":""aws"":""iam""::""123456789012"":user/alice""
      },
      ""Condition"": {
        ""StringEquals"": {
          """"aws"":RequestedRegion"": ""us-west-2""
        }
      }
    },
    {
      ""Sid"": ""allow_69e241c8"",
      ""Effect"": ""Allow"",
      ""Action"": """"s3"":DeleteBucket"",
      ""Resource"": [
        """"arn"":""aws"":""s3"":::bucket/data/file.json"",
        """"arn"":""aws"":""s3"":::bucket"",
        """"arn"":""aws"":""s3"":::bucket/document.txt""
      ],
      ""Principal"": {
        ""AWS"": """"arn"":""aws"":""iam""::""123456789012"":user/alice""
      },
      ""Condition"": {
        ""StringEquals"": {
          """"aws"":RequestedRegion"": ""us-west-2""
        }
      }
    },
    {
      ""Sid"": ""allow_29a501b9"",
      ""Effect"": ""Allow"",
      ""Action"": """"s3"":CreateBucket"",
      ""Resource"": [
        """"arn"":""aws"":""s3"":::bucket/logs/app.log"",
        """"arn"":""aws"":""s3"":::bucket/temp/upload.tmp""
      ],
      ""Principal"": {
        ""AWS"": """"arn"":""aws"":""iam""::${""aws"":PrincipalOrgID}:root""
      },
      ""Condition"": {
        ""StringEquals"": {
          """"s3"":prefix"": [
            ""home/${""aws"":userid}/"",
            ""home/${""aws"":username}""
          ]
        }
      }
    },
    {
      ""Sid"": ""allow_0eff1cfc"",
      ""Effect"": ""Allow"",
      ""Action"": """"s3"":DeleteBucket"",
      ""Resource"": """"arn"":""aws"":""s3"":::bucket"",
      ""Principal"": {
        ""AWS"": """"arn"":""aws"":""iam""::""123456789012"":user/bob""
      },
      ""Condition"": {
        ""DateGreaterThan"": {
          """"aws"":CurrentTime"": ""2024-01-""01T00"":""00"":00Z""
        }
      }
    },
    {
      ""Sid"": ""allow_ada4cbab"",
      ""Effect"": ""Allow"",
      ""Action"": """"s3"":ListBucket"",
      ""Resource"": """"arn"":""aws"":""s3"":::bucket/temp/upload.tmp"",
      ""Principal"": {
        ""AWS"": """"arn"":""aws"":""iam""::""123456789012"":user/bob""
      },
      ""Condition"": {
        ""StringNotEquals"": {
          """"s3"":prefix"": [
            ""home/${""aws"":userid}/"",
            ""home/${""aws"":username}""
          ]
        }
      }
    },
    {
      ""Sid"": ""allow_fa164656"",
      ""Effect"": ""Allow"",
      ""Action"": """"s3"":ListBucket"",
      ""Resource"": [
        """"arn"":""aws"":""s3"":::bucket/temp/upload.tmp"",
        """"arn"":""aws"":""s3"":::bucket""
      ],
      ""Principal"": {
        ""AWS"": """"arn"":""aws"":""iam""::""123456789012"":user/alice""
      },
      ""Condition"": {
        ""DateGreaterThan"": {
          """"aws"":CurrentTime"": ""2024-01-""01T00"":""00"":00Z""
        }
      }
    },
    {
      ""Sid"": ""allow_f8fc6856"",
      ""Effect"": ""Allow"",
      ""Action"": """"s3"":PutBucketPolicy"",
      ""Resource"": """"arn"":""aws"":""s3"":::bucket"",
      ""Principal"": {
        ""AWS"": """"arn"":""aws"":""iam""::""999888777666"":root""
      },
      ""Condition"": {
        ""StringNotEquals"": {
          """"s3"":prefix"": [
            ""home/${""aws"":userid}/"",
            ""home/${""aws"":username}""
          ]
        }
      }
    },
    {
      ""Sid"": ""allow_cb4a27e2"",
      ""Effect"": ""Allow"",
      ""Action"": """"s3"":DeleteBucket"",
      ""Resource"": [
        """"arn"":""aws"":""s3"":::bucket"",
        """"arn"":""aws"":""s3"":::bucket/temp/upload.tmp""
      ],
      ""Principal"": {
        ""AWS"": """"arn"":""aws"":""iam""::""999888777666"":root""
      },
      ""Condition"": {
        ""StringEquals"": {
          """"aws"":RequestedRegion"": ""us-east-1""
        }
      }
    },
    {
      ""Sid"": ""allow_5496ef6f"",
      ""Effect"": ""Allow"",
      ""Action"": """"s3"":DeleteBucket"",
      ""Resource"": [
        """"arn"":""aws"":""s3"":::bucket/temp/upload.tmp"",
        """"arn"":""aws"":""s3"":::bucket""
      ],
      ""Principal"": {
        ""AWS"": """"arn"":""aws"":""iam""::""123456789012"":user/bob""
      },
      ""Condition"": {
        ""StringEquals"": {
          """"aws"":RequestedRegion"": ""us-west-2""
        }
      }
    },
    {
      ""Sid"": ""allow_11cb27d9"",
      ""Effect"": ""Allow"",
      ""Action"": """"s3"":GetBucketAcl"",
      ""Resource"": """"arn"":""aws"":""s3"":::bucket/data/file.json"",
      ""Principal"": {
        ""AWS"": """"arn"":""aws"":""iam""::""999888777666"":root""
      },
      ""Condition"": {
        ""DateGreaterThan"": {
          """"aws"":CurrentTime"": ""2024-01-""01T00"":""00"":00Z""
        }
      }
    },
    {
      ""Sid"": ""allow_2b15f53f"",
      ""Effect"": ""Allow"",
      ""Action"": """"s3"":GetBucketLocation"",
      ""Resource"": [
        """"arn"":""aws"":""s3"":::bucket/data/file.json"",
        """"arn"":""aws"":""s3"":::bucket/temp/upload.tmp""
      ],
      ""Principal"": {
        ""AWS"": """"arn"":""aws"":""iam""::${""aws"":PrincipalOrgID}:root""
      },
      ""Condition"": {
        ""StringEquals"": {
          """"s3"":prefix"": [
            ""home/${""aws"":userid}/"",
            ""home/${""aws"":username}""
          ]
        }
      }
    },
    {
      ""Sid"": ""allow_5b8632c7"",
      ""Effect"": ""Allow"",
      ""Action"": """"s3"":GetBucketLocation"",
      ""Resource"": """"arn"":""aws"":""s3"":::bucket"",
      ""Principal"": {
        ""AWS"": """"arn"":""aws"":""iam""::""123456789012"":user/bob""
      },
      ""Condition"": {
        ""StringNotEquals"": {
          """"s3"":prefix"": [
            ""home/${""aws"":userid}/"",
            ""home/${""aws"":username}""
          ]
        }
      }
    },
    {
      ""Sid"": ""allow_505db97b"",
      ""Effect"": ""Allow"",
      ""Action"": """"s3"":GetBucketAcl"",
      ""Resource"": """"arn"":""aws"":""s3"":::bucket"",
      ""Principal"": {
        ""AWS"": """"arn"":""aws"":""iam""::""123456789012"":user/alice""
      },
      ""Condition"": {
        ""DateLessThan"": {
          """"aws"":CurrentTime"": ""2025-12-""31T23"":""59"":59Z""
        }
      }
    },
    {
      ""Sid"": ""allow_e18aee46"",
      ""Effect"": ""Allow"",
      ""Action"": """"s3"":GetBucketAcl"",
      ""Resource"": """"arn"":""aws"":""s3"":::bucket"",
      ""Principal"": {
        ""AWS"": """"arn"":""aws"":""iam""::""999888777666"":root""
      },
      ""Condition"": {
        ""DateGreaterThan"": {
          """"aws"":CurrentTime"": ""2024-01-""01T00"":""00"":00Z""
        }
      }
    },
    {
      ""Sid"": ""allow_225820f4"",
      ""Effect"": ""Allow"",
      ""Action"": """"s3"":DeleteObject"",
      ""Resource"": """"arn"":""aws"":""s3"":::bucket/logs/app.log"",
      ""Principal"": {
        ""AWS"": """"arn"":""aws"":""iam""::${""aws"":PrincipalOrgID}:root""
      },
      ""Condition"": {
        ""StringEquals"": {
          """"s3"":prefix"": [
            ""home/${""aws"":userid}/"",
            ""home/${""aws"":username}""
          ]
        }
      }
    },
    {
      ""Sid"": ""allow_024c3b67"",
      ""Effect"": ""Allow"",
      ""Action"": """"s3"":ListBucket"",
      ""Resource"": """"arn"":""aws"":""s3"":::bucket/document.txt"",
      ""Principal"": {
        ""AWS"": """"arn"":""aws"":""iam""::${""aws"":PrincipalOrgID}:root""
      },
      ""Condition"": {
        ""StringEquals"": {
          """"s3"":prefix"": [
            ""home/${""aws"":userid}/"",
            ""home/${""aws"":username}""
          ]
        }
      }
    },
    {
      ""Sid"": ""allow_aad94e2e"",
      ""Effect"": ""Allow"",
      ""Action"": """"s3"":DeleteBucket"",
      ""Resource"": [
        """"arn"":""aws"":""s3"":::bucket/temp/upload.tmp"",
        """"arn"":""aws"":""s3"":::bucket/logs/app.log""
      ],
      ""Principal"": {
        ""AWS"": """"arn"":""aws"":""iam""::""123456789012"":user/bob""
      },
      ""Condition"": {
        ""DateGreaterThan"": {
          """"aws"":CurrentTime"": ""2024-01-""01T00"":""00"":00Z""
        }
      }
    },
    {
      ""Sid"": ""allow_81d1af52"",
      ""Effect"": ""Allow"",
      ""Action"": """"s3"":PutBucketPolicy"",
      ""Resource"": [
        """"arn"":""aws"":""s3"":::bucket/logs/app.log"",
        """"arn"":""aws"":""s3"":::bucket/data/file.json""
      ],
      ""Principal"": {
        ""AWS"": """"arn"":""aws"":""iam""::""999888777666"":root""
      },
      ""Condition"": {
        ""StringNotEquals"": {
          """"s3"":prefix"": [
            ""home/${""aws"":userid}/"",
            ""home/${""aws"":username}""
          ]
        }
      }
    },
    {
      ""Sid"": ""allow_228895b3"",
      ""Effect"": ""Allow"",
      ""Action"": """"s3"":ListBucket"",
      ""Resource"": """"arn"":""aws"":""s3"":::bucket"",
      ""Principal"": {
        ""AWS"": """"arn"":""aws"":""iam""::${""aws"":PrincipalOrgID}:root""
      },
      ""Condition"": {
        ""StringEquals"": {
          """"s3"":prefix"": [
            ""home/${""aws"":userid}/"",
            ""home/${""aws"":username}""
          ]
        }
      }
    },
    {
      ""Sid"": ""allow_a677dfe1"",
      ""Effect"": ""Allow"",
      ""Action"": """"s3"":GetBucketLocation"",
      ""Resource"": [
        """"arn"":""aws"":""s3"":::bucket"",
        """"arn"":""aws"":""s3"":::bucket/logs/app.log""
      ],
      ""Principal"": {
        ""AWS"": """"arn"":""aws"":""iam""::${""aws"":PrincipalOrgID}:root""
      },
      ""Condition"": {
        ""StringEquals"": {
          """"s3"":prefix"": [
            ""home/${""aws"":userid}/"",
            ""home/${""aws"":username}""
          ]
        }
      }
    },
    {
      ""Sid"": ""allow_44c56f39"",
      ""Effect"": ""Allow"",
      ""Action"": """"s3"":GetObject"",
      ""Resource"": [
        """"arn"":""aws"":""s3"":::bucket/document.txt"",
        """"arn"":""aws"":""s3"":::bucket/logs/app.log""
      ],
      ""Principal"": {
        ""AWS"": """"arn"":""aws"":""iam""::""999888777666"":root""
      },
      ""Condition"": {
        ""DateLessThan"": {
          """"aws"":CurrentTime"": ""2025-12-""31T23"":""59"":59Z""
        }
      }
    },
    {
      ""Sid"": ""allow_93411652"",
      ""Effect"": ""Allow"",
      ""Action"": """"s3"":GetBucketAcl"",
      ""Resource"": [
        """"arn"":""aws"":""s3"":::bucket/logs/app.log"",
        """"arn"":""aws"":""s3"":::bucket""
      ],
      ""Principal"": {
        ""AWS"": """"arn"":""aws"":""iam""::${""aws"":PrincipalOrgID}:root""
      },
      ""Condition"": {
        ""StringEquals"": {
          """"s3"":prefix"": [
            ""home/${""aws"":userid}/"",
            ""home/${""aws"":username}""
          ]
        }
      }
    },
    {
      ""Sid"": ""allow_cad27173"",
      ""Effect"": ""Allow"",
      ""Action"": """"s3"":ListBucket"",
      ""Resource"": [
        """"arn"":""aws"":""s3"":::bucket/temp/upload.tmp"",
        """"arn"":""aws"":""s3"":::bucket""
      ],
      ""Principal"": {
        ""AWS"": """"arn"":""aws"":""iam""::${""aws"":PrincipalOrgID}:root""
      },
      ""Condition"": {
        ""StringEquals"": {
          """"s3"":prefix"": [
            ""home/${""aws"":userid}/"",
            ""home/${""aws"":username}""
          ]
        }
      }
    },
    {
      ""Sid"": ""allow_cef63195"",
      ""Effect"": ""Allow"",
      ""Action"": """"s3"":ListBucket"",
      ""Resource"": [
        """"arn"":""aws"":""s3"":::bucket"",
        """"arn"":""aws"":""s3"":::bucket/temp/upload.tmp""
      ],
      ""Principal"": {
        ""AWS"": """"arn"":""aws"":""iam""::""123456789012"":user/bob""
      },
      ""Condition"": {
        ""DateLessThan"": {
          """"aws"":CurrentTime"": ""2025-12-""31T23"":""59"":59Z""
        }
      }
    },
    {
      ""Sid"": ""allow_1eef984e"",
      ""Effect"": ""Allow"",
      ""Action"": """"s3"":DeleteBucket"",
      ""Resource"": [
        """"arn"":""aws"":""s3"":::bucket/temp/upload.tmp"",
        """"arn"":""aws"":""s3"":::bucket/document.txt""
      ],
      ""Principal"": {
        ""AWS"": """"arn"":""aws"":""iam""::""123456789012"":user/alice""
      },
      ""Condition"": {
        ""StringEquals"": {
          """"aws"":RequestedRegion"": ""us-east-1""
        }
      }
    },
    {
      ""Sid"": ""allow_5193da1a"",
      ""Effect"": ""Allow"",
      ""Action"": """"s3"":DeleteBucket"",
      ""Resource"": [
        """"arn"":""aws"":""s3"":::bucket/logs/app.log"",
        """"arn"":""aws"":""s3"":::bucket""
      ],
      ""Principal"": {
        ""AWS"": """"arn"":""aws"":""iam""::""123456789012"":user/bob""
      },
      ""Condition"": {
        ""DateLessThan"": {
          """"aws"":CurrentTime"": ""2025-12-""31T23"":""59"":59Z""
        }
      }
    },
    {
      ""Sid"": ""allow_ff65202a"",
      ""Effect"": ""Allow"",
      ""Action"": """"s3"":PutBucketPolicy"",
      ""Resource"": """"arn"":""aws"":""s3"":::bucket"",
      ""Principal"": {
        ""AWS"": """"arn"":""aws"":""iam""::""123456789012"":user/alice""
      },
      ""Condition"": {
        ""StringEquals"": {
          """"aws"":RequestedRegion"": ""us-west-2""
        }
      }
    },
    {
      ""Sid"": ""allow_e8481d0d"",
      ""Effect"": ""Allow"",
      ""Action"": """"s3"":GetObject"",
      ""Resource"": """"arn"":""aws"":""s3"":::bucket"",
      ""Principal"": {
        ""AWS"": """"arn"":""aws"":""iam""::""123456789012"":user/alice""
      },
      ""Condition"": {
        ""StringNotEquals"": {
          """"s3"":prefix"": [
            ""home/${""aws"":userid}/"",
            ""home/${""aws"":username}""
          ]
        }
      }
    },
    {
      ""Sid"": ""allow_af755bea"",
      ""Effect"": ""Allow"",
      ""Action"": """"s3"":ListBucket"",
      ""Resource"": [
        """"arn"":""aws"":""s3"":::bucket/data/file.json"",
        """"arn"":""aws"":""s3"":::bucket""
      ],
      ""Principal"": {
        ""AWS"": """"arn"":""aws"":""iam""::""123456789012"":user/alice""
      },
      ""Condition"": {
        ""StringNotEquals"": {
          """"s3"":prefix"": [
            ""home/${""aws"":userid}/"",
            ""home/${""aws"":username}""
          ]
        }
      }
    },
    {
      ""Sid"": ""deny_09dba973"",
      ""Effect"": ""Deny"",
      ""Action"": """"s3"":PutBucketPolicy"",
      ""Resource"": """"arn"":""aws"":""s3"":::completely-different-bucket/file.txt"",
      ""Principal"": {
        ""AWS"": """"arn"":""aws"":""iam""::""123456789012"":user/alice""
      },
      ""Condition"": {
        ""StringNotEquals"": {
          """"s3"":prefix"": [
            ""home/${""aws"":userid}/"",
            ""home/${""aws"":username}""
          ]
        }
      }
    },
    {
      ""Sid"": ""deny_ccca6562"",
      ""Effect"": ""Deny"",
      ""Action"": """"iam"":DeleteUser"",
      ""Resource"": [
        """"arn"":""aws"":""s3"":::bucket/temp/upload.tmp"",
        """"arn"":""aws"":""s3"":::bucket"",
        """"arn"":""aws"":""s3"":::bucket/document.txt""
      ],
      ""Principal"": {
        ""AWS"": """"arn"":""aws"":""iam""::""123456789012"":user/alice""
      },
      ""Condition"": {
        ""StringNotEquals"": {
          """"s3"":prefix"": [
            ""home/${""aws"":userid}/"",
            ""home/${""aws"":username}""
          ]
        }
      }
    },
    {
      ""Sid"": ""deny_e82bc5f5"",
      ""Effect"": ""Deny"",
      ""Action"": """"s3"":ListBucket"",
      ""Resource"": [
        """"arn"":""aws"":""s3"":::bucket/logs/app.log"",
        """"arn"":""aws"":""s3"":::bucket/data/file.json""
      ],
      ""Principal"": {
        ""AWS"": """"arn"":""aws"":""iam""::${""aws"":PrincipalOrgID}:root""
      },
      ""Condition"": {
        ""StringEquals"": {
          """"s3"":prefix"": [
            ""home/${""aws"":userid}/"",
            ""home/${""aws"":username}""
          ]
        }
      }
    },
    {
      ""Sid"": ""deny_afe43cec"",
      ""Effect"": ""Deny"",
      ""Action"": """"s3"":GetBucketLocation"",
      ""Resource"": """"arn"":""aws"":""s3"":::bucket"",
      ""Principal"": {
        ""AWS"": """"arn"":""aws"":""iam""::${""aws"":PrincipalOrgID}:root""
      },
      ""Condition"": {
        ""StringEquals"": {
          """"s3"":prefix"": [
            ""home/${""aws"":userid}/"",
            ""home/${""aws"":username}""
          ]
        }
      }
    },
    {
      ""Sid"": ""deny_bdc95f60"",
      ""Effect"": ""Deny"",
      ""Action"": """"s3"":DeleteBucket"",
      ""Resource"": [
        """"arn"":""aws"":""s3"":::bucket/temp/upload.tmp"",
        """"arn"":""aws"":""s3"":::bucket""
      ],
      ""Principal"": {
        ""AWS"": """"arn"":""aws"":""iam""::${""aws"":PrincipalOrgID}:root""
      },
      ""Condition"": {
        ""StringEquals"": {
          """"s3"":prefix"": [
            ""home/${""aws"":userid}/"",
            ""home/${""aws"":username}""
          ]
        }
      }
    },
    {
      ""Sid"": ""deny_c116460e"",
      ""Effect"": ""Deny"",
      ""Action"": """"ec2"":RunInstances"",
      ""Resource"": """"arn"":""aws"":""s3"":::bucket/temp/upload.tmp"",
      ""Principal"": {
        ""AWS"": """"arn"":""aws"":""iam""::""123456789012"":user/alice""
      },
      ""Condition"": {
        ""DateGreaterThan"": {
          """"aws"":CurrentTime"": ""2024-01-""01T00"":""00"":00Z""
        }
      }
    },
    {
      ""Sid"": ""deny_6aef7d10"",
      ""Effect"": ""Deny"",
      ""Action"": """"ec2"":DescribeInstances"",
      ""Resource"": """"arn"":""aws"":""s3"":::bucket"",
      ""Principal"": {
        ""AWS"": """"arn"":""aws"":""iam""::""123456789012"":user/bob""
      },
      ""Condition"": {
        ""StringEquals"": {
          """"aws"":RequestedRegion"": ""us-west-2""
        }
      }
    },
    {
      ""Sid"": ""deny_fc6dbf90"",
      ""Effect"": ""Deny"",
      ""Action"": """"s3"":GetBucketAcl"",
      ""Resource"": """"arn"":""aws"":""s3"":::bucket/temp/upload.tmp"",
      ""Principal"": {
        ""AWS"": """"arn"":""aws"":""iam""::${""aws"":PrincipalOrgID}:root""
      },
      ""Condition"": {
        ""StringEquals"": {
          """"s3"":prefix"": [
            ""home/${""aws"":userid}/"",
            ""home/${""aws"":username}""
          ]
        }
      }
    },
    {
      ""Sid"": ""deny_905e31c0"",
      ""Effect"": ""Deny"",
      ""Action"": """"s3"":CreateBucket"",
      ""Resource"": [
        """"arn"":""aws"":""s3"":::bucket"",
        """"arn"":""aws"":""s3"":::bucket/document.txt""
      ],
      ""Principal"": {
        ""AWS"": """"arn"":""aws"":""iam""::${""aws"":PrincipalOrgID}:root""
      },
      ""Condition"": {
        ""StringEquals"": {
          """"s3"":prefix"": [
            ""home/${""aws"":userid}/"",
            ""home/${""aws"":username}""
          ]
        }
      }
    },
    {
      ""Sid"": ""deny_a4494c57"",
      ""Effect"": ""Deny"",
      ""Action"": """"iam"":CreateUser"",
      ""Resource"": [
        """"arn"":""aws"":""s3"":::bucket"",
        """"arn"":""aws"":""s3"":::bucket/temp/upload.tmp""
      ],
      ""Principal"": {
        ""AWS"": """"arn"":""aws"":""iam""::""123456789012"":user/alice""
      },
      ""Condition"": {
        ""DateGreaterThan"": {
          """"aws"":CurrentTime"": ""2024-01-""01T00"":""00"":00Z""
        }
      }
    },
    {
      ""Sid"": ""deny_8ff5d35b"",
      ""Effect"": ""Deny"",
      ""Action"": """"s3"":GetBucketLocation"",
      ""Resource"": """"arn"":""aws"":""s3"":::bucket"",
      ""Principal"": {
        ""AWS"": """"arn"":""aws"":""iam""::${""aws"":PrincipalOrgID}:root""
      },
      ""Condition"": {
        ""StringEquals"": {
          """"s3"":prefix"": [
            ""home/${""aws"":userid}/"",
            ""home/${""aws"":username}""
          ]
        }
      }
    },
    {
      ""Sid"": ""deny_a1a23186"",
      ""Effect"": ""Deny"",
      ""Action"": """"s3"":DeleteObject"",
      ""Resource"": """"arn"":""aws"":""s3"":::different-bucket/file.txt"",
      ""Principal"": {
        ""AWS"": """"arn"":""aws"":""iam""::""123456789012"":user/alice""
      },
      ""Condition"": {
        ""StringEquals"": {
          """"aws"":RequestedRegion"": ""us-west-2""
        }
      }
    },
    {
      ""Sid"": ""deny_125d70f1"",
      ""Effect"": ""Deny"",
      ""Action"": """"s3"":DeleteObject"",
      ""Resource"": """"arn"":""aws"":""s3"":::bucket"",
      ""Principal"": {
        ""AWS"": """"arn"":""aws"":""iam""::${""aws"":PrincipalOrgID}:root""
      },
      ""Condition"": {
        ""StringEquals"": {
          """"s3"":prefix"": [
            ""home/${""aws"":userid}/"",
            ""home/${""aws"":username}""
          ]
        }
      }
    },
    {
      ""Sid"": ""deny_f9d6a96f"",
      ""Effect"": ""Deny"",
      ""Action"": """"s3"":PutObject"",
      ""Resource"": [
        """"arn"":""aws"":""s3"":::bucket/document.txt"",
        """"arn"":""aws"":""s3"":::bucket""
      ],
      ""Principal"": {
        ""AWS"": """"arn"":""aws"":""iam""::${""aws"":PrincipalOrgID}:root""
      },
      ""Condition"": {
        ""StringEquals"": {
          """"s3"":prefix"": [
            ""home/${""aws"":userid}/"",
            ""home/${""aws"":username}""
          ]
        }
      }
    },
    {
      ""Sid"": ""deny_0be3add9"",
      ""Effect"": ""Deny"",
      ""Action"": """"s3"":CreateBucket"",
      ""Resource"": """"arn"":""aws"":""s3"":::bucket"",
      ""Principal"": {
        ""AWS"": """"arn"":""aws"":""iam""::${""aws"":PrincipalOrgID}:root""
      },
      ""Condition"": {
        ""StringEquals"": {
          """"s3"":prefix"": [
            ""home/${""aws"":userid}/"",
            ""home/${""aws"":username}""
          ]
        }
      }
    },
    {
      ""Sid"": ""deny_93fc3581"",
      ""Effect"": ""Deny"",
      ""Action"": """"s3"":GetBucketAcl"",
      ""Resource"": [
        """"arn"":""aws"":""s3"":::bucket"",
        """"arn"":""aws"":""s3"":::bucket/temp/upload.tmp""
      ],
      ""Principal"": {
        ""AWS"": """"arn"":""aws"":""iam""::${""aws"":PrincipalOrgID}:root""
      },
      ""Condition"": {
        ""StringEquals"": {
          """"s3"":prefix"": [
            ""home/${""aws"":userid}/"",
            ""home/${""aws"":username}""
          ]
        }
      }
    },
    {
      ""Sid"": ""deny_2d0ffa0b"",
      ""Effect"": ""Deny"",
      ""Action"": """"s3"":GetBucketLocation"",
      ""Resource"": """"arn"":""aws"":""s3"":::bucket/temp/upload.tmp"",
      ""Principal"": {
        ""AWS"": """"arn"":""aws"":""iam""::${""aws"":PrincipalOrgID}:root""
      },
      ""Condition"": {
        ""StringEquals"": {
          """"s3"":prefix"": [
            ""home/${""aws"":userid}/"",
            ""home/${""aws"":username}""
          ]
        }
      }
    },
    {
      ""Sid"": ""deny_86b9adb4"",
      ""Effect"": ""Deny"",
      ""Action"": """"s3"":CreateBucket"",
      ""Resource"": """"arn"":""aws"":""s3"":::completely-different-bucket/file.txt"",
      ""Principal"": {
        ""AWS"": """"arn"":""aws"":""iam""::""999888777666"":root""
      },
      ""Condition"": {
        ""StringEquals"": {
          """"aws"":RequestedRegion"": ""us-west-2""
        }
      }
    }"
7,repair,0.0,,,,,,,4.0,,False,"Failed to parse JSON even after fixes. Original error: Expecting ',' delimiter: line 884 column 6 (char 21303). Fixed JSON: {
  ""Version"": ""2012-10-17"",
  ""Statement"": [
    {
      ""Sid"": ""allow_16f34570"",
      ""Effect"": ""Allow"",
      ""Action"": """"s3"":ListBucket"",
      ""Resource"": [
        """"arn"":""aws"":""s3"":::bucket/data/file.json"",
        """"arn"":""aws"":""s3"":::bucket""
      ],
      ""Principal"": {
        ""AWS"": """"arn"":""aws"":""iam""::${""aws"":PrincipalOrgID}:root""
      },
      ""Condition"": {
        ""StringEquals"": {
          """"s3"":prefix"": [
            ""home/${""aws"":userid}/"",
            ""home/${""aws"":username}""
          ]
        }
      }
    },
    {
      ""Sid"": ""allow_8636455d"",
      ""Effect"": ""Allow"",
      ""Action"": """"s3"":ListBucket"",
      ""Resource"": """"arn"":""aws"":""s3"":::bucket"",
      ""Principal"": {
        ""AWS"": """"arn"":""aws"":""iam""::${""aws"":PrincipalOrgID}:root""
      },
      ""Condition"": {
        ""StringEquals"": {
          """"s3"":prefix"": [
            ""home/${""aws"":userid}/"",
            ""home/${""aws"":username}""
          ]
        }
      }
    },
    {
      ""Sid"": ""allow_73432679"",
      ""Effect"": ""Allow"",
      ""Action"": """"s3"":ListBucket"",
      ""Resource"": [
        """"arn"":""aws"":""s3"":::bucket"",
        """"arn"":""aws"":""s3"":::bucket/logs/app.log""
      ],
      ""Principal"": {
        ""AWS"": """"arn"":""aws"":""iam""::""123456789012"":user/bob""
      },
      ""Condition"": {
        ""DateGreaterThan"": {
          """"aws"":CurrentTime"": ""2024-01-""01T00"":""00"":00Z""
        }
      }
    },
    {
      ""Sid"": ""allow_4e5b2849"",
      ""Effect"": ""Allow"",
      ""Action"": """"s3"":DeleteBucket"",
      ""Resource"": """"arn"":""aws"":""s3"":::bucket"",
      ""Principal"": {
        ""AWS"": """"arn"":""aws"":""iam""::""123456789012"":user/alice""
      },
      ""Condition"": {
        ""DateGreaterThan"": {
          """"aws"":CurrentTime"": ""2024-01-""01T00"":""00"":00Z""
        }
      }
    },
    {
      ""Sid"": ""allow_c10d578d"",
      ""Effect"": ""Allow"",
      ""Action"": """"s3"":GetBucketLocation"",
      ""Resource"": [
        """"arn"":""aws"":""s3"":::bucket/temp/upload.tmp"",
        """"arn"":""aws"":""s3"":::bucket/logs/app.log""
      ],
      ""Principal"": {
        ""AWS"": """"arn"":""aws"":""iam""::""123456789012"":user/alice""
      },
      ""Condition"": {
        ""StringEquals"": {
          """"aws"":RequestedRegion"": ""us-west-2""
        }
      }
    },
    {
      ""Sid"": ""allow_69e241c8"",
      ""Effect"": ""Allow"",
      ""Action"": """"s3"":DeleteBucket"",
      ""Resource"": [
        """"arn"":""aws"":""s3"":::bucket/data/file.json"",
        """"arn"":""aws"":""s3"":::bucket"",
        """"arn"":""aws"":""s3"":::bucket/document.txt""
      ],
      ""Principal"": {
        ""AWS"": """"arn"":""aws"":""iam""::""123456789012"":user/alice""
      },
      ""Condition"": {
        ""StringEquals"": {
          """"aws"":RequestedRegion"": ""us-west-2""
        }
      }
    },
    {
      ""Sid"": ""allow_29a501b9"",
      ""Effect"": ""Allow"",
      ""Action"": """"s3"":CreateBucket"",
      ""Resource"": [
        """"arn"":""aws"":""s3"":::bucket/logs/app.log"",
        """"arn"":""aws"":""s3"":::bucket/temp/upload.tmp""
      ],
      ""Principal"": {
        ""AWS"": """"arn"":""aws"":""iam""::${""aws"":PrincipalOrgID}:root""
      },
      ""Condition"": {
        ""StringEquals"": {
          """"s3"":prefix"": [
            ""home/${""aws"":userid}/"",
            ""home/${""aws"":username}""
          ]
        }
      }
    },
    {
      ""Sid"": ""allow_0eff1cfc"",
      ""Effect"": ""Allow"",
      ""Action"": """"s3"":DeleteBucket"",
      ""Resource"": """"arn"":""aws"":""s3"":::bucket"",
      ""Principal"": {
        ""AWS"": """"arn"":""aws"":""iam""::""123456789012"":user/bob""
      },
      ""Condition"": {
        ""DateGreaterThan"": {
          """"aws"":CurrentTime"": ""2024-01-""01T00"":""00"":00Z""
        }
      }
    },
    {
      ""Sid"": ""allow_ada4cbab"",
      ""Effect"": ""Allow"",
      ""Action"": """"s3"":ListBucket"",
      ""Resource"": """"arn"":""aws"":""s3"":::bucket/temp/upload.tmp"",
      ""Principal"": {
        ""AWS"": """"arn"":""aws"":""iam""::""123456789012"":user/bob""
      },
      ""Condition"": {
        ""StringNotEquals"": {
          """"s3"":prefix"": [
            ""home/${""aws"":userid}/"",
            ""home/${""aws"":username}""
          ]
        }
      }
    },
    {
      ""Sid"": ""allow_fa164656"",
      ""Effect"": ""Allow"",
      ""Action"": """"s3"":ListBucket"",
      ""Resource"": [
        """"arn"":""aws"":""s3"":::bucket/temp/upload.tmp"",
        """"arn"":""aws"":""s3"":::bucket""
      ],
      ""Principal"": {
        ""AWS"": """"arn"":""aws"":""iam""::""123456789012"":user/alice""
      },
      ""Condition"": {
        ""DateGreaterThan"": {
          """"aws"":CurrentTime"": ""2024-01-""01T00"":""00"":00Z""
        }
      }
    },
    {
      ""Sid"": ""allow_f8fc6856"",
      ""Effect"": ""Allow"",
      ""Action"": """"s3"":PutBucketPolicy"",
      ""Resource"": """"arn"":""aws"":""s3"":::bucket"",
      ""Principal"": {
        ""AWS"": """"arn"":""aws"":""iam""::""999888777666"":root""
      },
      ""Condition"": {
        ""StringNotEquals"": {
          """"s3"":prefix"": [
            ""home/${""aws"":userid}/"",
            ""home/${""aws"":username}""
          ]
        }
      }
    },
    {
      ""Sid"": ""allow_cb4a27e2"",
      ""Effect"": ""Allow"",
      ""Action"": """"s3"":DeleteBucket"",
      ""Resource"": [
        """"arn"":""aws"":""s3"":::bucket"",
        """"arn"":""aws"":""s3"":::bucket/temp/upload.tmp""
      ],
      ""Principal"": {
        ""AWS"": """"arn"":""aws"":""iam""::""999888777666"":root""
      },
      ""Condition"": {
        ""StringEquals"": {
          """"aws"":RequestedRegion"": ""us-east-1""
        }
      }
    },
    {
      ""Sid"": ""allow_5496ef6f"",
      ""Effect"": ""Allow"",
      ""Action"": """"s3"":DeleteBucket"",
      ""Resource"": [
        """"arn"":""aws"":""s3"":::bucket/temp/upload.tmp"",
        """"arn"":""aws"":""s3"":::bucket""
      ],
      ""Principal"": {
        ""AWS"": """"arn"":""aws"":""iam""::""123456789012"":user/bob""
      },
      ""Condition"": {
        ""StringEquals"": {
          """"aws"":RequestedRegion"": ""us-west-2""
        }
      }
    },
    {
      ""Sid"": ""allow_11cb27d9"",
      ""Effect"": ""Allow"",
      ""Action"": """"s3"":GetBucketAcl"",
      ""Resource"": """"arn"":""aws"":""s3"":::bucket/data/file.json"",
      ""Principal"": {
        ""AWS"": """"arn"":""aws"":""iam""::""999888777666"":root""
      },
      ""Condition"": {
        ""DateGreaterThan"": {
          """"aws"":CurrentTime"": ""2024-01-""01T00"":""00"":00Z""
        }
      }
    },
    {
      ""Sid"": ""allow_2b15f53f"",
      ""Effect"": ""Allow"",
      ""Action"": """"s3"":GetBucketLocation"",
      ""Resource"": [
        """"arn"":""aws"":""s3"":::bucket/data/file.json"",
        """"arn"":""aws"":""s3"":::bucket/temp/upload.tmp""
      ],
      ""Principal"": {
        ""AWS"": """"arn"":""aws"":""iam""::${""aws"":PrincipalOrgID}:root""
      },
      ""Condition"": {
        ""StringEquals"": {
          """"s3"":prefix"": [
            ""home/${""aws"":userid}/"",
            ""home/${""aws"":username}""
          ]
        }
      }
    },
    {
      ""Sid"": ""allow_5b8632c7"",
      ""Effect"": ""Allow"",
      ""Action"": """"s3"":GetBucketLocation"",
      ""Resource"": """"arn"":""aws"":""s3"":::bucket"",
      ""Principal"": {
        ""AWS"": """"arn"":""aws"":""iam""::""123456789012"":user/bob""
      },
      ""Condition"": {
        ""StringNotEquals"": {
          """"s3"":prefix"": [
            ""home/${""aws"":userid}/"",
            ""home/${""aws"":username}""
          ]
        }
      }
    },
    {
      ""Sid"": ""allow_505db97b"",
      ""Effect"": ""Allow"",
      ""Action"": """"s3"":GetBucketAcl"",
      ""Resource"": """"arn"":""aws"":""s3"":::bucket"",
      ""Principal"": {
        ""AWS"": """"arn"":""aws"":""iam""::""123456789012"":user/alice""
      },
      ""Condition"": {
        ""DateLessThan"": {
          """"aws"":CurrentTime"": ""2025-12-""31T23"":""59"":59Z""
        }
      }
    },
    {
      ""Sid"": ""allow_e18aee46"",
      ""Effect"": ""Allow"",
      ""Action"": """"s3"":GetBucketAcl"",
      ""Resource"": """"arn"":""aws"":""s3"":::bucket"",
      ""Principal"": {
        ""AWS"": """"arn"":""aws"":""iam""::""999888777666"":root""
      },
      ""Condition"": {
        ""DateGreaterThan"": {
          """"aws"":CurrentTime"": ""2024-01-""01T00"":""00"":00Z""
        }
      }
    },
    {
      ""Sid"": ""allow_225820f4"",
      ""Effect"": ""Allow"",
      ""Action"": """"s3"":DeleteObject"",
      ""Resource"": """"arn"":""aws"":""s3"":::bucket/logs/app.log"",
      ""Principal"": {
        ""AWS"": """"arn"":""aws"":""iam""::${""aws"":PrincipalOrgID}:root""
      },
      ""Condition"": {
        ""StringEquals"": {
          """"s3"":prefix"": [
            ""home/${""aws"":userid}/"",
            ""home/${""aws"":username}""
          ]
        }
      }
    },
    {
      ""Sid"": ""allow_024c3b67"",
      ""Effect"": ""Allow"",
      ""Action"": """"s3"":ListBucket"",
      ""Resource"": """"arn"":""aws"":""s3"":::bucket/document.txt"",
      ""Principal"": {
        ""AWS"": """"arn"":""aws"":""iam""::${""aws"":PrincipalOrgID}:root""
      },
      ""Condition"": {
        ""StringEquals"": {
          """"s3"":prefix"": [
            ""home/${""aws"":userid}/"",
            ""home/${""aws"":username}""
          ]
        }
      }
    },
    {
      ""Sid"": ""allow_aad94e2e"",
      ""Effect"": ""Allow"",
      ""Action"": """"s3"":DeleteBucket"",
      ""Resource"": [
        """"arn"":""aws"":""s3"":::bucket/temp/upload.tmp"",
        """"arn"":""aws"":""s3"":::bucket/logs/app.log""
      ],
      ""Principal"": {
        ""AWS"": """"arn"":""aws"":""iam""::""123456789012"":user/bob""
      },
      ""Condition"": {
        ""DateGreaterThan"": {
          """"aws"":CurrentTime"": ""2024-01-""01T00"":""00"":00Z""
        }
      }
    },
    {
      ""Sid"": ""allow_81d1af52"",
      ""Effect"": ""Allow"",
      ""Action"": """"s3"":PutBucketPolicy"",
      ""Resource"": [
        """"arn"":""aws"":""s3"":::bucket/logs/app.log"",
        """"arn"":""aws"":""s3"":::bucket/data/file.json""
      ],
      ""Principal"": {
        ""AWS"": """"arn"":""aws"":""iam""::""999888777666"":root""
      },
      ""Condition"": {
        ""StringNotEquals"": {
          """"s3"":prefix"": [
            ""home/${""aws"":userid}/"",
            ""home/${""aws"":username}""
          ]
        }
      }
    },
    {
      ""Sid"": ""allow_228895b3"",
      ""Effect"": ""Allow"",
      ""Action"": """"s3"":ListBucket"",
      ""Resource"": """"arn"":""aws"":""s3"":::bucket"",
      ""Principal"": {
        ""AWS"": """"arn"":""aws"":""iam""::${""aws"":PrincipalOrgID}:root""
      },
      ""Condition"": {
        ""StringEquals"": {
          """"s3"":prefix"": [
            ""home/${""aws"":userid}/"",
            ""home/${""aws"":username}""
          ]
        }
      }
    },
    {
      ""Sid"": ""allow_a677dfe1"",
      ""Effect"": ""Allow"",
      ""Action"": """"s3"":GetBucketLocation"",
      ""Resource"": [
        """"arn"":""aws"":""s3"":::bucket"",
        """"arn"":""aws"":""s3"":::bucket/logs/app.log""
      ],
      ""Principal"": {
        ""AWS"": """"arn"":""aws"":""iam""::${""aws"":PrincipalOrgID}:root""
      },
      ""Condition"": {
        ""StringEquals"": {
          """"s3"":prefix"": [
            ""home/${""aws"":userid}/"",
            ""home/${""aws"":username}""
          ]
        }
      }
    },
    {
      ""Sid"": ""allow_44c56f39"",
      ""Effect"": ""Allow"",
      ""Action"": """"s3"":GetObject"",
      ""Resource"": [
        """"arn"":""aws"":""s3"":::bucket/document.txt"",
        """"arn"":""aws"":""s3"":::bucket/logs/app.log""
      ],
      ""Principal"": {
        ""AWS"": """"arn"":""aws"":""iam""::""999888777666"":root""
      },
      ""Condition"": {
        ""DateLessThan"": {
          """"aws"":CurrentTime"": ""2025-12-""31T23"":""59"":59Z""
        }
      }
    },
    {
      ""Sid"": ""allow_93411652"",
      ""Effect"": ""Allow"",
      ""Action"": """"s3"":GetBucketAcl"",
      ""Resource"": [
        """"arn"":""aws"":""s3"":::bucket/logs/app.log"",
        """"arn"":""aws"":""s3"":::bucket""
      ],
      ""Principal"": {
        ""AWS"": """"arn"":""aws"":""iam""::${""aws"":PrincipalOrgID}:root""
      },
      ""Condition"": {
        ""StringEquals"": {
          """"s3"":prefix"": [
            ""home/${""aws"":userid}/"",
            ""home/${""aws"":username}""
          ]
        }
      }
    },
    {
      ""Sid"": ""allow_cad27173"",
      ""Effect"": ""Allow"",
      ""Action"": """"s3"":ListBucket"",
      ""Resource"": [
        """"arn"":""aws"":""s3"":::bucket/temp/upload.tmp"",
        """"arn"":""aws"":""s3"":::bucket""
      ],
      ""Principal"": {
        ""AWS"": """"arn"":""aws"":""iam""::${""aws"":PrincipalOrgID}:root""
      },
      ""Condition"": {
        ""StringEquals"": {
          """"s3"":prefix"": [
            ""home/${""aws"":userid}/"",
            ""home/${""aws"":username}""
          ]
        }
      }
    },
    {
      ""Sid"": ""allow_cef63195"",
      ""Effect"": ""Allow"",
      ""Action"": """"s3"":ListBucket"",
      ""Resource"": [
        """"arn"":""aws"":""s3"":::bucket"",
        """"arn"":""aws"":""s3"":::bucket/temp/upload.tmp""
      ],
      ""Principal"": {
        ""AWS"": """"arn"":""aws"":""iam""::""123456789012"":user/bob""
      },
      ""Condition"": {
        ""DateLessThan"": {
          """"aws"":CurrentTime"": ""2025-12-""31T23"":""59"":59Z""
        }
      }
    },
    {
      ""Sid"": ""allow_1eef984e"",
      ""Effect"": ""Allow"",
      ""Action"": """"s3"":DeleteBucket"",
      ""Resource"": [
        """"arn"":""aws"":""s3"":::bucket/temp/upload.tmp"",
        """"arn"":""aws"":""s3"":::bucket/document.txt""
      ],
      ""Principal"": {
        ""AWS"": """"arn"":""aws"":""iam""::""123456789012"":user/alice""
      },
      ""Condition"": {
        ""StringEquals"": {
          """"aws"":RequestedRegion"": ""us-east-1""
        }
      }
    },
    {
      ""Sid"": ""allow_5193da1a"",
      ""Effect"": ""Allow"",
      ""Action"": """"s3"":DeleteBucket"",
      ""Resource"": [
        """"arn"":""aws"":""s3"":::bucket/logs/app.log"",
        """"arn"":""aws"":""s3"":::bucket""
      ],
      ""Principal"": {
        ""AWS"": """"arn"":""aws"":""iam""::""123456789012"":user/bob""
      },
      ""Condition"": {
        ""DateLessThan"": {
          """"aws"":CurrentTime"": ""2025-12-""31T23"":""59"":59Z""
        }
      }
    },
    {
      ""Sid"": ""allow_ff65202a"",
      ""Effect"": ""Allow"",
      ""Action"": """"s3"":PutBucketPolicy"",
      ""Resource"": """"arn"":""aws"":""s3"":::bucket"",
      ""Principal"": {
        ""AWS"": """"arn"":""aws"":""iam""::""123456789012"":user/alice""
      },
      ""Condition"": {
        ""StringEquals"": {
          """"aws"":RequestedRegion"": ""us-west-2""
        }
      }
    },
    {
      ""Sid"": ""allow_e8481d0d"",
      ""Effect"": ""Allow"",
      ""Action"": """"s3"":GetObject"",
      ""Resource"": """"arn"":""aws"":""s3"":::bucket"",
      ""Principal"": {
        ""AWS"": """"arn"":""aws"":""iam""::""123456789012"":user/alice""
      },
      ""Condition"": {
        ""StringNotEquals"": {
          """"s3"":prefix"": [
            ""home/${""aws"":userid}/"",
            ""home/${""aws"":username}""
          ]
        }
      }
    },
    {
      ""Sid"": ""allow_af755bea"",
      ""Effect"": ""Allow"",
      ""Action"": """"s3"":ListBucket"",
      ""Resource"": [
        """"arn"":""aws"":""s3"":::bucket/data/file.json"",
        """"arn"":""aws"":""s3"":::bucket""
      ],
      ""Principal"": {
        ""AWS"": """"arn"":""aws"":""iam""::""123456789012"":user/alice""
      },
      ""Condition"": {
        ""StringNotEquals"": {
          """"s3"":prefix"": [
            ""home/${""aws"":userid}/"",
            ""home/${""aws"":username}""
          ]
        }
      }
    },
    {
      ""Sid"": ""deny_09dba973"",
      ""Effect"": ""Deny"",
      ""Action"": """"s3"":PutBucketPolicy"",
      ""Resource"": """"arn"":""aws"":""s3"":::completely-different-bucket/file.txt"",
      ""Principal"": {
        ""AWS"": """"arn"":""aws"":""iam""::""123456789012"":user/alice""
      },
      ""Condition"": {
        ""StringNotEquals"": {
          """"s3"":prefix"": [
            ""home/${""aws"":userid}/"",
            ""home/${""aws"":username}""
          ]
        }
      }
    },
    {
      ""Sid"": ""deny_ccca6562"",
      ""Effect"": ""Deny"",
      ""Action"": """"iam"":DeleteUser"",
      ""Resource"": [
        """"arn"":""aws"":""s3"":::bucket/temp/upload.tmp"",
        """"arn"":""aws"":""s3"":::bucket"",
        """"arn"":""aws"":""s3"":::bucket/document.txt""
      ],
      ""Principal"": {
        ""AWS"": """"arn"":""aws"":""iam""::""123456789012"":user/alice""
      },
      ""Condition"": {
        ""StringNotEquals"": {
          """"s3"":prefix"": [
            ""home/${""aws"":userid}/"",
            ""home/${""aws"":username}""
          ]
        }
      }
    },
    {
      ""Sid"": ""deny_e82bc5f5"",
      ""Effect"": ""Deny"",
      ""Action"": """"s3"":ListBucket"",
      ""Resource"": [
        """"arn"":""aws"":""s3"":::bucket/logs/app.log"",
        """"arn"":""aws"":""s3"":::bucket/data/file.json""
      ],
      ""Principal"": {
        ""AWS"": """"arn"":""aws"":""iam""::${""aws"":PrincipalOrgID}:root""
      },
      ""Condition"": {
        ""StringEquals"": {
          """"s3"":prefix"": [
            ""home/${""aws"":userid}/"",
            ""home/${""aws"":username}""
          ]
        }
      }
    },
    {
      ""Sid"": ""deny_afe43cec"",
      ""Effect"": ""Deny"",
      ""Action"": """"s3"":GetBucketLocation"",
      ""Resource"": """"arn"":""aws"":""s3"":::bucket"",
      ""Principal"": {
        ""AWS"": """"arn"":""aws"":""iam""::${""aws"":PrincipalOrgID}:root""
      },
      ""Condition"": {
        ""StringEquals"": {
          """"s3"":prefix"": [
            ""home/${""aws"":userid}/"",
            ""home/${""aws"":username}""
          ]
        }
      }
    },
    {
      ""Sid"": ""deny_bdc95f60"",
      ""Effect"": ""Deny"",
      ""Action"": """"s3"":DeleteBucket"",
      ""Resource"": [
        """"arn"":""aws"":""s3"":::bucket/temp/upload.tmp"",
        """"arn"":""aws"":""s3"":::bucket""
      ],
      ""Principal"": {
        ""AWS"": """"arn"":""aws"":""iam""::${""aws"":PrincipalOrgID}:root""
      },
      ""Condition"": {
        ""StringEquals"": {
          """"s3"":prefix"": [
            ""home/${""aws"":userid}/"",
            ""home/${""aws"":username}""
          ]
        }
      }
    },
    {
      ""Sid"": ""deny_c116460e"",
      ""Effect"": ""Deny"",
      ""Action"": """"ec2"":RunInstances"",
      ""Resource"": """"arn"":""aws"":""s3"":::bucket/temp/upload.tmp"",
      ""Principal"": {
        ""AWS"": """"arn"":""aws"":""iam""::""123456789012"":user/alice""
      },
      ""Condition"": {
        ""DateGreaterThan"": {
          """"aws"":CurrentTime"": ""2024-01-""01T00"":""00"":00Z""
        }
      }
    },
    {
      ""Sid"": ""deny_6aef7d10"",
      ""Effect"": ""Deny"",
      ""Action"": """"ec2"":DescribeInstances"",
      ""Resource"": """"arn"":""aws"":""s3"":::bucket"",
      ""Principal"": {
        ""AWS"": """"arn"":""aws"":""iam""::""123456789012"":user/bob""
      },
      ""Condition"": {
        ""StringEquals"": {
          """"aws"":RequestedRegion"": ""us-west-2""
        }
      }
    },
    {
      ""Sid"": ""deny_fc6dbf90"",
      ""Effect"": ""Deny"",
      ""Action"": """"s3"":GetBucketAcl"",
      ""Resource"": """"arn"":""aws"":""s3"":::bucket/temp/upload.tmp"",
      ""Principal"": {
        ""AWS"": """"arn"":""aws"":""iam""::${""aws"":PrincipalOrgID}:root""
      },
      ""Condition"": {
        ""StringEquals"": {
          """"s3"":prefix"": [
            ""home/${""aws"":userid}/"",
            ""home/${""aws"":username}""
          ]
        }
      }
    },
    {
      ""Sid"": ""deny_905e31c0"",
      ""Effect"": ""Deny"",
      ""Action"": """"s3"":CreateBucket"",
      ""Resource"": [
        """"arn"":""aws"":""s3"":::bucket"",
        """"arn"":""aws"":""s3"":::bucket/document.txt""
      ],
      ""Principal"": {
        ""AWS"": """"arn"":""aws"":""iam""::${""aws"":PrincipalOrgID}:root""
      },
      ""Condition"": {
        ""StringEquals"": {
          """"s3"":prefix"": [
            ""home/${""aws"":userid}/"",
            ""home/${""aws"":username}""
          ]
        }
      }
    },
    {
      ""Sid"": ""deny_a4494c57"",
      ""Effect"": ""Deny"",
      ""Action"": """"iam"":CreateUser"",
      ""Resource"": [
        """"arn"":""aws"":""s3"":::bucket"",
        """"arn"":""aws"":""s3"":::bucket/temp/upload.tmp""
      ],
      ""Principal"": {
        ""AWS"": """"arn"":""aws"":""iam""::""123456789012"":user/alice""
      },
      ""Condition"": {
        ""DateGreaterThan"": {
          """"aws"":CurrentTime"": ""2024-01-""01T00"":""00"":00Z""
        }
      }
    },
    {
      ""Sid"": ""deny_8ff5d35b"",
      ""Effect"": ""Deny"",
      ""Action"": """"s3"":GetBucketLocation"",
      ""Resource"": """"arn"":""aws"":""s3"":::bucket"",
      ""Principal"": {
        ""AWS"": """"arn"":""aws"":""iam""::${""aws"":PrincipalOrgID}:root""
      },
      ""Condition"": {
        ""StringEquals"": {
          """"s3"":prefix"": [
            ""home/${""aws"":userid}/"",
            ""home/${""aws"":username}""
          ]
        }
      }
    },
    {
      ""Sid"": ""deny_a1a23186"",
      ""Effect"": ""Deny"",
      ""Action"": """"s3"":DeleteObject"",
      ""Resource"": """"arn"":""aws"":""s3"":::different-bucket/file.txt"",
      ""Principal"": {
        ""AWS"": """"arn"":""aws"":""iam""::""123456789012"":user/alice""
      },
      ""Condition"": {
        ""StringEquals"": {
          """"aws"":RequestedRegion"": ""us-west-2""
        }
      }
    },
    {
      ""Sid"": ""deny_125d70f1"",
      ""Effect"": ""Deny"",
      ""Action"": """"s3"":DeleteObject"",
      ""Resource"": """"arn"":""aws"":""s3"":::bucket"",
      ""Principal"": {
        ""AWS"": """"arn"":""aws"":""iam""::${""aws"":PrincipalOrgID}:root""
      },
      ""Condition"": {
        ""StringEquals"": {
          """"s3"":prefix"": [
            ""home/${""aws"":userid}/"",
            ""home/${""aws"":username}""
          ]
        }
      }
    },
    {
      ""Sid"": ""deny_f9d6a96f"",
      ""Effect"": ""Deny"",
      ""Action"": """"s3"":PutObject"",
      ""Resource"": [
        """"arn"":""aws"":""s3"":::bucket/document.txt"",
        """"arn"":""aws"":""s3"":::bucket""
      ],
      ""Principal"": {
        ""AWS"": """"arn"":""aws"":""iam""::${""aws"":PrincipalOrgID}:root""
      },
      ""Condition"": {
        ""StringEquals"": {
          """"s3"":prefix"": [
            ""home/${""aws"":userid}/"",
            ""home/${""aws"":username}""
          ]
        }
      }
    },
    {
      ""Sid"": ""deny_0be3add9"",
      ""Effect"": ""Deny"",
      ""Action"": """"s3"":CreateBucket"",
      ""Resource"": """"arn"":""aws"":""s3"":::bucket"",
      ""Principal"": {
        ""AWS"": """"arn"":""aws"":""iam""::${""aws"":PrincipalOrgID}:root""
      },
      ""Condition"": {
        ""StringEquals"": {
          """"s3"":prefix"": [
            ""home/${""aws"":userid}/"",
            ""home/${""aws"":username}""
          ]
        }
      }
    },
    {
      ""Sid"": ""deny_93fc3581"",
      ""Effect"": ""Deny"",
      ""Action"": """"s3"":GetBucketAcl"",
      ""Resource"": [
        """"arn"":""aws"":""s3"":::bucket"",
        """"arn"":""aws"":""s3"":::bucket/temp/upload.tmp""
      ],
      ""Principal"": {
        ""AWS"": """"arn"":""aws"":""iam""::${""aws"":PrincipalOrgID}:root""
      },
      ""Condition"": {
        ""StringEquals"": {
          """"s3"":prefix"": [
            ""home/${""aws"":userid}/"",
            ""home/${""aws"":username}""
          ]
        }
      }
    },
    {
      ""Sid"": ""deny_2d0ffa0b"",
      ""Effect"": ""Deny"",
      ""Action"": """"s3"":GetBucketLocation"",
      ""Resource"": """"arn"":""aws"":""s3"":::bucket/temp/upload.tmp"",
      ""Principal"": {
        ""AWS"": """"arn"":""aws"":""iam""::${""aws"":PrincipalOrgID}:root""
      },
      ""Condition"": {
        ""StringEquals"": {
          """"s3"":prefix"": [
            ""home/${""aws"":userid}/"",
            ""home/${""aws"":username}""
          ]
        }
      }
    },
    {
      ""Sid"": ""deny_86b9adb4"",
      ""Effect"": ""Deny"",
      ""Action"": """"s3"":CreateBucket"",
      ""Resource"": """"arn"":""aws"":""s3"":::completely-different-bucket/file.txt"",
      ""Principal"": {
        ""AWS"": """"arn"":""aws"":""iam""::""999888777666"":root""
      },
      ""Condition"": {
        ""StringEquals"": {
          """"aws"":RequestedRegion"": ""us-west-2""
        }
      }
    }"
7,repair,0.0,,,,,,,5.0,,False,"Failed to parse JSON even after fixes. Original error: Expecting ',' delimiter: line 884 column 6 (char 21303). Fixed JSON: {
  ""Version"": ""2012-10-17"",
  ""Statement"": [
    {
      ""Sid"": ""allow_16f34570"",
      ""Effect"": ""Allow"",
      ""Action"": """"s3"":ListBucket"",
      ""Resource"": [
        """"arn"":""aws"":""s3"":::bucket/data/file.json"",
        """"arn"":""aws"":""s3"":::bucket""
      ],
      ""Principal"": {
        ""AWS"": """"arn"":""aws"":""iam""::${""aws"":PrincipalOrgID}:root""
      },
      ""Condition"": {
        ""StringEquals"": {
          """"s3"":prefix"": [
            ""home/${""aws"":userid}/"",
            ""home/${""aws"":username}""
          ]
        }
      }
    },
    {
      ""Sid"": ""allow_8636455d"",
      ""Effect"": ""Allow"",
      ""Action"": """"s3"":ListBucket"",
      ""Resource"": """"arn"":""aws"":""s3"":::bucket"",
      ""Principal"": {
        ""AWS"": """"arn"":""aws"":""iam""::${""aws"":PrincipalOrgID}:root""
      },
      ""Condition"": {
        ""StringEquals"": {
          """"s3"":prefix"": [
            ""home/${""aws"":userid}/"",
            ""home/${""aws"":username}""
          ]
        }
      }
    },
    {
      ""Sid"": ""allow_73432679"",
      ""Effect"": ""Allow"",
      ""Action"": """"s3"":ListBucket"",
      ""Resource"": [
        """"arn"":""aws"":""s3"":::bucket"",
        """"arn"":""aws"":""s3"":::bucket/logs/app.log""
      ],
      ""Principal"": {
        ""AWS"": """"arn"":""aws"":""iam""::""123456789012"":user/bob""
      },
      ""Condition"": {
        ""DateGreaterThan"": {
          """"aws"":CurrentTime"": ""2024-01-""01T00"":""00"":00Z""
        }
      }
    },
    {
      ""Sid"": ""allow_4e5b2849"",
      ""Effect"": ""Allow"",
      ""Action"": """"s3"":DeleteBucket"",
      ""Resource"": """"arn"":""aws"":""s3"":::bucket"",
      ""Principal"": {
        ""AWS"": """"arn"":""aws"":""iam""::""123456789012"":user/alice""
      },
      ""Condition"": {
        ""DateGreaterThan"": {
          """"aws"":CurrentTime"": ""2024-01-""01T00"":""00"":00Z""
        }
      }
    },
    {
      ""Sid"": ""allow_c10d578d"",
      ""Effect"": ""Allow"",
      ""Action"": """"s3"":GetBucketLocation"",
      ""Resource"": [
        """"arn"":""aws"":""s3"":::bucket/temp/upload.tmp"",
        """"arn"":""aws"":""s3"":::bucket/logs/app.log""
      ],
      ""Principal"": {
        ""AWS"": """"arn"":""aws"":""iam""::""123456789012"":user/alice""
      },
      ""Condition"": {
        ""StringEquals"": {
          """"aws"":RequestedRegion"": ""us-west-2""
        }
      }
    },
    {
      ""Sid"": ""allow_69e241c8"",
      ""Effect"": ""Allow"",
      ""Action"": """"s3"":DeleteBucket"",
      ""Resource"": [
        """"arn"":""aws"":""s3"":::bucket/data/file.json"",
        """"arn"":""aws"":""s3"":::bucket"",
        """"arn"":""aws"":""s3"":::bucket/document.txt""
      ],
      ""Principal"": {
        ""AWS"": """"arn"":""aws"":""iam""::""123456789012"":user/alice""
      },
      ""Condition"": {
        ""StringEquals"": {
          """"aws"":RequestedRegion"": ""us-west-2""
        }
      }
    },
    {
      ""Sid"": ""allow_29a501b9"",
      ""Effect"": ""Allow"",
      ""Action"": """"s3"":CreateBucket"",
      ""Resource"": [
        """"arn"":""aws"":""s3"":::bucket/logs/app.log"",
        """"arn"":""aws"":""s3"":::bucket/temp/upload.tmp""
      ],
      ""Principal"": {
        ""AWS"": """"arn"":""aws"":""iam""::${""aws"":PrincipalOrgID}:root""
      },
      ""Condition"": {
        ""StringEquals"": {
          """"s3"":prefix"": [
            ""home/${""aws"":userid}/"",
            ""home/${""aws"":username}""
          ]
        }
      }
    },
    {
      ""Sid"": ""allow_0eff1cfc"",
      ""Effect"": ""Allow"",
      ""Action"": """"s3"":DeleteBucket"",
      ""Resource"": """"arn"":""aws"":""s3"":::bucket"",
      ""Principal"": {
        ""AWS"": """"arn"":""aws"":""iam""::""123456789012"":user/bob""
      },
      ""Condition"": {
        ""DateGreaterThan"": {
          """"aws"":CurrentTime"": ""2024-01-""01T00"":""00"":00Z""
        }
      }
    },
    {
      ""Sid"": ""allow_ada4cbab"",
      ""Effect"": ""Allow"",
      ""Action"": """"s3"":ListBucket"",
      ""Resource"": """"arn"":""aws"":""s3"":::bucket/temp/upload.tmp"",
      ""Principal"": {
        ""AWS"": """"arn"":""aws"":""iam""::""123456789012"":user/bob""
      },
      ""Condition"": {
        ""StringNotEquals"": {
          """"s3"":prefix"": [
            ""home/${""aws"":userid}/"",
            ""home/${""aws"":username}""
          ]
        }
      }
    },
    {
      ""Sid"": ""allow_fa164656"",
      ""Effect"": ""Allow"",
      ""Action"": """"s3"":ListBucket"",
      ""Resource"": [
        """"arn"":""aws"":""s3"":::bucket/temp/upload.tmp"",
        """"arn"":""aws"":""s3"":::bucket""
      ],
      ""Principal"": {
        ""AWS"": """"arn"":""aws"":""iam""::""123456789012"":user/alice""
      },
      ""Condition"": {
        ""DateGreaterThan"": {
          """"aws"":CurrentTime"": ""2024-01-""01T00"":""00"":00Z""
        }
      }
    },
    {
      ""Sid"": ""allow_f8fc6856"",
      ""Effect"": ""Allow"",
      ""Action"": """"s3"":PutBucketPolicy"",
      ""Resource"": """"arn"":""aws"":""s3"":::bucket"",
      ""Principal"": {
        ""AWS"": """"arn"":""aws"":""iam""::""999888777666"":root""
      },
      ""Condition"": {
        ""StringNotEquals"": {
          """"s3"":prefix"": [
            ""home/${""aws"":userid}/"",
            ""home/${""aws"":username}""
          ]
        }
      }
    },
    {
      ""Sid"": ""allow_cb4a27e2"",
      ""Effect"": ""Allow"",
      ""Action"": """"s3"":DeleteBucket"",
      ""Resource"": [
        """"arn"":""aws"":""s3"":::bucket"",
        """"arn"":""aws"":""s3"":::bucket/temp/upload.tmp""
      ],
      ""Principal"": {
        ""AWS"": """"arn"":""aws"":""iam""::""999888777666"":root""
      },
      ""Condition"": {
        ""StringEquals"": {
          """"aws"":RequestedRegion"": ""us-east-1""
        }
      }
    },
    {
      ""Sid"": ""allow_5496ef6f"",
      ""Effect"": ""Allow"",
      ""Action"": """"s3"":DeleteBucket"",
      ""Resource"": [
        """"arn"":""aws"":""s3"":::bucket/temp/upload.tmp"",
        """"arn"":""aws"":""s3"":::bucket""
      ],
      ""Principal"": {
        ""AWS"": """"arn"":""aws"":""iam""::""123456789012"":user/bob""
      },
      ""Condition"": {
        ""StringEquals"": {
          """"aws"":RequestedRegion"": ""us-west-2""
        }
      }
    },
    {
      ""Sid"": ""allow_11cb27d9"",
      ""Effect"": ""Allow"",
      ""Action"": """"s3"":GetBucketAcl"",
      ""Resource"": """"arn"":""aws"":""s3"":::bucket/data/file.json"",
      ""Principal"": {
        ""AWS"": """"arn"":""aws"":""iam""::""999888777666"":root""
      },
      ""Condition"": {
        ""DateGreaterThan"": {
          """"aws"":CurrentTime"": ""2024-01-""01T00"":""00"":00Z""
        }
      }
    },
    {
      ""Sid"": ""allow_2b15f53f"",
      ""Effect"": ""Allow"",
      ""Action"": """"s3"":GetBucketLocation"",
      ""Resource"": [
        """"arn"":""aws"":""s3"":::bucket/data/file.json"",
        """"arn"":""aws"":""s3"":::bucket/temp/upload.tmp""
      ],
      ""Principal"": {
        ""AWS"": """"arn"":""aws"":""iam""::${""aws"":PrincipalOrgID}:root""
      },
      ""Condition"": {
        ""StringEquals"": {
          """"s3"":prefix"": [
            ""home/${""aws"":userid}/"",
            ""home/${""aws"":username}""
          ]
        }
      }
    },
    {
      ""Sid"": ""allow_5b8632c7"",
      ""Effect"": ""Allow"",
      ""Action"": """"s3"":GetBucketLocation"",
      ""Resource"": """"arn"":""aws"":""s3"":::bucket"",
      ""Principal"": {
        ""AWS"": """"arn"":""aws"":""iam""::""123456789012"":user/bob""
      },
      ""Condition"": {
        ""StringNotEquals"": {
          """"s3"":prefix"": [
            ""home/${""aws"":userid}/"",
            ""home/${""aws"":username}""
          ]
        }
      }
    },
    {
      ""Sid"": ""allow_505db97b"",
      ""Effect"": ""Allow"",
      ""Action"": """"s3"":GetBucketAcl"",
      ""Resource"": """"arn"":""aws"":""s3"":::bucket"",
      ""Principal"": {
        ""AWS"": """"arn"":""aws"":""iam""::""123456789012"":user/alice""
      },
      ""Condition"": {
        ""DateLessThan"": {
          """"aws"":CurrentTime"": ""2025-12-""31T23"":""59"":59Z""
        }
      }
    },
    {
      ""Sid"": ""allow_e18aee46"",
      ""Effect"": ""Allow"",
      ""Action"": """"s3"":GetBucketAcl"",
      ""Resource"": """"arn"":""aws"":""s3"":::bucket"",
      ""Principal"": {
        ""AWS"": """"arn"":""aws"":""iam""::""999888777666"":root""
      },
      ""Condition"": {
        ""DateGreaterThan"": {
          """"aws"":CurrentTime"": ""2024-01-""01T00"":""00"":00Z""
        }
      }
    },
    {
      ""Sid"": ""allow_225820f4"",
      ""Effect"": ""Allow"",
      ""Action"": """"s3"":DeleteObject"",
      ""Resource"": """"arn"":""aws"":""s3"":::bucket/logs/app.log"",
      ""Principal"": {
        ""AWS"": """"arn"":""aws"":""iam""::${""aws"":PrincipalOrgID}:root""
      },
      ""Condition"": {
        ""StringEquals"": {
          """"s3"":prefix"": [
            ""home/${""aws"":userid}/"",
            ""home/${""aws"":username}""
          ]
        }
      }
    },
    {
      ""Sid"": ""allow_024c3b67"",
      ""Effect"": ""Allow"",
      ""Action"": """"s3"":ListBucket"",
      ""Resource"": """"arn"":""aws"":""s3"":::bucket/document.txt"",
      ""Principal"": {
        ""AWS"": """"arn"":""aws"":""iam""::${""aws"":PrincipalOrgID}:root""
      },
      ""Condition"": {
        ""StringEquals"": {
          """"s3"":prefix"": [
            ""home/${""aws"":userid}/"",
            ""home/${""aws"":username}""
          ]
        }
      }
    },
    {
      ""Sid"": ""allow_aad94e2e"",
      ""Effect"": ""Allow"",
      ""Action"": """"s3"":DeleteBucket"",
      ""Resource"": [
        """"arn"":""aws"":""s3"":::bucket/temp/upload.tmp"",
        """"arn"":""aws"":""s3"":::bucket/logs/app.log""
      ],
      ""Principal"": {
        ""AWS"": """"arn"":""aws"":""iam""::""123456789012"":user/bob""
      },
      ""Condition"": {
        ""DateGreaterThan"": {
          """"aws"":CurrentTime"": ""2024-01-""01T00"":""00"":00Z""
        }
      }
    },
    {
      ""Sid"": ""allow_81d1af52"",
      ""Effect"": ""Allow"",
      ""Action"": """"s3"":PutBucketPolicy"",
      ""Resource"": [
        """"arn"":""aws"":""s3"":::bucket/logs/app.log"",
        """"arn"":""aws"":""s3"":::bucket/data/file.json""
      ],
      ""Principal"": {
        ""AWS"": """"arn"":""aws"":""iam""::""999888777666"":root""
      },
      ""Condition"": {
        ""StringNotEquals"": {
          """"s3"":prefix"": [
            ""home/${""aws"":userid}/"",
            ""home/${""aws"":username}""
          ]
        }
      }
    },
    {
      ""Sid"": ""allow_228895b3"",
      ""Effect"": ""Allow"",
      ""Action"": """"s3"":ListBucket"",
      ""Resource"": """"arn"":""aws"":""s3"":::bucket"",
      ""Principal"": {
        ""AWS"": """"arn"":""aws"":""iam""::${""aws"":PrincipalOrgID}:root""
      },
      ""Condition"": {
        ""StringEquals"": {
          """"s3"":prefix"": [
            ""home/${""aws"":userid}/"",
            ""home/${""aws"":username}""
          ]
        }
      }
    },
    {
      ""Sid"": ""allow_a677dfe1"",
      ""Effect"": ""Allow"",
      ""Action"": """"s3"":GetBucketLocation"",
      ""Resource"": [
        """"arn"":""aws"":""s3"":::bucket"",
        """"arn"":""aws"":""s3"":::bucket/logs/app.log""
      ],
      ""Principal"": {
        ""AWS"": """"arn"":""aws"":""iam""::${""aws"":PrincipalOrgID}:root""
      },
      ""Condition"": {
        ""StringEquals"": {
          """"s3"":prefix"": [
            ""home/${""aws"":userid}/"",
            ""home/${""aws"":username}""
          ]
        }
      }
    },
    {
      ""Sid"": ""allow_44c56f39"",
      ""Effect"": ""Allow"",
      ""Action"": """"s3"":GetObject"",
      ""Resource"": [
        """"arn"":""aws"":""s3"":::bucket/document.txt"",
        """"arn"":""aws"":""s3"":::bucket/logs/app.log""
      ],
      ""Principal"": {
        ""AWS"": """"arn"":""aws"":""iam""::""999888777666"":root""
      },
      ""Condition"": {
        ""DateLessThan"": {
          """"aws"":CurrentTime"": ""2025-12-""31T23"":""59"":59Z""
        }
      }
    },
    {
      ""Sid"": ""allow_93411652"",
      ""Effect"": ""Allow"",
      ""Action"": """"s3"":GetBucketAcl"",
      ""Resource"": [
        """"arn"":""aws"":""s3"":::bucket/logs/app.log"",
        """"arn"":""aws"":""s3"":::bucket""
      ],
      ""Principal"": {
        ""AWS"": """"arn"":""aws"":""iam""::${""aws"":PrincipalOrgID}:root""
      },
      ""Condition"": {
        ""StringEquals"": {
          """"s3"":prefix"": [
            ""home/${""aws"":userid}/"",
            ""home/${""aws"":username}""
          ]
        }
      }
    },
    {
      ""Sid"": ""allow_cad27173"",
      ""Effect"": ""Allow"",
      ""Action"": """"s3"":ListBucket"",
      ""Resource"": [
        """"arn"":""aws"":""s3"":::bucket/temp/upload.tmp"",
        """"arn"":""aws"":""s3"":::bucket""
      ],
      ""Principal"": {
        ""AWS"": """"arn"":""aws"":""iam""::${""aws"":PrincipalOrgID}:root""
      },
      ""Condition"": {
        ""StringEquals"": {
          """"s3"":prefix"": [
            ""home/${""aws"":userid}/"",
            ""home/${""aws"":username}""
          ]
        }
      }
    },
    {
      ""Sid"": ""allow_cef63195"",
      ""Effect"": ""Allow"",
      ""Action"": """"s3"":ListBucket"",
      ""Resource"": [
        """"arn"":""aws"":""s3"":::bucket"",
        """"arn"":""aws"":""s3"":::bucket/temp/upload.tmp""
      ],
      ""Principal"": {
        ""AWS"": """"arn"":""aws"":""iam""::""123456789012"":user/bob""
      },
      ""Condition"": {
        ""DateLessThan"": {
          """"aws"":CurrentTime"": ""2025-12-""31T23"":""59"":59Z""
        }
      }
    },
    {
      ""Sid"": ""allow_1eef984e"",
      ""Effect"": ""Allow"",
      ""Action"": """"s3"":DeleteBucket"",
      ""Resource"": [
        """"arn"":""aws"":""s3"":::bucket/temp/upload.tmp"",
        """"arn"":""aws"":""s3"":::bucket/document.txt""
      ],
      ""Principal"": {
        ""AWS"": """"arn"":""aws"":""iam""::""123456789012"":user/alice""
      },
      ""Condition"": {
        ""StringEquals"": {
          """"aws"":RequestedRegion"": ""us-east-1""
        }
      }
    },
    {
      ""Sid"": ""allow_5193da1a"",
      ""Effect"": ""Allow"",
      ""Action"": """"s3"":DeleteBucket"",
      ""Resource"": [
        """"arn"":""aws"":""s3"":::bucket/logs/app.log"",
        """"arn"":""aws"":""s3"":::bucket""
      ],
      ""Principal"": {
        ""AWS"": """"arn"":""aws"":""iam""::""123456789012"":user/bob""
      },
      ""Condition"": {
        ""DateLessThan"": {
          """"aws"":CurrentTime"": ""2025-12-""31T23"":""59"":59Z""
        }
      }
    },
    {
      ""Sid"": ""allow_ff65202a"",
      ""Effect"": ""Allow"",
      ""Action"": """"s3"":PutBucketPolicy"",
      ""Resource"": """"arn"":""aws"":""s3"":::bucket"",
      ""Principal"": {
        ""AWS"": """"arn"":""aws"":""iam""::""123456789012"":user/alice""
      },
      ""Condition"": {
        ""StringEquals"": {
          """"aws"":RequestedRegion"": ""us-west-2""
        }
      }
    },
    {
      ""Sid"": ""allow_e8481d0d"",
      ""Effect"": ""Allow"",
      ""Action"": """"s3"":GetObject"",
      ""Resource"": """"arn"":""aws"":""s3"":::bucket"",
      ""Principal"": {
        ""AWS"": """"arn"":""aws"":""iam""::""123456789012"":user/alice""
      },
      ""Condition"": {
        ""StringNotEquals"": {
          """"s3"":prefix"": [
            ""home/${""aws"":userid}/"",
            ""home/${""aws"":username}""
          ]
        }
      }
    },
    {
      ""Sid"": ""allow_af755bea"",
      ""Effect"": ""Allow"",
      ""Action"": """"s3"":ListBucket"",
      ""Resource"": [
        """"arn"":""aws"":""s3"":::bucket/data/file.json"",
        """"arn"":""aws"":""s3"":::bucket""
      ],
      ""Principal"": {
        ""AWS"": """"arn"":""aws"":""iam""::""123456789012"":user/alice""
      },
      ""Condition"": {
        ""StringNotEquals"": {
          """"s3"":prefix"": [
            ""home/${""aws"":userid}/"",
            ""home/${""aws"":username}""
          ]
        }
      }
    },
    {
      ""Sid"": ""deny_09dba973"",
      ""Effect"": ""Deny"",
      ""Action"": """"s3"":PutBucketPolicy"",
      ""Resource"": """"arn"":""aws"":""s3"":::completely-different-bucket/file.txt"",
      ""Principal"": {
        ""AWS"": """"arn"":""aws"":""iam""::""123456789012"":user/alice""
      },
      ""Condition"": {
        ""StringNotEquals"": {
          """"s3"":prefix"": [
            ""home/${""aws"":userid}/"",
            ""home/${""aws"":username}""
          ]
        }
      }
    },
    {
      ""Sid"": ""deny_ccca6562"",
      ""Effect"": ""Deny"",
      ""Action"": """"iam"":DeleteUser"",
      ""Resource"": [
        """"arn"":""aws"":""s3"":::bucket/temp/upload.tmp"",
        """"arn"":""aws"":""s3"":::bucket"",
        """"arn"":""aws"":""s3"":::bucket/document.txt""
      ],
      ""Principal"": {
        ""AWS"": """"arn"":""aws"":""iam""::""123456789012"":user/alice""
      },
      ""Condition"": {
        ""StringNotEquals"": {
          """"s3"":prefix"": [
            ""home/${""aws"":userid}/"",
            ""home/${""aws"":username}""
          ]
        }
      }
    },
    {
      ""Sid"": ""deny_e82bc5f5"",
      ""Effect"": ""Deny"",
      ""Action"": """"s3"":ListBucket"",
      ""Resource"": [
        """"arn"":""aws"":""s3"":::bucket/logs/app.log"",
        """"arn"":""aws"":""s3"":::bucket/data/file.json""
      ],
      ""Principal"": {
        ""AWS"": """"arn"":""aws"":""iam""::${""aws"":PrincipalOrgID}:root""
      },
      ""Condition"": {
        ""StringEquals"": {
          """"s3"":prefix"": [
            ""home/${""aws"":userid}/"",
            ""home/${""aws"":username}""
          ]
        }
      }
    },
    {
      ""Sid"": ""deny_afe43cec"",
      ""Effect"": ""Deny"",
      ""Action"": """"s3"":GetBucketLocation"",
      ""Resource"": """"arn"":""aws"":""s3"":::bucket"",
      ""Principal"": {
        ""AWS"": """"arn"":""aws"":""iam""::${""aws"":PrincipalOrgID}:root""
      },
      ""Condition"": {
        ""StringEquals"": {
          """"s3"":prefix"": [
            ""home/${""aws"":userid}/"",
            ""home/${""aws"":username}""
          ]
        }
      }
    },
    {
      ""Sid"": ""deny_bdc95f60"",
      ""Effect"": ""Deny"",
      ""Action"": """"s3"":DeleteBucket"",
      ""Resource"": [
        """"arn"":""aws"":""s3"":::bucket/temp/upload.tmp"",
        """"arn"":""aws"":""s3"":::bucket""
      ],
      ""Principal"": {
        ""AWS"": """"arn"":""aws"":""iam""::${""aws"":PrincipalOrgID}:root""
      },
      ""Condition"": {
        ""StringEquals"": {
          """"s3"":prefix"": [
            ""home/${""aws"":userid}/"",
            ""home/${""aws"":username}""
          ]
        }
      }
    },
    {
      ""Sid"": ""deny_c116460e"",
      ""Effect"": ""Deny"",
      ""Action"": """"ec2"":RunInstances"",
      ""Resource"": """"arn"":""aws"":""s3"":::bucket/temp/upload.tmp"",
      ""Principal"": {
        ""AWS"": """"arn"":""aws"":""iam""::""123456789012"":user/alice""
      },
      ""Condition"": {
        ""DateGreaterThan"": {
          """"aws"":CurrentTime"": ""2024-01-""01T00"":""00"":00Z""
        }
      }
    },
    {
      ""Sid"": ""deny_6aef7d10"",
      ""Effect"": ""Deny"",
      ""Action"": """"ec2"":DescribeInstances"",
      ""Resource"": """"arn"":""aws"":""s3"":::bucket"",
      ""Principal"": {
        ""AWS"": """"arn"":""aws"":""iam""::""123456789012"":user/bob""
      },
      ""Condition"": {
        ""StringEquals"": {
          """"aws"":RequestedRegion"": ""us-west-2""
        }
      }
    },
    {
      ""Sid"": ""deny_fc6dbf90"",
      ""Effect"": ""Deny"",
      ""Action"": """"s3"":GetBucketAcl"",
      ""Resource"": """"arn"":""aws"":""s3"":::bucket/temp/upload.tmp"",
      ""Principal"": {
        ""AWS"": """"arn"":""aws"":""iam""::${""aws"":PrincipalOrgID}:root""
      },
      ""Condition"": {
        ""StringEquals"": {
          """"s3"":prefix"": [
            ""home/${""aws"":userid}/"",
            ""home/${""aws"":username}""
          ]
        }
      }
    },
    {
      ""Sid"": ""deny_905e31c0"",
      ""Effect"": ""Deny"",
      ""Action"": """"s3"":CreateBucket"",
      ""Resource"": [
        """"arn"":""aws"":""s3"":::bucket"",
        """"arn"":""aws"":""s3"":::bucket/document.txt""
      ],
      ""Principal"": {
        ""AWS"": """"arn"":""aws"":""iam""::${""aws"":PrincipalOrgID}:root""
      },
      ""Condition"": {
        ""StringEquals"": {
          """"s3"":prefix"": [
            ""home/${""aws"":userid}/"",
            ""home/${""aws"":username}""
          ]
        }
      }
    },
    {
      ""Sid"": ""deny_a4494c57"",
      ""Effect"": ""Deny"",
      ""Action"": """"iam"":CreateUser"",
      ""Resource"": [
        """"arn"":""aws"":""s3"":::bucket"",
        """"arn"":""aws"":""s3"":::bucket/temp/upload.tmp""
      ],
      ""Principal"": {
        ""AWS"": """"arn"":""aws"":""iam""::""123456789012"":user/alice""
      },
      ""Condition"": {
        ""DateGreaterThan"": {
          """"aws"":CurrentTime"": ""2024-01-""01T00"":""00"":00Z""
        }
      }
    },
    {
      ""Sid"": ""deny_8ff5d35b"",
      ""Effect"": ""Deny"",
      ""Action"": """"s3"":GetBucketLocation"",
      ""Resource"": """"arn"":""aws"":""s3"":::bucket"",
      ""Principal"": {
        ""AWS"": """"arn"":""aws"":""iam""::${""aws"":PrincipalOrgID}:root""
      },
      ""Condition"": {
        ""StringEquals"": {
          """"s3"":prefix"": [
            ""home/${""aws"":userid}/"",
            ""home/${""aws"":username}""
          ]
        }
      }
    },
    {
      ""Sid"": ""deny_a1a23186"",
      ""Effect"": ""Deny"",
      ""Action"": """"s3"":DeleteObject"",
      ""Resource"": """"arn"":""aws"":""s3"":::different-bucket/file.txt"",
      ""Principal"": {
        ""AWS"": """"arn"":""aws"":""iam""::""123456789012"":user/alice""
      },
      ""Condition"": {
        ""StringEquals"": {
          """"aws"":RequestedRegion"": ""us-west-2""
        }
      }
    },
    {
      ""Sid"": ""deny_125d70f1"",
      ""Effect"": ""Deny"",
      ""Action"": """"s3"":DeleteObject"",
      ""Resource"": """"arn"":""aws"":""s3"":::bucket"",
      ""Principal"": {
        ""AWS"": """"arn"":""aws"":""iam""::${""aws"":PrincipalOrgID}:root""
      },
      ""Condition"": {
        ""StringEquals"": {
          """"s3"":prefix"": [
            ""home/${""aws"":userid}/"",
            ""home/${""aws"":username}""
          ]
        }
      }
    },
    {
      ""Sid"": ""deny_f9d6a96f"",
      ""Effect"": ""Deny"",
      ""Action"": """"s3"":PutObject"",
      ""Resource"": [
        """"arn"":""aws"":""s3"":::bucket/document.txt"",
        """"arn"":""aws"":""s3"":::bucket""
      ],
      ""Principal"": {
        ""AWS"": """"arn"":""aws"":""iam""::${""aws"":PrincipalOrgID}:root""
      },
      ""Condition"": {
        ""StringEquals"": {
          """"s3"":prefix"": [
            ""home/${""aws"":userid}/"",
            ""home/${""aws"":username}""
          ]
        }
      }
    },
    {
      ""Sid"": ""deny_0be3add9"",
      ""Effect"": ""Deny"",
      ""Action"": """"s3"":CreateBucket"",
      ""Resource"": """"arn"":""aws"":""s3"":::bucket"",
      ""Principal"": {
        ""AWS"": """"arn"":""aws"":""iam""::${""aws"":PrincipalOrgID}:root""
      },
      ""Condition"": {
        ""StringEquals"": {
          """"s3"":prefix"": [
            ""home/${""aws"":userid}/"",
            ""home/${""aws"":username}""
          ]
        }
      }
    },
    {
      ""Sid"": ""deny_93fc3581"",
      ""Effect"": ""Deny"",
      ""Action"": """"s3"":GetBucketAcl"",
      ""Resource"": [
        """"arn"":""aws"":""s3"":::bucket"",
        """"arn"":""aws"":""s3"":::bucket/temp/upload.tmp""
      ],
      ""Principal"": {
        ""AWS"": """"arn"":""aws"":""iam""::${""aws"":PrincipalOrgID}:root""
      },
      ""Condition"": {
        ""StringEquals"": {
          """"s3"":prefix"": [
            ""home/${""aws"":userid}/"",
            ""home/${""aws"":username}""
          ]
        }
      }
    },
    {
      ""Sid"": ""deny_2d0ffa0b"",
      ""Effect"": ""Deny"",
      ""Action"": """"s3"":GetBucketLocation"",
      ""Resource"": """"arn"":""aws"":""s3"":::bucket/temp/upload.tmp"",
      ""Principal"": {
        ""AWS"": """"arn"":""aws"":""iam""::${""aws"":PrincipalOrgID}:root""
      },
      ""Condition"": {
        ""StringEquals"": {
          """"s3"":prefix"": [
            ""home/${""aws"":userid}/"",
            ""home/${""aws"":username}""
          ]
        }
      }
    },
    {
      ""Sid"": ""deny_86b9adb4"",
      ""Effect"": ""Deny"",
      ""Action"": """"s3"":CreateBucket"",
      ""Resource"": """"arn"":""aws"":""s3"":::completely-different-bucket/file.txt"",
      ""Principal"": {
        ""AWS"": """"arn"":""aws"":""iam""::""999888777666"":root""
      },
      ""Condition"": {
        ""StringEquals"": {
          """"aws"":RequestedRegion"": ""us-west-2""
        }
      }
    }"
8,repair,73.3,90.0,66.0,24.0,24.0,0.0,,1.0,/home/bhall2/Documents/fixmypolicy/FL/Experiment-1/temp_validation/val-90/policy_8_iter_1.json,True,
8,repair,73.3,90.0,66.0,24.0,24.0,0.0,,2.0,/home/bhall2/Documents/fixmypolicy/FL/Experiment-1/temp_validation/val-90/policy_8_iter_2.json,True,
8,repair,73.3,90.0,66.0,24.0,24.0,0.0,,3.0,/home/bhall2/Documents/fixmypolicy/FL/Experiment-1/temp_validation/val-90/policy_8_iter_3.json,True,
8,repair,73.3,90.0,66.0,24.0,24.0,0.0,,4.0,/home/bhall2/Documents/fixmypolicy/FL/Experiment-1/temp_validation/val-90/policy_8_iter_4.json,True,
8,repair,73.3,90.0,66.0,24.0,24.0,0.0,,5.0,/home/bhall2/Documents/fixmypolicy/FL/Experiment-1/temp_validation/val-90/policy_8_iter_5.json,True,
9,repair,92.2,90.0,83.0,7.0,7.0,0.0,,1.0,/home/bhall2/Documents/fixmypolicy/FL/Experiment-1/temp_validation/val-90/policy_9_iter_1.json,True,
9,repair,92.2,90.0,83.0,7.0,7.0,0.0,,2.0,/home/bhall2/Documents/fixmypolicy/FL/Experiment-1/temp_validation/val-90/policy_9_iter_2.json,True,
9,repair,92.2,90.0,83.0,7.0,7.0,0.0,,3.0,/home/bhall2/Documents/fixmypolicy/FL/Experiment-1/temp_validation/val-90/policy_9_iter_3.json,True,
9,repair,92.2,90.0,83.0,7.0,7.0,0.0,,4.0,/home/bhall2/Documents/fixmypolicy/FL/Experiment-1/temp_validation/val-90/policy_9_iter_4.json,True,
9,repair,92.2,90.0,83.0,7.0,7.0,0.0,,5.0,/home/bhall2/Documents/fixmypolicy/FL/Experiment-1/temp_validation/val-90/policy_9_iter_5.json,True,
