policy_name,policy_index,policy_file,statement_index,statement_id,statement_effect,statement_action,statement_resource,request_object_id,individual_request_id,action,resource,principal,condition,expected_effect,actual_result,solver_result,is_correct
policy_7_iter_1.json,,/home/bhall2/Documents/fixmypolicy/FL/Experiment-2/temp_validation/val-25-ollama/policy_7_iter_1.json,1,stmt1,Allow,['s3:*'],"['arn:aws:s3:::bucket', 'arn:aws:s3:::bucket/*']",allow_4193f4bf,allow_4193f4bf_combo_1,s3:GetBucketAcl,arn:aws:s3:::bucket,arn:aws:iam::${aws:PrincipalOrgID}:root,"{'StringEquals': {'s3:prefix': ['home/${aws:userid}/', 'home/${aws:username}']}}",allow,allow,sat,True
policy_7_iter_1.json,,/home/bhall2/Documents/fixmypolicy/FL/Experiment-2/temp_validation/val-25-ollama/policy_7_iter_1.json,1,stmt1,Allow,['s3:*'],"['arn:aws:s3:::bucket', 'arn:aws:s3:::bucket/*']",allow_4193f4bf,allow_4193f4bf_combo_2,s3:GetBucketAcl,arn:aws:s3:::bucket/temp/upload.tmp,arn:aws:iam::${aws:PrincipalOrgID}:root,"{'StringEquals': {'s3:prefix': ['home/${aws:userid}/', 'home/${aws:username}']}}",allow,allow,sat,True
policy_7_iter_1.json,,/home/bhall2/Documents/fixmypolicy/FL/Experiment-2/temp_validation/val-25-ollama/policy_7_iter_1.json,1,stmt1,Allow,['s3:*'],"['arn:aws:s3:::bucket', 'arn:aws:s3:::bucket/*']",allow_4193f4bf,allow_4193f4bf_combo_3,s3:GetBucketAcl,arn:aws:s3:::bucket/data/file.json,arn:aws:iam::${aws:PrincipalOrgID}:root,"{'StringEquals': {'s3:prefix': ['home/${aws:userid}/', 'home/${aws:username}']}}",allow,allow,sat,True
policy_7_iter_1.json,,/home/bhall2/Documents/fixmypolicy/FL/Experiment-2/temp_validation/val-25-ollama/policy_7_iter_1.json,1,stmt1,Allow,['s3:*'],"['arn:aws:s3:::bucket', 'arn:aws:s3:::bucket/*']",deny_fbfc89ab,deny_fbfc89ab_combo_1,dynamodb:DeleteItem,arn:aws:s3:::bucket/document.txt,arn:aws:iam::999888777666:PrincipalOrgID}:root,{'StringEquals': {'aws:RequestedRegion': 'us-east-1'}},deny,deny,unsat,True
policy_7_iter_1.json,,/home/bhall2/Documents/fixmypolicy/FL/Experiment-2/temp_validation/val-25-ollama/policy_7_iter_1.json,1,stmt1,Allow,['s3:*'],"['arn:aws:s3:::bucket', 'arn:aws:s3:::bucket/*']",deny_fbfc89ab,deny_fbfc89ab_combo_2,dynamodb:DeleteItem,arn:aws:s3:::bucket,arn:aws:iam::999888777666:PrincipalOrgID}:root,{'StringEquals': {'aws:RequestedRegion': 'us-east-1'}},deny,deny,unsat,True
policy_7_iter_1.json,,/home/bhall2/Documents/fixmypolicy/FL/Experiment-2/temp_validation/val-25-ollama/policy_7_iter_1.json,1,stmt1,Allow,['s3:*'],"['arn:aws:s3:::bucket', 'arn:aws:s3:::bucket/*']",deny_fbfc89ab,deny_fbfc89ab_combo_3,dynamodb:DeleteItem,arn:aws:s3:::bucket/logs/app.log,arn:aws:iam::999888777666:PrincipalOrgID}:root,{'StringEquals': {'aws:RequestedRegion': 'us-east-1'}},deny,deny,unsat,True
policy_7_iter_1.json,,/home/bhall2/Documents/fixmypolicy/FL/Experiment-2/temp_validation/val-25-ollama/policy_7_iter_1.json,1,stmt1,Allow,['s3:*'],"['arn:aws:s3:::bucket', 'arn:aws:s3:::bucket/*']",deny_e6526099,deny_e6526099_combo_1,s3:GetBucketAcl,arn:aws:s3:::completely-different-bucket/file.txt,arn:aws:iam::123456789012:user/alice,{'StringEquals': {'aws:RequestedRegion': 'us-east-1'}},deny,deny,unsat,True
policy_7_iter_1.json,,/home/bhall2/Documents/fixmypolicy/FL/Experiment-2/temp_validation/val-25-ollama/policy_7_iter_1.json,1,stmt1,Allow,['s3:*'],"['arn:aws:s3:::bucket', 'arn:aws:s3:::bucket/*']",allow_a61e99d7,allow_a61e99d7_combo_1,s3:CreateBucket,arn:aws:s3:::bucket,arn:aws:iam::123456789012:user/bob,{'DateGreaterThan': {'aws:CurrentTime': '2024-01-01T00:00:00Z'}},allow,deny,unsat,False
policy_7_iter_1.json,,/home/bhall2/Documents/fixmypolicy/FL/Experiment-2/temp_validation/val-25-ollama/policy_7_iter_1.json,1,stmt1,Allow,['s3:*'],"['arn:aws:s3:::bucket', 'arn:aws:s3:::bucket/*']",allow_a61e99d7,allow_a61e99d7_combo_2,s3:CreateBucket,arn:aws:s3:::bucket/temp/upload.tmp,arn:aws:iam::123456789012:user/bob,{'DateGreaterThan': {'aws:CurrentTime': '2024-01-01T00:00:00Z'}},allow,deny,unsat,False
policy_7_iter_1.json,,/home/bhall2/Documents/fixmypolicy/FL/Experiment-2/temp_validation/val-25-ollama/policy_7_iter_1.json,1,stmt1,Allow,['s3:*'],"['arn:aws:s3:::bucket', 'arn:aws:s3:::bucket/*']",deny_41905fdb,deny_41905fdb_combo_1,s3:GetBucketAcl,arn:aws:s3:::bucket-forbidden/file.txt,arn:aws:iam::999888777666:PrincipalOrgID}:root,{'DateGreaterThan': {'aws:CurrentTime': '2024-01-01T00:00:00Z'}},deny,deny,unsat,True
policy_7_iter_1.json,,/home/bhall2/Documents/fixmypolicy/FL/Experiment-2/temp_validation/val-25-ollama/policy_7_iter_1.json,1,stmt1,Allow,['s3:*'],"['arn:aws:s3:::bucket', 'arn:aws:s3:::bucket/*']",deny_b3141f4b,deny_b3141f4b_combo_1,iam:CreateUser,arn:aws:s3:::bucket/document.txt,arn:aws:iam::999888777666:PrincipalOrgID}:root,{'DateGreaterThan': {'aws:CurrentTime': '2024-01-01T00:00:00Z'}},deny,deny,unsat,True
policy_7_iter_1.json,,/home/bhall2/Documents/fixmypolicy/FL/Experiment-2/temp_validation/val-25-ollama/policy_7_iter_1.json,1,stmt1,Allow,['s3:*'],"['arn:aws:s3:::bucket', 'arn:aws:s3:::bucket/*']",allow_94546383,allow_94546383_combo_1,s3:DeleteBucket,arn:aws:s3:::bucket/logs/app.log,arn:aws:iam::${aws:PrincipalOrgID}:root,"{'StringEquals': {'s3:prefix': ['home/${aws:userid}/', 'home/${aws:username}']}}",allow,allow,sat,True
policy_7_iter_1.json,,/home/bhall2/Documents/fixmypolicy/FL/Experiment-2/temp_validation/val-25-ollama/policy_7_iter_1.json,1,stmt1,Allow,['s3:*'],"['arn:aws:s3:::bucket', 'arn:aws:s3:::bucket/*']",allow_94546383,allow_94546383_combo_2,s3:DeleteBucket,arn:aws:s3:::bucket/data/file.json,arn:aws:iam::${aws:PrincipalOrgID}:root,"{'StringEquals': {'s3:prefix': ['home/${aws:userid}/', 'home/${aws:username}']}}",allow,allow,sat,True
policy_7_iter_1.json,,/home/bhall2/Documents/fixmypolicy/FL/Experiment-2/temp_validation/val-25-ollama/policy_7_iter_1.json,1,stmt1,Allow,['s3:*'],"['arn:aws:s3:::bucket', 'arn:aws:s3:::bucket/*']",allow_94546383,allow_94546383_combo_3,s3:DeleteBucket,arn:aws:s3:::bucket/temp/upload.tmp,arn:aws:iam::${aws:PrincipalOrgID}:root,"{'StringEquals': {'s3:prefix': ['home/${aws:userid}/', 'home/${aws:username}']}}",allow,allow,sat,True
policy_7_iter_1.json,,/home/bhall2/Documents/fixmypolicy/FL/Experiment-2/temp_validation/val-25-ollama/policy_7_iter_1.json,1,stmt1,Allow,['s3:*'],"['arn:aws:s3:::bucket', 'arn:aws:s3:::bucket/*']",allow_742d3572,allow_742d3572_combo_1,s3:PutObject,arn:aws:s3:::bucket,arn:aws:iam::${aws:PrincipalOrgID}:root,"{'StringEquals': {'s3:prefix': ['home/${aws:userid}/', 'home/${aws:username}']}}",allow,allow,sat,True
policy_7_iter_1.json,,/home/bhall2/Documents/fixmypolicy/FL/Experiment-2/temp_validation/val-25-ollama/policy_7_iter_1.json,1,stmt1,Allow,['s3:*'],"['arn:aws:s3:::bucket', 'arn:aws:s3:::bucket/*']",allow_742d3572,allow_742d3572_combo_2,s3:PutObject,arn:aws:s3:::bucket/document.txt,arn:aws:iam::${aws:PrincipalOrgID}:root,"{'StringEquals': {'s3:prefix': ['home/${aws:userid}/', 'home/${aws:username}']}}",allow,allow,sat,True
policy_7_iter_1.json,,/home/bhall2/Documents/fixmypolicy/FL/Experiment-2/temp_validation/val-25-ollama/policy_7_iter_1.json,1,stmt1,Allow,['s3:*'],"['arn:aws:s3:::bucket', 'arn:aws:s3:::bucket/*']",deny_927fb97a,deny_927fb97a_combo_1,s3:PutBucketPolicy,arn:aws:s3:::bucket-forbidden/file.txt,arn:aws:iam::123456789012:user/alice,{'StringEquals': {'aws:RequestedRegion': 'us-west-2'}},deny,deny,unsat,True
policy_7_iter_1.json,,/home/bhall2/Documents/fixmypolicy/FL/Experiment-2/temp_validation/val-25-ollama/policy_7_iter_1.json,1,stmt1,Allow,['s3:*'],"['arn:aws:s3:::bucket', 'arn:aws:s3:::bucket/*']",allow_8e41fd6f,allow_8e41fd6f_combo_1,s3:PutBucketPolicy,arn:aws:s3:::bucket/logs/app.log,arn:aws:iam::${aws:PrincipalOrgID}:root,"{'StringEquals': {'s3:prefix': ['home/${aws:userid}/', 'home/${aws:username}']}}",allow,allow,sat,True
policy_7_iter_1.json,,/home/bhall2/Documents/fixmypolicy/FL/Experiment-2/temp_validation/val-25-ollama/policy_7_iter_1.json,1,stmt1,Allow,['s3:*'],"['arn:aws:s3:::bucket', 'arn:aws:s3:::bucket/*']",allow_8e41fd6f,allow_8e41fd6f_combo_2,s3:PutBucketPolicy,arn:aws:s3:::bucket/document.txt,arn:aws:iam::${aws:PrincipalOrgID}:root,"{'StringEquals': {'s3:prefix': ['home/${aws:userid}/', 'home/${aws:username}']}}",allow,allow,sat,True
policy_7_iter_1.json,,/home/bhall2/Documents/fixmypolicy/FL/Experiment-2/temp_validation/val-25-ollama/policy_7_iter_1.json,1,stmt1,Allow,['s3:*'],"['arn:aws:s3:::bucket', 'arn:aws:s3:::bucket/*']",allow_8e41fd6f,allow_8e41fd6f_combo_3,s3:PutBucketPolicy,arn:aws:s3:::bucket,arn:aws:iam::${aws:PrincipalOrgID}:root,"{'StringEquals': {'s3:prefix': ['home/${aws:userid}/', 'home/${aws:username}']}}",allow,allow,sat,True
policy_7_iter_1.json,,/home/bhall2/Documents/fixmypolicy/FL/Experiment-2/temp_validation/val-25-ollama/policy_7_iter_1.json,1,stmt1,Allow,['s3:*'],"['arn:aws:s3:::bucket', 'arn:aws:s3:::bucket/*']",deny_7882b319,deny_7882b319_combo_1,ec2:DescribeInstances,arn:aws:s3:::bucket,arn:aws:iam::${aws:PrincipalOrgID}:root,"{'StringEquals': {'s3:prefix': ['home/${aws:userid}/', 'home/${aws:username}']}}",deny,deny,unsat,True
policy_7_iter_1.json,,/home/bhall2/Documents/fixmypolicy/FL/Experiment-2/temp_validation/val-25-ollama/policy_7_iter_1.json,1,stmt1,Allow,['s3:*'],"['arn:aws:s3:::bucket', 'arn:aws:s3:::bucket/*']",deny_90bb3417,deny_90bb3417_combo_1,s3:ListBucket,arn:aws:s3:::different-bucket/file.txt,arn:aws:iam::${aws:PrincipalOrgID}:root,"{'StringEquals': {'s3:prefix': ['home/${aws:userid}/', 'home/${aws:username}']}}",deny,deny,unsat,True
policy_7_iter_1.json,,/home/bhall2/Documents/fixmypolicy/FL/Experiment-2/temp_validation/val-25-ollama/policy_7_iter_1.json,1,stmt1,Allow,['s3:*'],"['arn:aws:s3:::bucket', 'arn:aws:s3:::bucket/*']",deny_6e715d5d,deny_6e715d5d_combo_1,iam:CreateUser,arn:aws:s3:::bucket/document.txt,arn:aws:iam::123456789012:user/alice,{'DateLessThan': {'aws:CurrentTime': '2025-12-31T23:59:59Z'}},deny,deny,unsat,True
policy_7_iter_1.json,,/home/bhall2/Documents/fixmypolicy/FL/Experiment-2/temp_validation/val-25-ollama/policy_7_iter_1.json,1,stmt1,Allow,['s3:*'],"['arn:aws:s3:::bucket', 'arn:aws:s3:::bucket/*']",allow_c8ac2a77,allow_c8ac2a77_combo_1,s3:CreateBucket,arn:aws:s3:::bucket,arn:aws:iam::${aws:PrincipalOrgID}:root,"{'StringEquals': {'s3:prefix': ['home/${aws:userid}/', 'home/${aws:username}']}}",allow,allow,sat,True
policy_7_iter_1.json,,/home/bhall2/Documents/fixmypolicy/FL/Experiment-2/temp_validation/val-25-ollama/policy_7_iter_1.json,1,stmt1,Allow,['s3:*'],"['arn:aws:s3:::bucket', 'arn:aws:s3:::bucket/*']",allow_c8ac2a77,allow_c8ac2a77_combo_2,s3:CreateBucket,arn:aws:s3:::bucket/logs/app.log,arn:aws:iam::${aws:PrincipalOrgID}:root,"{'StringEquals': {'s3:prefix': ['home/${aws:userid}/', 'home/${aws:username}']}}",allow,allow,sat,True
policy_7_iter_1.json,,/home/bhall2/Documents/fixmypolicy/FL/Experiment-2/temp_validation/val-25-ollama/policy_7_iter_1.json,2,allow_4193f4bf,Allow,['s3:GetBucketAcl'],"['arn:aws:s3:::bucket', 'arn:aws:s3:::bucket/temp/upload.tmp', 'arn:aws:s3:::bucket/data/file.json']",allow_4193f4bf,allow_4193f4bf_combo_1,s3:GetBucketAcl,arn:aws:s3:::bucket,arn:aws:iam::${aws:PrincipalOrgID}:root,"{'StringEquals': {'s3:prefix': ['home/${aws:userid}/', 'home/${aws:username}']}}",allow,allow,sat,True
policy_7_iter_1.json,,/home/bhall2/Documents/fixmypolicy/FL/Experiment-2/temp_validation/val-25-ollama/policy_7_iter_1.json,2,allow_4193f4bf,Allow,['s3:GetBucketAcl'],"['arn:aws:s3:::bucket', 'arn:aws:s3:::bucket/temp/upload.tmp', 'arn:aws:s3:::bucket/data/file.json']",allow_4193f4bf,allow_4193f4bf_combo_2,s3:GetBucketAcl,arn:aws:s3:::bucket/temp/upload.tmp,arn:aws:iam::${aws:PrincipalOrgID}:root,"{'StringEquals': {'s3:prefix': ['home/${aws:userid}/', 'home/${aws:username}']}}",allow,allow,sat,True
policy_7_iter_1.json,,/home/bhall2/Documents/fixmypolicy/FL/Experiment-2/temp_validation/val-25-ollama/policy_7_iter_1.json,2,allow_4193f4bf,Allow,['s3:GetBucketAcl'],"['arn:aws:s3:::bucket', 'arn:aws:s3:::bucket/temp/upload.tmp', 'arn:aws:s3:::bucket/data/file.json']",allow_4193f4bf,allow_4193f4bf_combo_3,s3:GetBucketAcl,arn:aws:s3:::bucket/data/file.json,arn:aws:iam::${aws:PrincipalOrgID}:root,"{'StringEquals': {'s3:prefix': ['home/${aws:userid}/', 'home/${aws:username}']}}",allow,allow,sat,True
policy_7_iter_1.json,,/home/bhall2/Documents/fixmypolicy/FL/Experiment-2/temp_validation/val-25-ollama/policy_7_iter_1.json,2,allow_4193f4bf,Allow,['s3:GetBucketAcl'],"['arn:aws:s3:::bucket', 'arn:aws:s3:::bucket/temp/upload.tmp', 'arn:aws:s3:::bucket/data/file.json']",deny_fbfc89ab,deny_fbfc89ab_combo_1,dynamodb:DeleteItem,arn:aws:s3:::bucket/document.txt,arn:aws:iam::999888777666:PrincipalOrgID}:root,{'StringEquals': {'aws:RequestedRegion': 'us-east-1'}},deny,deny,unsat,True
policy_7_iter_1.json,,/home/bhall2/Documents/fixmypolicy/FL/Experiment-2/temp_validation/val-25-ollama/policy_7_iter_1.json,2,allow_4193f4bf,Allow,['s3:GetBucketAcl'],"['arn:aws:s3:::bucket', 'arn:aws:s3:::bucket/temp/upload.tmp', 'arn:aws:s3:::bucket/data/file.json']",deny_fbfc89ab,deny_fbfc89ab_combo_2,dynamodb:DeleteItem,arn:aws:s3:::bucket,arn:aws:iam::999888777666:PrincipalOrgID}:root,{'StringEquals': {'aws:RequestedRegion': 'us-east-1'}},deny,deny,unsat,True
policy_7_iter_1.json,,/home/bhall2/Documents/fixmypolicy/FL/Experiment-2/temp_validation/val-25-ollama/policy_7_iter_1.json,2,allow_4193f4bf,Allow,['s3:GetBucketAcl'],"['arn:aws:s3:::bucket', 'arn:aws:s3:::bucket/temp/upload.tmp', 'arn:aws:s3:::bucket/data/file.json']",deny_fbfc89ab,deny_fbfc89ab_combo_3,dynamodb:DeleteItem,arn:aws:s3:::bucket/logs/app.log,arn:aws:iam::999888777666:PrincipalOrgID}:root,{'StringEquals': {'aws:RequestedRegion': 'us-east-1'}},deny,deny,unsat,True
policy_7_iter_1.json,,/home/bhall2/Documents/fixmypolicy/FL/Experiment-2/temp_validation/val-25-ollama/policy_7_iter_1.json,2,allow_4193f4bf,Allow,['s3:GetBucketAcl'],"['arn:aws:s3:::bucket', 'arn:aws:s3:::bucket/temp/upload.tmp', 'arn:aws:s3:::bucket/data/file.json']",deny_e6526099,deny_e6526099_combo_1,s3:GetBucketAcl,arn:aws:s3:::completely-different-bucket/file.txt,arn:aws:iam::123456789012:user/alice,{'StringEquals': {'aws:RequestedRegion': 'us-east-1'}},deny,deny,unsat,True
policy_7_iter_1.json,,/home/bhall2/Documents/fixmypolicy/FL/Experiment-2/temp_validation/val-25-ollama/policy_7_iter_1.json,2,allow_4193f4bf,Allow,['s3:GetBucketAcl'],"['arn:aws:s3:::bucket', 'arn:aws:s3:::bucket/temp/upload.tmp', 'arn:aws:s3:::bucket/data/file.json']",allow_a61e99d7,allow_a61e99d7_combo_1,s3:CreateBucket,arn:aws:s3:::bucket,arn:aws:iam::123456789012:user/bob,{'DateGreaterThan': {'aws:CurrentTime': '2024-01-01T00:00:00Z'}},allow,deny,unsat,False
policy_7_iter_1.json,,/home/bhall2/Documents/fixmypolicy/FL/Experiment-2/temp_validation/val-25-ollama/policy_7_iter_1.json,2,allow_4193f4bf,Allow,['s3:GetBucketAcl'],"['arn:aws:s3:::bucket', 'arn:aws:s3:::bucket/temp/upload.tmp', 'arn:aws:s3:::bucket/data/file.json']",allow_a61e99d7,allow_a61e99d7_combo_2,s3:CreateBucket,arn:aws:s3:::bucket/temp/upload.tmp,arn:aws:iam::123456789012:user/bob,{'DateGreaterThan': {'aws:CurrentTime': '2024-01-01T00:00:00Z'}},allow,deny,unsat,False
policy_7_iter_1.json,,/home/bhall2/Documents/fixmypolicy/FL/Experiment-2/temp_validation/val-25-ollama/policy_7_iter_1.json,2,allow_4193f4bf,Allow,['s3:GetBucketAcl'],"['arn:aws:s3:::bucket', 'arn:aws:s3:::bucket/temp/upload.tmp', 'arn:aws:s3:::bucket/data/file.json']",deny_41905fdb,deny_41905fdb_combo_1,s3:GetBucketAcl,arn:aws:s3:::bucket-forbidden/file.txt,arn:aws:iam::999888777666:PrincipalOrgID}:root,{'DateGreaterThan': {'aws:CurrentTime': '2024-01-01T00:00:00Z'}},deny,deny,unsat,True
policy_7_iter_1.json,,/home/bhall2/Documents/fixmypolicy/FL/Experiment-2/temp_validation/val-25-ollama/policy_7_iter_1.json,2,allow_4193f4bf,Allow,['s3:GetBucketAcl'],"['arn:aws:s3:::bucket', 'arn:aws:s3:::bucket/temp/upload.tmp', 'arn:aws:s3:::bucket/data/file.json']",deny_b3141f4b,deny_b3141f4b_combo_1,iam:CreateUser,arn:aws:s3:::bucket/document.txt,arn:aws:iam::999888777666:PrincipalOrgID}:root,{'DateGreaterThan': {'aws:CurrentTime': '2024-01-01T00:00:00Z'}},deny,deny,unsat,True
policy_7_iter_1.json,,/home/bhall2/Documents/fixmypolicy/FL/Experiment-2/temp_validation/val-25-ollama/policy_7_iter_1.json,2,allow_4193f4bf,Allow,['s3:GetBucketAcl'],"['arn:aws:s3:::bucket', 'arn:aws:s3:::bucket/temp/upload.tmp', 'arn:aws:s3:::bucket/data/file.json']",allow_94546383,allow_94546383_combo_1,s3:DeleteBucket,arn:aws:s3:::bucket/logs/app.log,arn:aws:iam::${aws:PrincipalOrgID}:root,"{'StringEquals': {'s3:prefix': ['home/${aws:userid}/', 'home/${aws:username}']}}",allow,deny,unsat,False
policy_7_iter_1.json,,/home/bhall2/Documents/fixmypolicy/FL/Experiment-2/temp_validation/val-25-ollama/policy_7_iter_1.json,2,allow_4193f4bf,Allow,['s3:GetBucketAcl'],"['arn:aws:s3:::bucket', 'arn:aws:s3:::bucket/temp/upload.tmp', 'arn:aws:s3:::bucket/data/file.json']",allow_94546383,allow_94546383_combo_2,s3:DeleteBucket,arn:aws:s3:::bucket/data/file.json,arn:aws:iam::${aws:PrincipalOrgID}:root,"{'StringEquals': {'s3:prefix': ['home/${aws:userid}/', 'home/${aws:username}']}}",allow,deny,unsat,False
policy_7_iter_1.json,,/home/bhall2/Documents/fixmypolicy/FL/Experiment-2/temp_validation/val-25-ollama/policy_7_iter_1.json,2,allow_4193f4bf,Allow,['s3:GetBucketAcl'],"['arn:aws:s3:::bucket', 'arn:aws:s3:::bucket/temp/upload.tmp', 'arn:aws:s3:::bucket/data/file.json']",allow_94546383,allow_94546383_combo_3,s3:DeleteBucket,arn:aws:s3:::bucket/temp/upload.tmp,arn:aws:iam::${aws:PrincipalOrgID}:root,"{'StringEquals': {'s3:prefix': ['home/${aws:userid}/', 'home/${aws:username}']}}",allow,deny,unsat,False
policy_7_iter_1.json,,/home/bhall2/Documents/fixmypolicy/FL/Experiment-2/temp_validation/val-25-ollama/policy_7_iter_1.json,2,allow_4193f4bf,Allow,['s3:GetBucketAcl'],"['arn:aws:s3:::bucket', 'arn:aws:s3:::bucket/temp/upload.tmp', 'arn:aws:s3:::bucket/data/file.json']",allow_742d3572,allow_742d3572_combo_1,s3:PutObject,arn:aws:s3:::bucket,arn:aws:iam::${aws:PrincipalOrgID}:root,"{'StringEquals': {'s3:prefix': ['home/${aws:userid}/', 'home/${aws:username}']}}",allow,deny,unsat,False
policy_7_iter_1.json,,/home/bhall2/Documents/fixmypolicy/FL/Experiment-2/temp_validation/val-25-ollama/policy_7_iter_1.json,2,allow_4193f4bf,Allow,['s3:GetBucketAcl'],"['arn:aws:s3:::bucket', 'arn:aws:s3:::bucket/temp/upload.tmp', 'arn:aws:s3:::bucket/data/file.json']",allow_742d3572,allow_742d3572_combo_2,s3:PutObject,arn:aws:s3:::bucket/document.txt,arn:aws:iam::${aws:PrincipalOrgID}:root,"{'StringEquals': {'s3:prefix': ['home/${aws:userid}/', 'home/${aws:username}']}}",allow,deny,unsat,False
policy_7_iter_1.json,,/home/bhall2/Documents/fixmypolicy/FL/Experiment-2/temp_validation/val-25-ollama/policy_7_iter_1.json,2,allow_4193f4bf,Allow,['s3:GetBucketAcl'],"['arn:aws:s3:::bucket', 'arn:aws:s3:::bucket/temp/upload.tmp', 'arn:aws:s3:::bucket/data/file.json']",deny_927fb97a,deny_927fb97a_combo_1,s3:PutBucketPolicy,arn:aws:s3:::bucket-forbidden/file.txt,arn:aws:iam::123456789012:user/alice,{'StringEquals': {'aws:RequestedRegion': 'us-west-2'}},deny,deny,unsat,True
policy_7_iter_1.json,,/home/bhall2/Documents/fixmypolicy/FL/Experiment-2/temp_validation/val-25-ollama/policy_7_iter_1.json,2,allow_4193f4bf,Allow,['s3:GetBucketAcl'],"['arn:aws:s3:::bucket', 'arn:aws:s3:::bucket/temp/upload.tmp', 'arn:aws:s3:::bucket/data/file.json']",allow_8e41fd6f,allow_8e41fd6f_combo_1,s3:PutBucketPolicy,arn:aws:s3:::bucket/logs/app.log,arn:aws:iam::${aws:PrincipalOrgID}:root,"{'StringEquals': {'s3:prefix': ['home/${aws:userid}/', 'home/${aws:username}']}}",allow,deny,unsat,False
policy_7_iter_1.json,,/home/bhall2/Documents/fixmypolicy/FL/Experiment-2/temp_validation/val-25-ollama/policy_7_iter_1.json,2,allow_4193f4bf,Allow,['s3:GetBucketAcl'],"['arn:aws:s3:::bucket', 'arn:aws:s3:::bucket/temp/upload.tmp', 'arn:aws:s3:::bucket/data/file.json']",allow_8e41fd6f,allow_8e41fd6f_combo_2,s3:PutBucketPolicy,arn:aws:s3:::bucket/document.txt,arn:aws:iam::${aws:PrincipalOrgID}:root,"{'StringEquals': {'s3:prefix': ['home/${aws:userid}/', 'home/${aws:username}']}}",allow,deny,unsat,False
policy_7_iter_1.json,,/home/bhall2/Documents/fixmypolicy/FL/Experiment-2/temp_validation/val-25-ollama/policy_7_iter_1.json,2,allow_4193f4bf,Allow,['s3:GetBucketAcl'],"['arn:aws:s3:::bucket', 'arn:aws:s3:::bucket/temp/upload.tmp', 'arn:aws:s3:::bucket/data/file.json']",allow_8e41fd6f,allow_8e41fd6f_combo_3,s3:PutBucketPolicy,arn:aws:s3:::bucket,arn:aws:iam::${aws:PrincipalOrgID}:root,"{'StringEquals': {'s3:prefix': ['home/${aws:userid}/', 'home/${aws:username}']}}",allow,deny,unsat,False
policy_7_iter_1.json,,/home/bhall2/Documents/fixmypolicy/FL/Experiment-2/temp_validation/val-25-ollama/policy_7_iter_1.json,2,allow_4193f4bf,Allow,['s3:GetBucketAcl'],"['arn:aws:s3:::bucket', 'arn:aws:s3:::bucket/temp/upload.tmp', 'arn:aws:s3:::bucket/data/file.json']",deny_7882b319,deny_7882b319_combo_1,ec2:DescribeInstances,arn:aws:s3:::bucket,arn:aws:iam::${aws:PrincipalOrgID}:root,"{'StringEquals': {'s3:prefix': ['home/${aws:userid}/', 'home/${aws:username}']}}",deny,deny,unsat,True
policy_7_iter_1.json,,/home/bhall2/Documents/fixmypolicy/FL/Experiment-2/temp_validation/val-25-ollama/policy_7_iter_1.json,2,allow_4193f4bf,Allow,['s3:GetBucketAcl'],"['arn:aws:s3:::bucket', 'arn:aws:s3:::bucket/temp/upload.tmp', 'arn:aws:s3:::bucket/data/file.json']",deny_90bb3417,deny_90bb3417_combo_1,s3:ListBucket,arn:aws:s3:::different-bucket/file.txt,arn:aws:iam::${aws:PrincipalOrgID}:root,"{'StringEquals': {'s3:prefix': ['home/${aws:userid}/', 'home/${aws:username}']}}",deny,deny,unsat,True
policy_7_iter_1.json,,/home/bhall2/Documents/fixmypolicy/FL/Experiment-2/temp_validation/val-25-ollama/policy_7_iter_1.json,2,allow_4193f4bf,Allow,['s3:GetBucketAcl'],"['arn:aws:s3:::bucket', 'arn:aws:s3:::bucket/temp/upload.tmp', 'arn:aws:s3:::bucket/data/file.json']",deny_6e715d5d,deny_6e715d5d_combo_1,iam:CreateUser,arn:aws:s3:::bucket/document.txt,arn:aws:iam::123456789012:user/alice,{'DateLessThan': {'aws:CurrentTime': '2025-12-31T23:59:59Z'}},deny,deny,unsat,True
policy_7_iter_1.json,,/home/bhall2/Documents/fixmypolicy/FL/Experiment-2/temp_validation/val-25-ollama/policy_7_iter_1.json,2,allow_4193f4bf,Allow,['s3:GetBucketAcl'],"['arn:aws:s3:::bucket', 'arn:aws:s3:::bucket/temp/upload.tmp', 'arn:aws:s3:::bucket/data/file.json']",allow_c8ac2a77,allow_c8ac2a77_combo_1,s3:CreateBucket,arn:aws:s3:::bucket,arn:aws:iam::${aws:PrincipalOrgID}:root,"{'StringEquals': {'s3:prefix': ['home/${aws:userid}/', 'home/${aws:username}']}}",allow,deny,unsat,False
policy_7_iter_1.json,,/home/bhall2/Documents/fixmypolicy/FL/Experiment-2/temp_validation/val-25-ollama/policy_7_iter_1.json,2,allow_4193f4bf,Allow,['s3:GetBucketAcl'],"['arn:aws:s3:::bucket', 'arn:aws:s3:::bucket/temp/upload.tmp', 'arn:aws:s3:::bucket/data/file.json']",allow_c8ac2a77,allow_c8ac2a77_combo_2,s3:CreateBucket,arn:aws:s3:::bucket/logs/app.log,arn:aws:iam::${aws:PrincipalOrgID}:root,"{'StringEquals': {'s3:prefix': ['home/${aws:userid}/', 'home/${aws:username}']}}",allow,deny,unsat,False
policy_7_iter_1.json,,/home/bhall2/Documents/fixmypolicy/FL/Experiment-2/temp_validation/val-25-ollama/policy_7_iter_1.json,3,allow_a61e99d7,Allow,['s3:CreateBucket'],"['arn:aws:s3:::bucket', 'arn:aws:s3:::bucket/temp/upload.tmp']",allow_4193f4bf,allow_4193f4bf_combo_1,s3:GetBucketAcl,arn:aws:s3:::bucket,arn:aws:iam::${aws:PrincipalOrgID}:root,"{'StringEquals': {'s3:prefix': ['home/${aws:userid}/', 'home/${aws:username}']}}",allow,deny,unsat,False
policy_7_iter_1.json,,/home/bhall2/Documents/fixmypolicy/FL/Experiment-2/temp_validation/val-25-ollama/policy_7_iter_1.json,3,allow_a61e99d7,Allow,['s3:CreateBucket'],"['arn:aws:s3:::bucket', 'arn:aws:s3:::bucket/temp/upload.tmp']",allow_4193f4bf,allow_4193f4bf_combo_2,s3:GetBucketAcl,arn:aws:s3:::bucket/temp/upload.tmp,arn:aws:iam::${aws:PrincipalOrgID}:root,"{'StringEquals': {'s3:prefix': ['home/${aws:userid}/', 'home/${aws:username}']}}",allow,deny,unsat,False
policy_7_iter_1.json,,/home/bhall2/Documents/fixmypolicy/FL/Experiment-2/temp_validation/val-25-ollama/policy_7_iter_1.json,3,allow_a61e99d7,Allow,['s3:CreateBucket'],"['arn:aws:s3:::bucket', 'arn:aws:s3:::bucket/temp/upload.tmp']",allow_4193f4bf,allow_4193f4bf_combo_3,s3:GetBucketAcl,arn:aws:s3:::bucket/data/file.json,arn:aws:iam::${aws:PrincipalOrgID}:root,"{'StringEquals': {'s3:prefix': ['home/${aws:userid}/', 'home/${aws:username}']}}",allow,deny,unsat,False
policy_7_iter_1.json,,/home/bhall2/Documents/fixmypolicy/FL/Experiment-2/temp_validation/val-25-ollama/policy_7_iter_1.json,3,allow_a61e99d7,Allow,['s3:CreateBucket'],"['arn:aws:s3:::bucket', 'arn:aws:s3:::bucket/temp/upload.tmp']",deny_fbfc89ab,deny_fbfc89ab_combo_1,dynamodb:DeleteItem,arn:aws:s3:::bucket/document.txt,arn:aws:iam::999888777666:PrincipalOrgID}:root,{'StringEquals': {'aws:RequestedRegion': 'us-east-1'}},deny,deny,unsat,True
policy_7_iter_1.json,,/home/bhall2/Documents/fixmypolicy/FL/Experiment-2/temp_validation/val-25-ollama/policy_7_iter_1.json,3,allow_a61e99d7,Allow,['s3:CreateBucket'],"['arn:aws:s3:::bucket', 'arn:aws:s3:::bucket/temp/upload.tmp']",deny_fbfc89ab,deny_fbfc89ab_combo_2,dynamodb:DeleteItem,arn:aws:s3:::bucket,arn:aws:iam::999888777666:PrincipalOrgID}:root,{'StringEquals': {'aws:RequestedRegion': 'us-east-1'}},deny,deny,unsat,True
policy_7_iter_1.json,,/home/bhall2/Documents/fixmypolicy/FL/Experiment-2/temp_validation/val-25-ollama/policy_7_iter_1.json,3,allow_a61e99d7,Allow,['s3:CreateBucket'],"['arn:aws:s3:::bucket', 'arn:aws:s3:::bucket/temp/upload.tmp']",deny_fbfc89ab,deny_fbfc89ab_combo_3,dynamodb:DeleteItem,arn:aws:s3:::bucket/logs/app.log,arn:aws:iam::999888777666:PrincipalOrgID}:root,{'StringEquals': {'aws:RequestedRegion': 'us-east-1'}},deny,deny,unsat,True
policy_7_iter_1.json,,/home/bhall2/Documents/fixmypolicy/FL/Experiment-2/temp_validation/val-25-ollama/policy_7_iter_1.json,3,allow_a61e99d7,Allow,['s3:CreateBucket'],"['arn:aws:s3:::bucket', 'arn:aws:s3:::bucket/temp/upload.tmp']",deny_e6526099,deny_e6526099_combo_1,s3:GetBucketAcl,arn:aws:s3:::completely-different-bucket/file.txt,arn:aws:iam::123456789012:user/alice,{'StringEquals': {'aws:RequestedRegion': 'us-east-1'}},deny,deny,unsat,True
policy_7_iter_1.json,,/home/bhall2/Documents/fixmypolicy/FL/Experiment-2/temp_validation/val-25-ollama/policy_7_iter_1.json,3,allow_a61e99d7,Allow,['s3:CreateBucket'],"['arn:aws:s3:::bucket', 'arn:aws:s3:::bucket/temp/upload.tmp']",allow_a61e99d7,allow_a61e99d7_combo_1,s3:CreateBucket,arn:aws:s3:::bucket,arn:aws:iam::123456789012:user/bob,{'DateGreaterThan': {'aws:CurrentTime': '2024-01-01T00:00:00Z'}},allow,allow,sat,True
policy_7_iter_1.json,,/home/bhall2/Documents/fixmypolicy/FL/Experiment-2/temp_validation/val-25-ollama/policy_7_iter_1.json,3,allow_a61e99d7,Allow,['s3:CreateBucket'],"['arn:aws:s3:::bucket', 'arn:aws:s3:::bucket/temp/upload.tmp']",allow_a61e99d7,allow_a61e99d7_combo_2,s3:CreateBucket,arn:aws:s3:::bucket/temp/upload.tmp,arn:aws:iam::123456789012:user/bob,{'DateGreaterThan': {'aws:CurrentTime': '2024-01-01T00:00:00Z'}},allow,allow,sat,True
policy_7_iter_1.json,,/home/bhall2/Documents/fixmypolicy/FL/Experiment-2/temp_validation/val-25-ollama/policy_7_iter_1.json,3,allow_a61e99d7,Allow,['s3:CreateBucket'],"['arn:aws:s3:::bucket', 'arn:aws:s3:::bucket/temp/upload.tmp']",deny_41905fdb,deny_41905fdb_combo_1,s3:GetBucketAcl,arn:aws:s3:::bucket-forbidden/file.txt,arn:aws:iam::999888777666:PrincipalOrgID}:root,{'DateGreaterThan': {'aws:CurrentTime': '2024-01-01T00:00:00Z'}},deny,deny,unsat,True
policy_7_iter_1.json,,/home/bhall2/Documents/fixmypolicy/FL/Experiment-2/temp_validation/val-25-ollama/policy_7_iter_1.json,3,allow_a61e99d7,Allow,['s3:CreateBucket'],"['arn:aws:s3:::bucket', 'arn:aws:s3:::bucket/temp/upload.tmp']",deny_b3141f4b,deny_b3141f4b_combo_1,iam:CreateUser,arn:aws:s3:::bucket/document.txt,arn:aws:iam::999888777666:PrincipalOrgID}:root,{'DateGreaterThan': {'aws:CurrentTime': '2024-01-01T00:00:00Z'}},deny,deny,unsat,True
policy_7_iter_1.json,,/home/bhall2/Documents/fixmypolicy/FL/Experiment-2/temp_validation/val-25-ollama/policy_7_iter_1.json,3,allow_a61e99d7,Allow,['s3:CreateBucket'],"['arn:aws:s3:::bucket', 'arn:aws:s3:::bucket/temp/upload.tmp']",allow_94546383,allow_94546383_combo_1,s3:DeleteBucket,arn:aws:s3:::bucket/logs/app.log,arn:aws:iam::${aws:PrincipalOrgID}:root,"{'StringEquals': {'s3:prefix': ['home/${aws:userid}/', 'home/${aws:username}']}}",allow,deny,unsat,False
policy_7_iter_1.json,,/home/bhall2/Documents/fixmypolicy/FL/Experiment-2/temp_validation/val-25-ollama/policy_7_iter_1.json,3,allow_a61e99d7,Allow,['s3:CreateBucket'],"['arn:aws:s3:::bucket', 'arn:aws:s3:::bucket/temp/upload.tmp']",allow_94546383,allow_94546383_combo_2,s3:DeleteBucket,arn:aws:s3:::bucket/data/file.json,arn:aws:iam::${aws:PrincipalOrgID}:root,"{'StringEquals': {'s3:prefix': ['home/${aws:userid}/', 'home/${aws:username}']}}",allow,deny,unsat,False
policy_7_iter_1.json,,/home/bhall2/Documents/fixmypolicy/FL/Experiment-2/temp_validation/val-25-ollama/policy_7_iter_1.json,3,allow_a61e99d7,Allow,['s3:CreateBucket'],"['arn:aws:s3:::bucket', 'arn:aws:s3:::bucket/temp/upload.tmp']",allow_94546383,allow_94546383_combo_3,s3:DeleteBucket,arn:aws:s3:::bucket/temp/upload.tmp,arn:aws:iam::${aws:PrincipalOrgID}:root,"{'StringEquals': {'s3:prefix': ['home/${aws:userid}/', 'home/${aws:username}']}}",allow,deny,unsat,False
policy_7_iter_1.json,,/home/bhall2/Documents/fixmypolicy/FL/Experiment-2/temp_validation/val-25-ollama/policy_7_iter_1.json,3,allow_a61e99d7,Allow,['s3:CreateBucket'],"['arn:aws:s3:::bucket', 'arn:aws:s3:::bucket/temp/upload.tmp']",allow_742d3572,allow_742d3572_combo_1,s3:PutObject,arn:aws:s3:::bucket,arn:aws:iam::${aws:PrincipalOrgID}:root,"{'StringEquals': {'s3:prefix': ['home/${aws:userid}/', 'home/${aws:username}']}}",allow,deny,unsat,False
policy_7_iter_1.json,,/home/bhall2/Documents/fixmypolicy/FL/Experiment-2/temp_validation/val-25-ollama/policy_7_iter_1.json,3,allow_a61e99d7,Allow,['s3:CreateBucket'],"['arn:aws:s3:::bucket', 'arn:aws:s3:::bucket/temp/upload.tmp']",allow_742d3572,allow_742d3572_combo_2,s3:PutObject,arn:aws:s3:::bucket/document.txt,arn:aws:iam::${aws:PrincipalOrgID}:root,"{'StringEquals': {'s3:prefix': ['home/${aws:userid}/', 'home/${aws:username}']}}",allow,deny,unsat,False
policy_7_iter_1.json,,/home/bhall2/Documents/fixmypolicy/FL/Experiment-2/temp_validation/val-25-ollama/policy_7_iter_1.json,3,allow_a61e99d7,Allow,['s3:CreateBucket'],"['arn:aws:s3:::bucket', 'arn:aws:s3:::bucket/temp/upload.tmp']",deny_927fb97a,deny_927fb97a_combo_1,s3:PutBucketPolicy,arn:aws:s3:::bucket-forbidden/file.txt,arn:aws:iam::123456789012:user/alice,{'StringEquals': {'aws:RequestedRegion': 'us-west-2'}},deny,deny,unsat,True
policy_7_iter_1.json,,/home/bhall2/Documents/fixmypolicy/FL/Experiment-2/temp_validation/val-25-ollama/policy_7_iter_1.json,3,allow_a61e99d7,Allow,['s3:CreateBucket'],"['arn:aws:s3:::bucket', 'arn:aws:s3:::bucket/temp/upload.tmp']",allow_8e41fd6f,allow_8e41fd6f_combo_1,s3:PutBucketPolicy,arn:aws:s3:::bucket/logs/app.log,arn:aws:iam::${aws:PrincipalOrgID}:root,"{'StringEquals': {'s3:prefix': ['home/${aws:userid}/', 'home/${aws:username}']}}",allow,deny,unsat,False
policy_7_iter_1.json,,/home/bhall2/Documents/fixmypolicy/FL/Experiment-2/temp_validation/val-25-ollama/policy_7_iter_1.json,3,allow_a61e99d7,Allow,['s3:CreateBucket'],"['arn:aws:s3:::bucket', 'arn:aws:s3:::bucket/temp/upload.tmp']",allow_8e41fd6f,allow_8e41fd6f_combo_2,s3:PutBucketPolicy,arn:aws:s3:::bucket/document.txt,arn:aws:iam::${aws:PrincipalOrgID}:root,"{'StringEquals': {'s3:prefix': ['home/${aws:userid}/', 'home/${aws:username}']}}",allow,deny,unsat,False
policy_7_iter_1.json,,/home/bhall2/Documents/fixmypolicy/FL/Experiment-2/temp_validation/val-25-ollama/policy_7_iter_1.json,3,allow_a61e99d7,Allow,['s3:CreateBucket'],"['arn:aws:s3:::bucket', 'arn:aws:s3:::bucket/temp/upload.tmp']",allow_8e41fd6f,allow_8e41fd6f_combo_3,s3:PutBucketPolicy,arn:aws:s3:::bucket,arn:aws:iam::${aws:PrincipalOrgID}:root,"{'StringEquals': {'s3:prefix': ['home/${aws:userid}/', 'home/${aws:username}']}}",allow,deny,unsat,False
policy_7_iter_1.json,,/home/bhall2/Documents/fixmypolicy/FL/Experiment-2/temp_validation/val-25-ollama/policy_7_iter_1.json,3,allow_a61e99d7,Allow,['s3:CreateBucket'],"['arn:aws:s3:::bucket', 'arn:aws:s3:::bucket/temp/upload.tmp']",deny_7882b319,deny_7882b319_combo_1,ec2:DescribeInstances,arn:aws:s3:::bucket,arn:aws:iam::${aws:PrincipalOrgID}:root,"{'StringEquals': {'s3:prefix': ['home/${aws:userid}/', 'home/${aws:username}']}}",deny,deny,unsat,True
policy_7_iter_1.json,,/home/bhall2/Documents/fixmypolicy/FL/Experiment-2/temp_validation/val-25-ollama/policy_7_iter_1.json,3,allow_a61e99d7,Allow,['s3:CreateBucket'],"['arn:aws:s3:::bucket', 'arn:aws:s3:::bucket/temp/upload.tmp']",deny_90bb3417,deny_90bb3417_combo_1,s3:ListBucket,arn:aws:s3:::different-bucket/file.txt,arn:aws:iam::${aws:PrincipalOrgID}:root,"{'StringEquals': {'s3:prefix': ['home/${aws:userid}/', 'home/${aws:username}']}}",deny,deny,unsat,True
policy_7_iter_1.json,,/home/bhall2/Documents/fixmypolicy/FL/Experiment-2/temp_validation/val-25-ollama/policy_7_iter_1.json,3,allow_a61e99d7,Allow,['s3:CreateBucket'],"['arn:aws:s3:::bucket', 'arn:aws:s3:::bucket/temp/upload.tmp']",deny_6e715d5d,deny_6e715d5d_combo_1,iam:CreateUser,arn:aws:s3:::bucket/document.txt,arn:aws:iam::123456789012:user/alice,{'DateLessThan': {'aws:CurrentTime': '2025-12-31T23:59:59Z'}},deny,deny,unsat,True
policy_7_iter_1.json,,/home/bhall2/Documents/fixmypolicy/FL/Experiment-2/temp_validation/val-25-ollama/policy_7_iter_1.json,3,allow_a61e99d7,Allow,['s3:CreateBucket'],"['arn:aws:s3:::bucket', 'arn:aws:s3:::bucket/temp/upload.tmp']",allow_c8ac2a77,allow_c8ac2a77_combo_1,s3:CreateBucket,arn:aws:s3:::bucket,arn:aws:iam::${aws:PrincipalOrgID}:root,"{'StringEquals': {'s3:prefix': ['home/${aws:userid}/', 'home/${aws:username}']}}",allow,deny,unsat,False
policy_7_iter_1.json,,/home/bhall2/Documents/fixmypolicy/FL/Experiment-2/temp_validation/val-25-ollama/policy_7_iter_1.json,3,allow_a61e99d7,Allow,['s3:CreateBucket'],"['arn:aws:s3:::bucket', 'arn:aws:s3:::bucket/temp/upload.tmp']",allow_c8ac2a77,allow_c8ac2a77_combo_2,s3:CreateBucket,arn:aws:s3:::bucket/logs/app.log,arn:aws:iam::${aws:PrincipalOrgID}:root,"{'StringEquals': {'s3:prefix': ['home/${aws:userid}/', 'home/${aws:username}']}}",allow,deny,unsat,False
policy_7_iter_1.json,,/home/bhall2/Documents/fixmypolicy/FL/Experiment-2/temp_validation/val-25-ollama/policy_7_iter_1.json,4,allow_94546383,Allow,['s3:DeleteBucket'],"['arn:aws:s3:::bucket/logs/app.log', 'arn:aws:s3:::bucket/data/file.json', 'arn:aws:s3:::bucket/temp/upload.tmp']",allow_4193f4bf,allow_4193f4bf_combo_1,s3:GetBucketAcl,arn:aws:s3:::bucket,arn:aws:iam::${aws:PrincipalOrgID}:root,"{'StringEquals': {'s3:prefix': ['home/${aws:userid}/', 'home/${aws:username}']}}",allow,deny,unsat,False
policy_7_iter_1.json,,/home/bhall2/Documents/fixmypolicy/FL/Experiment-2/temp_validation/val-25-ollama/policy_7_iter_1.json,4,allow_94546383,Allow,['s3:DeleteBucket'],"['arn:aws:s3:::bucket/logs/app.log', 'arn:aws:s3:::bucket/data/file.json', 'arn:aws:s3:::bucket/temp/upload.tmp']",allow_4193f4bf,allow_4193f4bf_combo_2,s3:GetBucketAcl,arn:aws:s3:::bucket/temp/upload.tmp,arn:aws:iam::${aws:PrincipalOrgID}:root,"{'StringEquals': {'s3:prefix': ['home/${aws:userid}/', 'home/${aws:username}']}}",allow,deny,unsat,False
policy_7_iter_1.json,,/home/bhall2/Documents/fixmypolicy/FL/Experiment-2/temp_validation/val-25-ollama/policy_7_iter_1.json,4,allow_94546383,Allow,['s3:DeleteBucket'],"['arn:aws:s3:::bucket/logs/app.log', 'arn:aws:s3:::bucket/data/file.json', 'arn:aws:s3:::bucket/temp/upload.tmp']",allow_4193f4bf,allow_4193f4bf_combo_3,s3:GetBucketAcl,arn:aws:s3:::bucket/data/file.json,arn:aws:iam::${aws:PrincipalOrgID}:root,"{'StringEquals': {'s3:prefix': ['home/${aws:userid}/', 'home/${aws:username}']}}",allow,deny,unsat,False
policy_7_iter_1.json,,/home/bhall2/Documents/fixmypolicy/FL/Experiment-2/temp_validation/val-25-ollama/policy_7_iter_1.json,4,allow_94546383,Allow,['s3:DeleteBucket'],"['arn:aws:s3:::bucket/logs/app.log', 'arn:aws:s3:::bucket/data/file.json', 'arn:aws:s3:::bucket/temp/upload.tmp']",deny_fbfc89ab,deny_fbfc89ab_combo_1,dynamodb:DeleteItem,arn:aws:s3:::bucket/document.txt,arn:aws:iam::999888777666:PrincipalOrgID}:root,{'StringEquals': {'aws:RequestedRegion': 'us-east-1'}},deny,deny,unsat,True
policy_7_iter_1.json,,/home/bhall2/Documents/fixmypolicy/FL/Experiment-2/temp_validation/val-25-ollama/policy_7_iter_1.json,4,allow_94546383,Allow,['s3:DeleteBucket'],"['arn:aws:s3:::bucket/logs/app.log', 'arn:aws:s3:::bucket/data/file.json', 'arn:aws:s3:::bucket/temp/upload.tmp']",deny_fbfc89ab,deny_fbfc89ab_combo_2,dynamodb:DeleteItem,arn:aws:s3:::bucket,arn:aws:iam::999888777666:PrincipalOrgID}:root,{'StringEquals': {'aws:RequestedRegion': 'us-east-1'}},deny,deny,unsat,True
policy_7_iter_1.json,,/home/bhall2/Documents/fixmypolicy/FL/Experiment-2/temp_validation/val-25-ollama/policy_7_iter_1.json,4,allow_94546383,Allow,['s3:DeleteBucket'],"['arn:aws:s3:::bucket/logs/app.log', 'arn:aws:s3:::bucket/data/file.json', 'arn:aws:s3:::bucket/temp/upload.tmp']",deny_fbfc89ab,deny_fbfc89ab_combo_3,dynamodb:DeleteItem,arn:aws:s3:::bucket/logs/app.log,arn:aws:iam::999888777666:PrincipalOrgID}:root,{'StringEquals': {'aws:RequestedRegion': 'us-east-1'}},deny,deny,unsat,True
policy_7_iter_1.json,,/home/bhall2/Documents/fixmypolicy/FL/Experiment-2/temp_validation/val-25-ollama/policy_7_iter_1.json,4,allow_94546383,Allow,['s3:DeleteBucket'],"['arn:aws:s3:::bucket/logs/app.log', 'arn:aws:s3:::bucket/data/file.json', 'arn:aws:s3:::bucket/temp/upload.tmp']",deny_e6526099,deny_e6526099_combo_1,s3:GetBucketAcl,arn:aws:s3:::completely-different-bucket/file.txt,arn:aws:iam::123456789012:user/alice,{'StringEquals': {'aws:RequestedRegion': 'us-east-1'}},deny,deny,unsat,True
policy_7_iter_1.json,,/home/bhall2/Documents/fixmypolicy/FL/Experiment-2/temp_validation/val-25-ollama/policy_7_iter_1.json,4,allow_94546383,Allow,['s3:DeleteBucket'],"['arn:aws:s3:::bucket/logs/app.log', 'arn:aws:s3:::bucket/data/file.json', 'arn:aws:s3:::bucket/temp/upload.tmp']",allow_a61e99d7,allow_a61e99d7_combo_1,s3:CreateBucket,arn:aws:s3:::bucket,arn:aws:iam::123456789012:user/bob,{'DateGreaterThan': {'aws:CurrentTime': '2024-01-01T00:00:00Z'}},allow,deny,unsat,False
policy_7_iter_1.json,,/home/bhall2/Documents/fixmypolicy/FL/Experiment-2/temp_validation/val-25-ollama/policy_7_iter_1.json,4,allow_94546383,Allow,['s3:DeleteBucket'],"['arn:aws:s3:::bucket/logs/app.log', 'arn:aws:s3:::bucket/data/file.json', 'arn:aws:s3:::bucket/temp/upload.tmp']",allow_a61e99d7,allow_a61e99d7_combo_2,s3:CreateBucket,arn:aws:s3:::bucket/temp/upload.tmp,arn:aws:iam::123456789012:user/bob,{'DateGreaterThan': {'aws:CurrentTime': '2024-01-01T00:00:00Z'}},allow,deny,unsat,False
policy_7_iter_1.json,,/home/bhall2/Documents/fixmypolicy/FL/Experiment-2/temp_validation/val-25-ollama/policy_7_iter_1.json,4,allow_94546383,Allow,['s3:DeleteBucket'],"['arn:aws:s3:::bucket/logs/app.log', 'arn:aws:s3:::bucket/data/file.json', 'arn:aws:s3:::bucket/temp/upload.tmp']",deny_41905fdb,deny_41905fdb_combo_1,s3:GetBucketAcl,arn:aws:s3:::bucket-forbidden/file.txt,arn:aws:iam::999888777666:PrincipalOrgID}:root,{'DateGreaterThan': {'aws:CurrentTime': '2024-01-01T00:00:00Z'}},deny,deny,unsat,True
policy_7_iter_1.json,,/home/bhall2/Documents/fixmypolicy/FL/Experiment-2/temp_validation/val-25-ollama/policy_7_iter_1.json,4,allow_94546383,Allow,['s3:DeleteBucket'],"['arn:aws:s3:::bucket/logs/app.log', 'arn:aws:s3:::bucket/data/file.json', 'arn:aws:s3:::bucket/temp/upload.tmp']",deny_b3141f4b,deny_b3141f4b_combo_1,iam:CreateUser,arn:aws:s3:::bucket/document.txt,arn:aws:iam::999888777666:PrincipalOrgID}:root,{'DateGreaterThan': {'aws:CurrentTime': '2024-01-01T00:00:00Z'}},deny,deny,unsat,True
policy_7_iter_1.json,,/home/bhall2/Documents/fixmypolicy/FL/Experiment-2/temp_validation/val-25-ollama/policy_7_iter_1.json,4,allow_94546383,Allow,['s3:DeleteBucket'],"['arn:aws:s3:::bucket/logs/app.log', 'arn:aws:s3:::bucket/data/file.json', 'arn:aws:s3:::bucket/temp/upload.tmp']",allow_94546383,allow_94546383_combo_1,s3:DeleteBucket,arn:aws:s3:::bucket/logs/app.log,arn:aws:iam::${aws:PrincipalOrgID}:root,"{'StringEquals': {'s3:prefix': ['home/${aws:userid}/', 'home/${aws:username}']}}",allow,allow,sat,True
policy_7_iter_1.json,,/home/bhall2/Documents/fixmypolicy/FL/Experiment-2/temp_validation/val-25-ollama/policy_7_iter_1.json,4,allow_94546383,Allow,['s3:DeleteBucket'],"['arn:aws:s3:::bucket/logs/app.log', 'arn:aws:s3:::bucket/data/file.json', 'arn:aws:s3:::bucket/temp/upload.tmp']",allow_94546383,allow_94546383_combo_2,s3:DeleteBucket,arn:aws:s3:::bucket/data/file.json,arn:aws:iam::${aws:PrincipalOrgID}:root,"{'StringEquals': {'s3:prefix': ['home/${aws:userid}/', 'home/${aws:username}']}}",allow,allow,sat,True
policy_7_iter_1.json,,/home/bhall2/Documents/fixmypolicy/FL/Experiment-2/temp_validation/val-25-ollama/policy_7_iter_1.json,4,allow_94546383,Allow,['s3:DeleteBucket'],"['arn:aws:s3:::bucket/logs/app.log', 'arn:aws:s3:::bucket/data/file.json', 'arn:aws:s3:::bucket/temp/upload.tmp']",allow_94546383,allow_94546383_combo_3,s3:DeleteBucket,arn:aws:s3:::bucket/temp/upload.tmp,arn:aws:iam::${aws:PrincipalOrgID}:root,"{'StringEquals': {'s3:prefix': ['home/${aws:userid}/', 'home/${aws:username}']}}",allow,allow,sat,True
policy_7_iter_1.json,,/home/bhall2/Documents/fixmypolicy/FL/Experiment-2/temp_validation/val-25-ollama/policy_7_iter_1.json,4,allow_94546383,Allow,['s3:DeleteBucket'],"['arn:aws:s3:::bucket/logs/app.log', 'arn:aws:s3:::bucket/data/file.json', 'arn:aws:s3:::bucket/temp/upload.tmp']",allow_742d3572,allow_742d3572_combo_1,s3:PutObject,arn:aws:s3:::bucket,arn:aws:iam::${aws:PrincipalOrgID}:root,"{'StringEquals': {'s3:prefix': ['home/${aws:userid}/', 'home/${aws:username}']}}",allow,deny,unsat,False
policy_7_iter_1.json,,/home/bhall2/Documents/fixmypolicy/FL/Experiment-2/temp_validation/val-25-ollama/policy_7_iter_1.json,4,allow_94546383,Allow,['s3:DeleteBucket'],"['arn:aws:s3:::bucket/logs/app.log', 'arn:aws:s3:::bucket/data/file.json', 'arn:aws:s3:::bucket/temp/upload.tmp']",allow_742d3572,allow_742d3572_combo_2,s3:PutObject,arn:aws:s3:::bucket/document.txt,arn:aws:iam::${aws:PrincipalOrgID}:root,"{'StringEquals': {'s3:prefix': ['home/${aws:userid}/', 'home/${aws:username}']}}",allow,deny,unsat,False
policy_7_iter_1.json,,/home/bhall2/Documents/fixmypolicy/FL/Experiment-2/temp_validation/val-25-ollama/policy_7_iter_1.json,4,allow_94546383,Allow,['s3:DeleteBucket'],"['arn:aws:s3:::bucket/logs/app.log', 'arn:aws:s3:::bucket/data/file.json', 'arn:aws:s3:::bucket/temp/upload.tmp']",deny_927fb97a,deny_927fb97a_combo_1,s3:PutBucketPolicy,arn:aws:s3:::bucket-forbidden/file.txt,arn:aws:iam::123456789012:user/alice,{'StringEquals': {'aws:RequestedRegion': 'us-west-2'}},deny,deny,unsat,True
policy_7_iter_1.json,,/home/bhall2/Documents/fixmypolicy/FL/Experiment-2/temp_validation/val-25-ollama/policy_7_iter_1.json,4,allow_94546383,Allow,['s3:DeleteBucket'],"['arn:aws:s3:::bucket/logs/app.log', 'arn:aws:s3:::bucket/data/file.json', 'arn:aws:s3:::bucket/temp/upload.tmp']",allow_8e41fd6f,allow_8e41fd6f_combo_1,s3:PutBucketPolicy,arn:aws:s3:::bucket/logs/app.log,arn:aws:iam::${aws:PrincipalOrgID}:root,"{'StringEquals': {'s3:prefix': ['home/${aws:userid}/', 'home/${aws:username}']}}",allow,deny,unsat,False
policy_7_iter_1.json,,/home/bhall2/Documents/fixmypolicy/FL/Experiment-2/temp_validation/val-25-ollama/policy_7_iter_1.json,4,allow_94546383,Allow,['s3:DeleteBucket'],"['arn:aws:s3:::bucket/logs/app.log', 'arn:aws:s3:::bucket/data/file.json', 'arn:aws:s3:::bucket/temp/upload.tmp']",allow_8e41fd6f,allow_8e41fd6f_combo_2,s3:PutBucketPolicy,arn:aws:s3:::bucket/document.txt,arn:aws:iam::${aws:PrincipalOrgID}:root,"{'StringEquals': {'s3:prefix': ['home/${aws:userid}/', 'home/${aws:username}']}}",allow,deny,unsat,False
policy_7_iter_1.json,,/home/bhall2/Documents/fixmypolicy/FL/Experiment-2/temp_validation/val-25-ollama/policy_7_iter_1.json,4,allow_94546383,Allow,['s3:DeleteBucket'],"['arn:aws:s3:::bucket/logs/app.log', 'arn:aws:s3:::bucket/data/file.json', 'arn:aws:s3:::bucket/temp/upload.tmp']",allow_8e41fd6f,allow_8e41fd6f_combo_3,s3:PutBucketPolicy,arn:aws:s3:::bucket,arn:aws:iam::${aws:PrincipalOrgID}:root,"{'StringEquals': {'s3:prefix': ['home/${aws:userid}/', 'home/${aws:username}']}}",allow,deny,unsat,False
policy_7_iter_1.json,,/home/bhall2/Documents/fixmypolicy/FL/Experiment-2/temp_validation/val-25-ollama/policy_7_iter_1.json,4,allow_94546383,Allow,['s3:DeleteBucket'],"['arn:aws:s3:::bucket/logs/app.log', 'arn:aws:s3:::bucket/data/file.json', 'arn:aws:s3:::bucket/temp/upload.tmp']",deny_7882b319,deny_7882b319_combo_1,ec2:DescribeInstances,arn:aws:s3:::bucket,arn:aws:iam::${aws:PrincipalOrgID}:root,"{'StringEquals': {'s3:prefix': ['home/${aws:userid}/', 'home/${aws:username}']}}",deny,deny,unsat,True
policy_7_iter_1.json,,/home/bhall2/Documents/fixmypolicy/FL/Experiment-2/temp_validation/val-25-ollama/policy_7_iter_1.json,4,allow_94546383,Allow,['s3:DeleteBucket'],"['arn:aws:s3:::bucket/logs/app.log', 'arn:aws:s3:::bucket/data/file.json', 'arn:aws:s3:::bucket/temp/upload.tmp']",deny_90bb3417,deny_90bb3417_combo_1,s3:ListBucket,arn:aws:s3:::different-bucket/file.txt,arn:aws:iam::${aws:PrincipalOrgID}:root,"{'StringEquals': {'s3:prefix': ['home/${aws:userid}/', 'home/${aws:username}']}}",deny,deny,unsat,True
policy_7_iter_1.json,,/home/bhall2/Documents/fixmypolicy/FL/Experiment-2/temp_validation/val-25-ollama/policy_7_iter_1.json,4,allow_94546383,Allow,['s3:DeleteBucket'],"['arn:aws:s3:::bucket/logs/app.log', 'arn:aws:s3:::bucket/data/file.json', 'arn:aws:s3:::bucket/temp/upload.tmp']",deny_6e715d5d,deny_6e715d5d_combo_1,iam:CreateUser,arn:aws:s3:::bucket/document.txt,arn:aws:iam::123456789012:user/alice,{'DateLessThan': {'aws:CurrentTime': '2025-12-31T23:59:59Z'}},deny,deny,unsat,True
policy_7_iter_1.json,,/home/bhall2/Documents/fixmypolicy/FL/Experiment-2/temp_validation/val-25-ollama/policy_7_iter_1.json,4,allow_94546383,Allow,['s3:DeleteBucket'],"['arn:aws:s3:::bucket/logs/app.log', 'arn:aws:s3:::bucket/data/file.json', 'arn:aws:s3:::bucket/temp/upload.tmp']",allow_c8ac2a77,allow_c8ac2a77_combo_1,s3:CreateBucket,arn:aws:s3:::bucket,arn:aws:iam::${aws:PrincipalOrgID}:root,"{'StringEquals': {'s3:prefix': ['home/${aws:userid}/', 'home/${aws:username}']}}",allow,deny,unsat,False
policy_7_iter_1.json,,/home/bhall2/Documents/fixmypolicy/FL/Experiment-2/temp_validation/val-25-ollama/policy_7_iter_1.json,4,allow_94546383,Allow,['s3:DeleteBucket'],"['arn:aws:s3:::bucket/logs/app.log', 'arn:aws:s3:::bucket/data/file.json', 'arn:aws:s3:::bucket/temp/upload.tmp']",allow_c8ac2a77,allow_c8ac2a77_combo_2,s3:CreateBucket,arn:aws:s3:::bucket/logs/app.log,arn:aws:iam::${aws:PrincipalOrgID}:root,"{'StringEquals': {'s3:prefix': ['home/${aws:userid}/', 'home/${aws:username}']}}",allow,deny,unsat,False
policy_7_iter_1.json,,/home/bhall2/Documents/fixmypolicy/FL/Experiment-2/temp_validation/val-25-ollama/policy_7_iter_1.json,5,allow_742d3572,Allow,['s3:PutObject'],"['arn:aws:s3:::bucket', 'arn:aws:s3:::bucket/document.txt']",allow_4193f4bf,allow_4193f4bf_combo_1,s3:GetBucketAcl,arn:aws:s3:::bucket,arn:aws:iam::${aws:PrincipalOrgID}:root,"{'StringEquals': {'s3:prefix': ['home/${aws:userid}/', 'home/${aws:username}']}}",allow,deny,unsat,False
policy_7_iter_1.json,,/home/bhall2/Documents/fixmypolicy/FL/Experiment-2/temp_validation/val-25-ollama/policy_7_iter_1.json,5,allow_742d3572,Allow,['s3:PutObject'],"['arn:aws:s3:::bucket', 'arn:aws:s3:::bucket/document.txt']",allow_4193f4bf,allow_4193f4bf_combo_2,s3:GetBucketAcl,arn:aws:s3:::bucket/temp/upload.tmp,arn:aws:iam::${aws:PrincipalOrgID}:root,"{'StringEquals': {'s3:prefix': ['home/${aws:userid}/', 'home/${aws:username}']}}",allow,deny,unsat,False
policy_7_iter_1.json,,/home/bhall2/Documents/fixmypolicy/FL/Experiment-2/temp_validation/val-25-ollama/policy_7_iter_1.json,5,allow_742d3572,Allow,['s3:PutObject'],"['arn:aws:s3:::bucket', 'arn:aws:s3:::bucket/document.txt']",allow_4193f4bf,allow_4193f4bf_combo_3,s3:GetBucketAcl,arn:aws:s3:::bucket/data/file.json,arn:aws:iam::${aws:PrincipalOrgID}:root,"{'StringEquals': {'s3:prefix': ['home/${aws:userid}/', 'home/${aws:username}']}}",allow,deny,unsat,False
policy_7_iter_1.json,,/home/bhall2/Documents/fixmypolicy/FL/Experiment-2/temp_validation/val-25-ollama/policy_7_iter_1.json,5,allow_742d3572,Allow,['s3:PutObject'],"['arn:aws:s3:::bucket', 'arn:aws:s3:::bucket/document.txt']",deny_fbfc89ab,deny_fbfc89ab_combo_1,dynamodb:DeleteItem,arn:aws:s3:::bucket/document.txt,arn:aws:iam::999888777666:PrincipalOrgID}:root,{'StringEquals': {'aws:RequestedRegion': 'us-east-1'}},deny,deny,unsat,True
policy_7_iter_1.json,,/home/bhall2/Documents/fixmypolicy/FL/Experiment-2/temp_validation/val-25-ollama/policy_7_iter_1.json,5,allow_742d3572,Allow,['s3:PutObject'],"['arn:aws:s3:::bucket', 'arn:aws:s3:::bucket/document.txt']",deny_fbfc89ab,deny_fbfc89ab_combo_2,dynamodb:DeleteItem,arn:aws:s3:::bucket,arn:aws:iam::999888777666:PrincipalOrgID}:root,{'StringEquals': {'aws:RequestedRegion': 'us-east-1'}},deny,deny,unsat,True
policy_7_iter_1.json,,/home/bhall2/Documents/fixmypolicy/FL/Experiment-2/temp_validation/val-25-ollama/policy_7_iter_1.json,5,allow_742d3572,Allow,['s3:PutObject'],"['arn:aws:s3:::bucket', 'arn:aws:s3:::bucket/document.txt']",deny_fbfc89ab,deny_fbfc89ab_combo_3,dynamodb:DeleteItem,arn:aws:s3:::bucket/logs/app.log,arn:aws:iam::999888777666:PrincipalOrgID}:root,{'StringEquals': {'aws:RequestedRegion': 'us-east-1'}},deny,deny,unsat,True
policy_7_iter_1.json,,/home/bhall2/Documents/fixmypolicy/FL/Experiment-2/temp_validation/val-25-ollama/policy_7_iter_1.json,5,allow_742d3572,Allow,['s3:PutObject'],"['arn:aws:s3:::bucket', 'arn:aws:s3:::bucket/document.txt']",deny_e6526099,deny_e6526099_combo_1,s3:GetBucketAcl,arn:aws:s3:::completely-different-bucket/file.txt,arn:aws:iam::123456789012:user/alice,{'StringEquals': {'aws:RequestedRegion': 'us-east-1'}},deny,deny,unsat,True
policy_7_iter_1.json,,/home/bhall2/Documents/fixmypolicy/FL/Experiment-2/temp_validation/val-25-ollama/policy_7_iter_1.json,5,allow_742d3572,Allow,['s3:PutObject'],"['arn:aws:s3:::bucket', 'arn:aws:s3:::bucket/document.txt']",allow_a61e99d7,allow_a61e99d7_combo_1,s3:CreateBucket,arn:aws:s3:::bucket,arn:aws:iam::123456789012:user/bob,{'DateGreaterThan': {'aws:CurrentTime': '2024-01-01T00:00:00Z'}},allow,deny,unsat,False
policy_7_iter_1.json,,/home/bhall2/Documents/fixmypolicy/FL/Experiment-2/temp_validation/val-25-ollama/policy_7_iter_1.json,5,allow_742d3572,Allow,['s3:PutObject'],"['arn:aws:s3:::bucket', 'arn:aws:s3:::bucket/document.txt']",allow_a61e99d7,allow_a61e99d7_combo_2,s3:CreateBucket,arn:aws:s3:::bucket/temp/upload.tmp,arn:aws:iam::123456789012:user/bob,{'DateGreaterThan': {'aws:CurrentTime': '2024-01-01T00:00:00Z'}},allow,deny,unsat,False
policy_7_iter_1.json,,/home/bhall2/Documents/fixmypolicy/FL/Experiment-2/temp_validation/val-25-ollama/policy_7_iter_1.json,5,allow_742d3572,Allow,['s3:PutObject'],"['arn:aws:s3:::bucket', 'arn:aws:s3:::bucket/document.txt']",deny_41905fdb,deny_41905fdb_combo_1,s3:GetBucketAcl,arn:aws:s3:::bucket-forbidden/file.txt,arn:aws:iam::999888777666:PrincipalOrgID}:root,{'DateGreaterThan': {'aws:CurrentTime': '2024-01-01T00:00:00Z'}},deny,deny,unsat,True
policy_7_iter_1.json,,/home/bhall2/Documents/fixmypolicy/FL/Experiment-2/temp_validation/val-25-ollama/policy_7_iter_1.json,5,allow_742d3572,Allow,['s3:PutObject'],"['arn:aws:s3:::bucket', 'arn:aws:s3:::bucket/document.txt']",deny_b3141f4b,deny_b3141f4b_combo_1,iam:CreateUser,arn:aws:s3:::bucket/document.txt,arn:aws:iam::999888777666:PrincipalOrgID}:root,{'DateGreaterThan': {'aws:CurrentTime': '2024-01-01T00:00:00Z'}},deny,deny,unsat,True
policy_7_iter_1.json,,/home/bhall2/Documents/fixmypolicy/FL/Experiment-2/temp_validation/val-25-ollama/policy_7_iter_1.json,5,allow_742d3572,Allow,['s3:PutObject'],"['arn:aws:s3:::bucket', 'arn:aws:s3:::bucket/document.txt']",allow_94546383,allow_94546383_combo_1,s3:DeleteBucket,arn:aws:s3:::bucket/logs/app.log,arn:aws:iam::${aws:PrincipalOrgID}:root,"{'StringEquals': {'s3:prefix': ['home/${aws:userid}/', 'home/${aws:username}']}}",allow,deny,unsat,False
policy_7_iter_1.json,,/home/bhall2/Documents/fixmypolicy/FL/Experiment-2/temp_validation/val-25-ollama/policy_7_iter_1.json,5,allow_742d3572,Allow,['s3:PutObject'],"['arn:aws:s3:::bucket', 'arn:aws:s3:::bucket/document.txt']",allow_94546383,allow_94546383_combo_2,s3:DeleteBucket,arn:aws:s3:::bucket/data/file.json,arn:aws:iam::${aws:PrincipalOrgID}:root,"{'StringEquals': {'s3:prefix': ['home/${aws:userid}/', 'home/${aws:username}']}}",allow,deny,unsat,False
policy_7_iter_1.json,,/home/bhall2/Documents/fixmypolicy/FL/Experiment-2/temp_validation/val-25-ollama/policy_7_iter_1.json,5,allow_742d3572,Allow,['s3:PutObject'],"['arn:aws:s3:::bucket', 'arn:aws:s3:::bucket/document.txt']",allow_94546383,allow_94546383_combo_3,s3:DeleteBucket,arn:aws:s3:::bucket/temp/upload.tmp,arn:aws:iam::${aws:PrincipalOrgID}:root,"{'StringEquals': {'s3:prefix': ['home/${aws:userid}/', 'home/${aws:username}']}}",allow,deny,unsat,False
policy_7_iter_1.json,,/home/bhall2/Documents/fixmypolicy/FL/Experiment-2/temp_validation/val-25-ollama/policy_7_iter_1.json,5,allow_742d3572,Allow,['s3:PutObject'],"['arn:aws:s3:::bucket', 'arn:aws:s3:::bucket/document.txt']",allow_742d3572,allow_742d3572_combo_1,s3:PutObject,arn:aws:s3:::bucket,arn:aws:iam::${aws:PrincipalOrgID}:root,"{'StringEquals': {'s3:prefix': ['home/${aws:userid}/', 'home/${aws:username}']}}",allow,allow,sat,True
policy_7_iter_1.json,,/home/bhall2/Documents/fixmypolicy/FL/Experiment-2/temp_validation/val-25-ollama/policy_7_iter_1.json,5,allow_742d3572,Allow,['s3:PutObject'],"['arn:aws:s3:::bucket', 'arn:aws:s3:::bucket/document.txt']",allow_742d3572,allow_742d3572_combo_2,s3:PutObject,arn:aws:s3:::bucket/document.txt,arn:aws:iam::${aws:PrincipalOrgID}:root,"{'StringEquals': {'s3:prefix': ['home/${aws:userid}/', 'home/${aws:username}']}}",allow,allow,sat,True
policy_7_iter_1.json,,/home/bhall2/Documents/fixmypolicy/FL/Experiment-2/temp_validation/val-25-ollama/policy_7_iter_1.json,5,allow_742d3572,Allow,['s3:PutObject'],"['arn:aws:s3:::bucket', 'arn:aws:s3:::bucket/document.txt']",deny_927fb97a,deny_927fb97a_combo_1,s3:PutBucketPolicy,arn:aws:s3:::bucket-forbidden/file.txt,arn:aws:iam::123456789012:user/alice,{'StringEquals': {'aws:RequestedRegion': 'us-west-2'}},deny,deny,unsat,True
policy_7_iter_1.json,,/home/bhall2/Documents/fixmypolicy/FL/Experiment-2/temp_validation/val-25-ollama/policy_7_iter_1.json,5,allow_742d3572,Allow,['s3:PutObject'],"['arn:aws:s3:::bucket', 'arn:aws:s3:::bucket/document.txt']",allow_8e41fd6f,allow_8e41fd6f_combo_1,s3:PutBucketPolicy,arn:aws:s3:::bucket/logs/app.log,arn:aws:iam::${aws:PrincipalOrgID}:root,"{'StringEquals': {'s3:prefix': ['home/${aws:userid}/', 'home/${aws:username}']}}",allow,deny,unsat,False
policy_7_iter_1.json,,/home/bhall2/Documents/fixmypolicy/FL/Experiment-2/temp_validation/val-25-ollama/policy_7_iter_1.json,5,allow_742d3572,Allow,['s3:PutObject'],"['arn:aws:s3:::bucket', 'arn:aws:s3:::bucket/document.txt']",allow_8e41fd6f,allow_8e41fd6f_combo_2,s3:PutBucketPolicy,arn:aws:s3:::bucket/document.txt,arn:aws:iam::${aws:PrincipalOrgID}:root,"{'StringEquals': {'s3:prefix': ['home/${aws:userid}/', 'home/${aws:username}']}}",allow,deny,unsat,False
policy_7_iter_1.json,,/home/bhall2/Documents/fixmypolicy/FL/Experiment-2/temp_validation/val-25-ollama/policy_7_iter_1.json,5,allow_742d3572,Allow,['s3:PutObject'],"['arn:aws:s3:::bucket', 'arn:aws:s3:::bucket/document.txt']",allow_8e41fd6f,allow_8e41fd6f_combo_3,s3:PutBucketPolicy,arn:aws:s3:::bucket,arn:aws:iam::${aws:PrincipalOrgID}:root,"{'StringEquals': {'s3:prefix': ['home/${aws:userid}/', 'home/${aws:username}']}}",allow,deny,unsat,False
policy_7_iter_1.json,,/home/bhall2/Documents/fixmypolicy/FL/Experiment-2/temp_validation/val-25-ollama/policy_7_iter_1.json,5,allow_742d3572,Allow,['s3:PutObject'],"['arn:aws:s3:::bucket', 'arn:aws:s3:::bucket/document.txt']",deny_7882b319,deny_7882b319_combo_1,ec2:DescribeInstances,arn:aws:s3:::bucket,arn:aws:iam::${aws:PrincipalOrgID}:root,"{'StringEquals': {'s3:prefix': ['home/${aws:userid}/', 'home/${aws:username}']}}",deny,deny,unsat,True
policy_7_iter_1.json,,/home/bhall2/Documents/fixmypolicy/FL/Experiment-2/temp_validation/val-25-ollama/policy_7_iter_1.json,5,allow_742d3572,Allow,['s3:PutObject'],"['arn:aws:s3:::bucket', 'arn:aws:s3:::bucket/document.txt']",deny_90bb3417,deny_90bb3417_combo_1,s3:ListBucket,arn:aws:s3:::different-bucket/file.txt,arn:aws:iam::${aws:PrincipalOrgID}:root,"{'StringEquals': {'s3:prefix': ['home/${aws:userid}/', 'home/${aws:username}']}}",deny,deny,unsat,True
policy_7_iter_1.json,,/home/bhall2/Documents/fixmypolicy/FL/Experiment-2/temp_validation/val-25-ollama/policy_7_iter_1.json,5,allow_742d3572,Allow,['s3:PutObject'],"['arn:aws:s3:::bucket', 'arn:aws:s3:::bucket/document.txt']",deny_6e715d5d,deny_6e715d5d_combo_1,iam:CreateUser,arn:aws:s3:::bucket/document.txt,arn:aws:iam::123456789012:user/alice,{'DateLessThan': {'aws:CurrentTime': '2025-12-31T23:59:59Z'}},deny,deny,unsat,True
policy_7_iter_1.json,,/home/bhall2/Documents/fixmypolicy/FL/Experiment-2/temp_validation/val-25-ollama/policy_7_iter_1.json,5,allow_742d3572,Allow,['s3:PutObject'],"['arn:aws:s3:::bucket', 'arn:aws:s3:::bucket/document.txt']",allow_c8ac2a77,allow_c8ac2a77_combo_1,s3:CreateBucket,arn:aws:s3:::bucket,arn:aws:iam::${aws:PrincipalOrgID}:root,"{'StringEquals': {'s3:prefix': ['home/${aws:userid}/', 'home/${aws:username}']}}",allow,deny,unsat,False
policy_7_iter_1.json,,/home/bhall2/Documents/fixmypolicy/FL/Experiment-2/temp_validation/val-25-ollama/policy_7_iter_1.json,5,allow_742d3572,Allow,['s3:PutObject'],"['arn:aws:s3:::bucket', 'arn:aws:s3:::bucket/document.txt']",allow_c8ac2a77,allow_c8ac2a77_combo_2,s3:CreateBucket,arn:aws:s3:::bucket/logs/app.log,arn:aws:iam::${aws:PrincipalOrgID}:root,"{'StringEquals': {'s3:prefix': ['home/${aws:userid}/', 'home/${aws:username}']}}",allow,deny,unsat,False
policy_7_iter_1.json,,/home/bhall2/Documents/fixmypolicy/FL/Experiment-2/temp_validation/val-25-ollama/policy_7_iter_1.json,6,allow_8e41fd6f,Allow,['s3:PutBucketPolicy'],"['arn:aws:s3:::bucket/logs/app.log', 'arn:aws:s3:::bucket/document.txt', 'arn:aws:s3:::bucket']",allow_4193f4bf,allow_4193f4bf_combo_1,s3:GetBucketAcl,arn:aws:s3:::bucket,arn:aws:iam::${aws:PrincipalOrgID}:root,"{'StringEquals': {'s3:prefix': ['home/${aws:userid}/', 'home/${aws:username}']}}",allow,deny,unsat,False
policy_7_iter_1.json,,/home/bhall2/Documents/fixmypolicy/FL/Experiment-2/temp_validation/val-25-ollama/policy_7_iter_1.json,6,allow_8e41fd6f,Allow,['s3:PutBucketPolicy'],"['arn:aws:s3:::bucket/logs/app.log', 'arn:aws:s3:::bucket/document.txt', 'arn:aws:s3:::bucket']",allow_4193f4bf,allow_4193f4bf_combo_2,s3:GetBucketAcl,arn:aws:s3:::bucket/temp/upload.tmp,arn:aws:iam::${aws:PrincipalOrgID}:root,"{'StringEquals': {'s3:prefix': ['home/${aws:userid}/', 'home/${aws:username}']}}",allow,deny,unsat,False
policy_7_iter_1.json,,/home/bhall2/Documents/fixmypolicy/FL/Experiment-2/temp_validation/val-25-ollama/policy_7_iter_1.json,6,allow_8e41fd6f,Allow,['s3:PutBucketPolicy'],"['arn:aws:s3:::bucket/logs/app.log', 'arn:aws:s3:::bucket/document.txt', 'arn:aws:s3:::bucket']",allow_4193f4bf,allow_4193f4bf_combo_3,s3:GetBucketAcl,arn:aws:s3:::bucket/data/file.json,arn:aws:iam::${aws:PrincipalOrgID}:root,"{'StringEquals': {'s3:prefix': ['home/${aws:userid}/', 'home/${aws:username}']}}",allow,deny,unsat,False
policy_7_iter_1.json,,/home/bhall2/Documents/fixmypolicy/FL/Experiment-2/temp_validation/val-25-ollama/policy_7_iter_1.json,6,allow_8e41fd6f,Allow,['s3:PutBucketPolicy'],"['arn:aws:s3:::bucket/logs/app.log', 'arn:aws:s3:::bucket/document.txt', 'arn:aws:s3:::bucket']",deny_fbfc89ab,deny_fbfc89ab_combo_1,dynamodb:DeleteItem,arn:aws:s3:::bucket/document.txt,arn:aws:iam::999888777666:PrincipalOrgID}:root,{'StringEquals': {'aws:RequestedRegion': 'us-east-1'}},deny,deny,unsat,True
policy_7_iter_1.json,,/home/bhall2/Documents/fixmypolicy/FL/Experiment-2/temp_validation/val-25-ollama/policy_7_iter_1.json,6,allow_8e41fd6f,Allow,['s3:PutBucketPolicy'],"['arn:aws:s3:::bucket/logs/app.log', 'arn:aws:s3:::bucket/document.txt', 'arn:aws:s3:::bucket']",deny_fbfc89ab,deny_fbfc89ab_combo_2,dynamodb:DeleteItem,arn:aws:s3:::bucket,arn:aws:iam::999888777666:PrincipalOrgID}:root,{'StringEquals': {'aws:RequestedRegion': 'us-east-1'}},deny,deny,unsat,True
policy_7_iter_1.json,,/home/bhall2/Documents/fixmypolicy/FL/Experiment-2/temp_validation/val-25-ollama/policy_7_iter_1.json,6,allow_8e41fd6f,Allow,['s3:PutBucketPolicy'],"['arn:aws:s3:::bucket/logs/app.log', 'arn:aws:s3:::bucket/document.txt', 'arn:aws:s3:::bucket']",deny_fbfc89ab,deny_fbfc89ab_combo_3,dynamodb:DeleteItem,arn:aws:s3:::bucket/logs/app.log,arn:aws:iam::999888777666:PrincipalOrgID}:root,{'StringEquals': {'aws:RequestedRegion': 'us-east-1'}},deny,deny,unsat,True
policy_7_iter_1.json,,/home/bhall2/Documents/fixmypolicy/FL/Experiment-2/temp_validation/val-25-ollama/policy_7_iter_1.json,6,allow_8e41fd6f,Allow,['s3:PutBucketPolicy'],"['arn:aws:s3:::bucket/logs/app.log', 'arn:aws:s3:::bucket/document.txt', 'arn:aws:s3:::bucket']",deny_e6526099,deny_e6526099_combo_1,s3:GetBucketAcl,arn:aws:s3:::completely-different-bucket/file.txt,arn:aws:iam::123456789012:user/alice,{'StringEquals': {'aws:RequestedRegion': 'us-east-1'}},deny,deny,unsat,True
policy_7_iter_1.json,,/home/bhall2/Documents/fixmypolicy/FL/Experiment-2/temp_validation/val-25-ollama/policy_7_iter_1.json,6,allow_8e41fd6f,Allow,['s3:PutBucketPolicy'],"['arn:aws:s3:::bucket/logs/app.log', 'arn:aws:s3:::bucket/document.txt', 'arn:aws:s3:::bucket']",allow_a61e99d7,allow_a61e99d7_combo_1,s3:CreateBucket,arn:aws:s3:::bucket,arn:aws:iam::123456789012:user/bob,{'DateGreaterThan': {'aws:CurrentTime': '2024-01-01T00:00:00Z'}},allow,deny,unsat,False
policy_7_iter_1.json,,/home/bhall2/Documents/fixmypolicy/FL/Experiment-2/temp_validation/val-25-ollama/policy_7_iter_1.json,6,allow_8e41fd6f,Allow,['s3:PutBucketPolicy'],"['arn:aws:s3:::bucket/logs/app.log', 'arn:aws:s3:::bucket/document.txt', 'arn:aws:s3:::bucket']",allow_a61e99d7,allow_a61e99d7_combo_2,s3:CreateBucket,arn:aws:s3:::bucket/temp/upload.tmp,arn:aws:iam::123456789012:user/bob,{'DateGreaterThan': {'aws:CurrentTime': '2024-01-01T00:00:00Z'}},allow,deny,unsat,False
policy_7_iter_1.json,,/home/bhall2/Documents/fixmypolicy/FL/Experiment-2/temp_validation/val-25-ollama/policy_7_iter_1.json,6,allow_8e41fd6f,Allow,['s3:PutBucketPolicy'],"['arn:aws:s3:::bucket/logs/app.log', 'arn:aws:s3:::bucket/document.txt', 'arn:aws:s3:::bucket']",deny_41905fdb,deny_41905fdb_combo_1,s3:GetBucketAcl,arn:aws:s3:::bucket-forbidden/file.txt,arn:aws:iam::999888777666:PrincipalOrgID}:root,{'DateGreaterThan': {'aws:CurrentTime': '2024-01-01T00:00:00Z'}},deny,deny,unsat,True
policy_7_iter_1.json,,/home/bhall2/Documents/fixmypolicy/FL/Experiment-2/temp_validation/val-25-ollama/policy_7_iter_1.json,6,allow_8e41fd6f,Allow,['s3:PutBucketPolicy'],"['arn:aws:s3:::bucket/logs/app.log', 'arn:aws:s3:::bucket/document.txt', 'arn:aws:s3:::bucket']",deny_b3141f4b,deny_b3141f4b_combo_1,iam:CreateUser,arn:aws:s3:::bucket/document.txt,arn:aws:iam::999888777666:PrincipalOrgID}:root,{'DateGreaterThan': {'aws:CurrentTime': '2024-01-01T00:00:00Z'}},deny,deny,unsat,True
policy_7_iter_1.json,,/home/bhall2/Documents/fixmypolicy/FL/Experiment-2/temp_validation/val-25-ollama/policy_7_iter_1.json,6,allow_8e41fd6f,Allow,['s3:PutBucketPolicy'],"['arn:aws:s3:::bucket/logs/app.log', 'arn:aws:s3:::bucket/document.txt', 'arn:aws:s3:::bucket']",allow_94546383,allow_94546383_combo_1,s3:DeleteBucket,arn:aws:s3:::bucket/logs/app.log,arn:aws:iam::${aws:PrincipalOrgID}:root,"{'StringEquals': {'s3:prefix': ['home/${aws:userid}/', 'home/${aws:username}']}}",allow,deny,unsat,False
policy_7_iter_1.json,,/home/bhall2/Documents/fixmypolicy/FL/Experiment-2/temp_validation/val-25-ollama/policy_7_iter_1.json,6,allow_8e41fd6f,Allow,['s3:PutBucketPolicy'],"['arn:aws:s3:::bucket/logs/app.log', 'arn:aws:s3:::bucket/document.txt', 'arn:aws:s3:::bucket']",allow_94546383,allow_94546383_combo_2,s3:DeleteBucket,arn:aws:s3:::bucket/data/file.json,arn:aws:iam::${aws:PrincipalOrgID}:root,"{'StringEquals': {'s3:prefix': ['home/${aws:userid}/', 'home/${aws:username}']}}",allow,deny,unsat,False
policy_7_iter_1.json,,/home/bhall2/Documents/fixmypolicy/FL/Experiment-2/temp_validation/val-25-ollama/policy_7_iter_1.json,6,allow_8e41fd6f,Allow,['s3:PutBucketPolicy'],"['arn:aws:s3:::bucket/logs/app.log', 'arn:aws:s3:::bucket/document.txt', 'arn:aws:s3:::bucket']",allow_94546383,allow_94546383_combo_3,s3:DeleteBucket,arn:aws:s3:::bucket/temp/upload.tmp,arn:aws:iam::${aws:PrincipalOrgID}:root,"{'StringEquals': {'s3:prefix': ['home/${aws:userid}/', 'home/${aws:username}']}}",allow,deny,unsat,False
policy_7_iter_1.json,,/home/bhall2/Documents/fixmypolicy/FL/Experiment-2/temp_validation/val-25-ollama/policy_7_iter_1.json,6,allow_8e41fd6f,Allow,['s3:PutBucketPolicy'],"['arn:aws:s3:::bucket/logs/app.log', 'arn:aws:s3:::bucket/document.txt', 'arn:aws:s3:::bucket']",allow_742d3572,allow_742d3572_combo_1,s3:PutObject,arn:aws:s3:::bucket,arn:aws:iam::${aws:PrincipalOrgID}:root,"{'StringEquals': {'s3:prefix': ['home/${aws:userid}/', 'home/${aws:username}']}}",allow,deny,unsat,False
policy_7_iter_1.json,,/home/bhall2/Documents/fixmypolicy/FL/Experiment-2/temp_validation/val-25-ollama/policy_7_iter_1.json,6,allow_8e41fd6f,Allow,['s3:PutBucketPolicy'],"['arn:aws:s3:::bucket/logs/app.log', 'arn:aws:s3:::bucket/document.txt', 'arn:aws:s3:::bucket']",allow_742d3572,allow_742d3572_combo_2,s3:PutObject,arn:aws:s3:::bucket/document.txt,arn:aws:iam::${aws:PrincipalOrgID}:root,"{'StringEquals': {'s3:prefix': ['home/${aws:userid}/', 'home/${aws:username}']}}",allow,deny,unsat,False
policy_7_iter_1.json,,/home/bhall2/Documents/fixmypolicy/FL/Experiment-2/temp_validation/val-25-ollama/policy_7_iter_1.json,6,allow_8e41fd6f,Allow,['s3:PutBucketPolicy'],"['arn:aws:s3:::bucket/logs/app.log', 'arn:aws:s3:::bucket/document.txt', 'arn:aws:s3:::bucket']",deny_927fb97a,deny_927fb97a_combo_1,s3:PutBucketPolicy,arn:aws:s3:::bucket-forbidden/file.txt,arn:aws:iam::123456789012:user/alice,{'StringEquals': {'aws:RequestedRegion': 'us-west-2'}},deny,deny,unsat,True
policy_7_iter_1.json,,/home/bhall2/Documents/fixmypolicy/FL/Experiment-2/temp_validation/val-25-ollama/policy_7_iter_1.json,6,allow_8e41fd6f,Allow,['s3:PutBucketPolicy'],"['arn:aws:s3:::bucket/logs/app.log', 'arn:aws:s3:::bucket/document.txt', 'arn:aws:s3:::bucket']",allow_8e41fd6f,allow_8e41fd6f_combo_1,s3:PutBucketPolicy,arn:aws:s3:::bucket/logs/app.log,arn:aws:iam::${aws:PrincipalOrgID}:root,"{'StringEquals': {'s3:prefix': ['home/${aws:userid}/', 'home/${aws:username}']}}",allow,allow,sat,True
policy_7_iter_1.json,,/home/bhall2/Documents/fixmypolicy/FL/Experiment-2/temp_validation/val-25-ollama/policy_7_iter_1.json,6,allow_8e41fd6f,Allow,['s3:PutBucketPolicy'],"['arn:aws:s3:::bucket/logs/app.log', 'arn:aws:s3:::bucket/document.txt', 'arn:aws:s3:::bucket']",allow_8e41fd6f,allow_8e41fd6f_combo_2,s3:PutBucketPolicy,arn:aws:s3:::bucket/document.txt,arn:aws:iam::${aws:PrincipalOrgID}:root,"{'StringEquals': {'s3:prefix': ['home/${aws:userid}/', 'home/${aws:username}']}}",allow,allow,sat,True
policy_7_iter_1.json,,/home/bhall2/Documents/fixmypolicy/FL/Experiment-2/temp_validation/val-25-ollama/policy_7_iter_1.json,6,allow_8e41fd6f,Allow,['s3:PutBucketPolicy'],"['arn:aws:s3:::bucket/logs/app.log', 'arn:aws:s3:::bucket/document.txt', 'arn:aws:s3:::bucket']",allow_8e41fd6f,allow_8e41fd6f_combo_3,s3:PutBucketPolicy,arn:aws:s3:::bucket,arn:aws:iam::${aws:PrincipalOrgID}:root,"{'StringEquals': {'s3:prefix': ['home/${aws:userid}/', 'home/${aws:username}']}}",allow,allow,sat,True
policy_7_iter_1.json,,/home/bhall2/Documents/fixmypolicy/FL/Experiment-2/temp_validation/val-25-ollama/policy_7_iter_1.json,6,allow_8e41fd6f,Allow,['s3:PutBucketPolicy'],"['arn:aws:s3:::bucket/logs/app.log', 'arn:aws:s3:::bucket/document.txt', 'arn:aws:s3:::bucket']",deny_7882b319,deny_7882b319_combo_1,ec2:DescribeInstances,arn:aws:s3:::bucket,arn:aws:iam::${aws:PrincipalOrgID}:root,"{'StringEquals': {'s3:prefix': ['home/${aws:userid}/', 'home/${aws:username}']}}",deny,deny,unsat,True
policy_7_iter_1.json,,/home/bhall2/Documents/fixmypolicy/FL/Experiment-2/temp_validation/val-25-ollama/policy_7_iter_1.json,6,allow_8e41fd6f,Allow,['s3:PutBucketPolicy'],"['arn:aws:s3:::bucket/logs/app.log', 'arn:aws:s3:::bucket/document.txt', 'arn:aws:s3:::bucket']",deny_90bb3417,deny_90bb3417_combo_1,s3:ListBucket,arn:aws:s3:::different-bucket/file.txt,arn:aws:iam::${aws:PrincipalOrgID}:root,"{'StringEquals': {'s3:prefix': ['home/${aws:userid}/', 'home/${aws:username}']}}",deny,deny,unsat,True
policy_7_iter_1.json,,/home/bhall2/Documents/fixmypolicy/FL/Experiment-2/temp_validation/val-25-ollama/policy_7_iter_1.json,6,allow_8e41fd6f,Allow,['s3:PutBucketPolicy'],"['arn:aws:s3:::bucket/logs/app.log', 'arn:aws:s3:::bucket/document.txt', 'arn:aws:s3:::bucket']",deny_6e715d5d,deny_6e715d5d_combo_1,iam:CreateUser,arn:aws:s3:::bucket/document.txt,arn:aws:iam::123456789012:user/alice,{'DateLessThan': {'aws:CurrentTime': '2025-12-31T23:59:59Z'}},deny,deny,unsat,True
policy_7_iter_1.json,,/home/bhall2/Documents/fixmypolicy/FL/Experiment-2/temp_validation/val-25-ollama/policy_7_iter_1.json,6,allow_8e41fd6f,Allow,['s3:PutBucketPolicy'],"['arn:aws:s3:::bucket/logs/app.log', 'arn:aws:s3:::bucket/document.txt', 'arn:aws:s3:::bucket']",allow_c8ac2a77,allow_c8ac2a77_combo_1,s3:CreateBucket,arn:aws:s3:::bucket,arn:aws:iam::${aws:PrincipalOrgID}:root,"{'StringEquals': {'s3:prefix': ['home/${aws:userid}/', 'home/${aws:username}']}}",allow,deny,unsat,False
policy_7_iter_1.json,,/home/bhall2/Documents/fixmypolicy/FL/Experiment-2/temp_validation/val-25-ollama/policy_7_iter_1.json,6,allow_8e41fd6f,Allow,['s3:PutBucketPolicy'],"['arn:aws:s3:::bucket/logs/app.log', 'arn:aws:s3:::bucket/document.txt', 'arn:aws:s3:::bucket']",allow_c8ac2a77,allow_c8ac2a77_combo_2,s3:CreateBucket,arn:aws:s3:::bucket/logs/app.log,arn:aws:iam::${aws:PrincipalOrgID}:root,"{'StringEquals': {'s3:prefix': ['home/${aws:userid}/', 'home/${aws:username}']}}",allow,deny,unsat,False
policy_7_iter_1.json,,/home/bhall2/Documents/fixmypolicy/FL/Experiment-2/temp_validation/val-25-ollama/policy_7_iter_1.json,7,allow_c8ac2a77,Allow,['s3:CreateBucket'],"['arn:aws:s3:::bucket', 'arn:aws:s3:::bucket/logs/app.log']",allow_4193f4bf,allow_4193f4bf_combo_1,s3:GetBucketAcl,arn:aws:s3:::bucket,arn:aws:iam::${aws:PrincipalOrgID}:root,"{'StringEquals': {'s3:prefix': ['home/${aws:userid}/', 'home/${aws:username}']}}",allow,deny,unsat,False
policy_7_iter_1.json,,/home/bhall2/Documents/fixmypolicy/FL/Experiment-2/temp_validation/val-25-ollama/policy_7_iter_1.json,7,allow_c8ac2a77,Allow,['s3:CreateBucket'],"['arn:aws:s3:::bucket', 'arn:aws:s3:::bucket/logs/app.log']",allow_4193f4bf,allow_4193f4bf_combo_2,s3:GetBucketAcl,arn:aws:s3:::bucket/temp/upload.tmp,arn:aws:iam::${aws:PrincipalOrgID}:root,"{'StringEquals': {'s3:prefix': ['home/${aws:userid}/', 'home/${aws:username}']}}",allow,deny,unsat,False
policy_7_iter_1.json,,/home/bhall2/Documents/fixmypolicy/FL/Experiment-2/temp_validation/val-25-ollama/policy_7_iter_1.json,7,allow_c8ac2a77,Allow,['s3:CreateBucket'],"['arn:aws:s3:::bucket', 'arn:aws:s3:::bucket/logs/app.log']",allow_4193f4bf,allow_4193f4bf_combo_3,s3:GetBucketAcl,arn:aws:s3:::bucket/data/file.json,arn:aws:iam::${aws:PrincipalOrgID}:root,"{'StringEquals': {'s3:prefix': ['home/${aws:userid}/', 'home/${aws:username}']}}",allow,deny,unsat,False
policy_7_iter_1.json,,/home/bhall2/Documents/fixmypolicy/FL/Experiment-2/temp_validation/val-25-ollama/policy_7_iter_1.json,7,allow_c8ac2a77,Allow,['s3:CreateBucket'],"['arn:aws:s3:::bucket', 'arn:aws:s3:::bucket/logs/app.log']",deny_fbfc89ab,deny_fbfc89ab_combo_1,dynamodb:DeleteItem,arn:aws:s3:::bucket/document.txt,arn:aws:iam::999888777666:PrincipalOrgID}:root,{'StringEquals': {'aws:RequestedRegion': 'us-east-1'}},deny,deny,unsat,True
policy_7_iter_1.json,,/home/bhall2/Documents/fixmypolicy/FL/Experiment-2/temp_validation/val-25-ollama/policy_7_iter_1.json,7,allow_c8ac2a77,Allow,['s3:CreateBucket'],"['arn:aws:s3:::bucket', 'arn:aws:s3:::bucket/logs/app.log']",deny_fbfc89ab,deny_fbfc89ab_combo_2,dynamodb:DeleteItem,arn:aws:s3:::bucket,arn:aws:iam::999888777666:PrincipalOrgID}:root,{'StringEquals': {'aws:RequestedRegion': 'us-east-1'}},deny,deny,unsat,True
policy_7_iter_1.json,,/home/bhall2/Documents/fixmypolicy/FL/Experiment-2/temp_validation/val-25-ollama/policy_7_iter_1.json,7,allow_c8ac2a77,Allow,['s3:CreateBucket'],"['arn:aws:s3:::bucket', 'arn:aws:s3:::bucket/logs/app.log']",deny_fbfc89ab,deny_fbfc89ab_combo_3,dynamodb:DeleteItem,arn:aws:s3:::bucket/logs/app.log,arn:aws:iam::999888777666:PrincipalOrgID}:root,{'StringEquals': {'aws:RequestedRegion': 'us-east-1'}},deny,deny,unsat,True
policy_7_iter_1.json,,/home/bhall2/Documents/fixmypolicy/FL/Experiment-2/temp_validation/val-25-ollama/policy_7_iter_1.json,7,allow_c8ac2a77,Allow,['s3:CreateBucket'],"['arn:aws:s3:::bucket', 'arn:aws:s3:::bucket/logs/app.log']",deny_e6526099,deny_e6526099_combo_1,s3:GetBucketAcl,arn:aws:s3:::completely-different-bucket/file.txt,arn:aws:iam::123456789012:user/alice,{'StringEquals': {'aws:RequestedRegion': 'us-east-1'}},deny,deny,unsat,True
policy_7_iter_1.json,,/home/bhall2/Documents/fixmypolicy/FL/Experiment-2/temp_validation/val-25-ollama/policy_7_iter_1.json,7,allow_c8ac2a77,Allow,['s3:CreateBucket'],"['arn:aws:s3:::bucket', 'arn:aws:s3:::bucket/logs/app.log']",allow_a61e99d7,allow_a61e99d7_combo_1,s3:CreateBucket,arn:aws:s3:::bucket,arn:aws:iam::123456789012:user/bob,{'DateGreaterThan': {'aws:CurrentTime': '2024-01-01T00:00:00Z'}},allow,deny,unsat,False
policy_7_iter_1.json,,/home/bhall2/Documents/fixmypolicy/FL/Experiment-2/temp_validation/val-25-ollama/policy_7_iter_1.json,7,allow_c8ac2a77,Allow,['s3:CreateBucket'],"['arn:aws:s3:::bucket', 'arn:aws:s3:::bucket/logs/app.log']",allow_a61e99d7,allow_a61e99d7_combo_2,s3:CreateBucket,arn:aws:s3:::bucket/temp/upload.tmp,arn:aws:iam::123456789012:user/bob,{'DateGreaterThan': {'aws:CurrentTime': '2024-01-01T00:00:00Z'}},allow,deny,unsat,False
policy_7_iter_1.json,,/home/bhall2/Documents/fixmypolicy/FL/Experiment-2/temp_validation/val-25-ollama/policy_7_iter_1.json,7,allow_c8ac2a77,Allow,['s3:CreateBucket'],"['arn:aws:s3:::bucket', 'arn:aws:s3:::bucket/logs/app.log']",deny_41905fdb,deny_41905fdb_combo_1,s3:GetBucketAcl,arn:aws:s3:::bucket-forbidden/file.txt,arn:aws:iam::999888777666:PrincipalOrgID}:root,{'DateGreaterThan': {'aws:CurrentTime': '2024-01-01T00:00:00Z'}},deny,deny,unsat,True
policy_7_iter_1.json,,/home/bhall2/Documents/fixmypolicy/FL/Experiment-2/temp_validation/val-25-ollama/policy_7_iter_1.json,7,allow_c8ac2a77,Allow,['s3:CreateBucket'],"['arn:aws:s3:::bucket', 'arn:aws:s3:::bucket/logs/app.log']",deny_b3141f4b,deny_b3141f4b_combo_1,iam:CreateUser,arn:aws:s3:::bucket/document.txt,arn:aws:iam::999888777666:PrincipalOrgID}:root,{'DateGreaterThan': {'aws:CurrentTime': '2024-01-01T00:00:00Z'}},deny,deny,unsat,True
policy_7_iter_1.json,,/home/bhall2/Documents/fixmypolicy/FL/Experiment-2/temp_validation/val-25-ollama/policy_7_iter_1.json,7,allow_c8ac2a77,Allow,['s3:CreateBucket'],"['arn:aws:s3:::bucket', 'arn:aws:s3:::bucket/logs/app.log']",allow_94546383,allow_94546383_combo_1,s3:DeleteBucket,arn:aws:s3:::bucket/logs/app.log,arn:aws:iam::${aws:PrincipalOrgID}:root,"{'StringEquals': {'s3:prefix': ['home/${aws:userid}/', 'home/${aws:username}']}}",allow,deny,unsat,False
policy_7_iter_1.json,,/home/bhall2/Documents/fixmypolicy/FL/Experiment-2/temp_validation/val-25-ollama/policy_7_iter_1.json,7,allow_c8ac2a77,Allow,['s3:CreateBucket'],"['arn:aws:s3:::bucket', 'arn:aws:s3:::bucket/logs/app.log']",allow_94546383,allow_94546383_combo_2,s3:DeleteBucket,arn:aws:s3:::bucket/data/file.json,arn:aws:iam::${aws:PrincipalOrgID}:root,"{'StringEquals': {'s3:prefix': ['home/${aws:userid}/', 'home/${aws:username}']}}",allow,deny,unsat,False
policy_7_iter_1.json,,/home/bhall2/Documents/fixmypolicy/FL/Experiment-2/temp_validation/val-25-ollama/policy_7_iter_1.json,7,allow_c8ac2a77,Allow,['s3:CreateBucket'],"['arn:aws:s3:::bucket', 'arn:aws:s3:::bucket/logs/app.log']",allow_94546383,allow_94546383_combo_3,s3:DeleteBucket,arn:aws:s3:::bucket/temp/upload.tmp,arn:aws:iam::${aws:PrincipalOrgID}:root,"{'StringEquals': {'s3:prefix': ['home/${aws:userid}/', 'home/${aws:username}']}}",allow,deny,unsat,False
policy_7_iter_1.json,,/home/bhall2/Documents/fixmypolicy/FL/Experiment-2/temp_validation/val-25-ollama/policy_7_iter_1.json,7,allow_c8ac2a77,Allow,['s3:CreateBucket'],"['arn:aws:s3:::bucket', 'arn:aws:s3:::bucket/logs/app.log']",allow_742d3572,allow_742d3572_combo_1,s3:PutObject,arn:aws:s3:::bucket,arn:aws:iam::${aws:PrincipalOrgID}:root,"{'StringEquals': {'s3:prefix': ['home/${aws:userid}/', 'home/${aws:username}']}}",allow,deny,unsat,False
policy_7_iter_1.json,,/home/bhall2/Documents/fixmypolicy/FL/Experiment-2/temp_validation/val-25-ollama/policy_7_iter_1.json,7,allow_c8ac2a77,Allow,['s3:CreateBucket'],"['arn:aws:s3:::bucket', 'arn:aws:s3:::bucket/logs/app.log']",allow_742d3572,allow_742d3572_combo_2,s3:PutObject,arn:aws:s3:::bucket/document.txt,arn:aws:iam::${aws:PrincipalOrgID}:root,"{'StringEquals': {'s3:prefix': ['home/${aws:userid}/', 'home/${aws:username}']}}",allow,deny,unsat,False
policy_7_iter_1.json,,/home/bhall2/Documents/fixmypolicy/FL/Experiment-2/temp_validation/val-25-ollama/policy_7_iter_1.json,7,allow_c8ac2a77,Allow,['s3:CreateBucket'],"['arn:aws:s3:::bucket', 'arn:aws:s3:::bucket/logs/app.log']",deny_927fb97a,deny_927fb97a_combo_1,s3:PutBucketPolicy,arn:aws:s3:::bucket-forbidden/file.txt,arn:aws:iam::123456789012:user/alice,{'StringEquals': {'aws:RequestedRegion': 'us-west-2'}},deny,deny,unsat,True
policy_7_iter_1.json,,/home/bhall2/Documents/fixmypolicy/FL/Experiment-2/temp_validation/val-25-ollama/policy_7_iter_1.json,7,allow_c8ac2a77,Allow,['s3:CreateBucket'],"['arn:aws:s3:::bucket', 'arn:aws:s3:::bucket/logs/app.log']",allow_8e41fd6f,allow_8e41fd6f_combo_1,s3:PutBucketPolicy,arn:aws:s3:::bucket/logs/app.log,arn:aws:iam::${aws:PrincipalOrgID}:root,"{'StringEquals': {'s3:prefix': ['home/${aws:userid}/', 'home/${aws:username}']}}",allow,deny,unsat,False
policy_7_iter_1.json,,/home/bhall2/Documents/fixmypolicy/FL/Experiment-2/temp_validation/val-25-ollama/policy_7_iter_1.json,7,allow_c8ac2a77,Allow,['s3:CreateBucket'],"['arn:aws:s3:::bucket', 'arn:aws:s3:::bucket/logs/app.log']",allow_8e41fd6f,allow_8e41fd6f_combo_2,s3:PutBucketPolicy,arn:aws:s3:::bucket/document.txt,arn:aws:iam::${aws:PrincipalOrgID}:root,"{'StringEquals': {'s3:prefix': ['home/${aws:userid}/', 'home/${aws:username}']}}",allow,deny,unsat,False
policy_7_iter_1.json,,/home/bhall2/Documents/fixmypolicy/FL/Experiment-2/temp_validation/val-25-ollama/policy_7_iter_1.json,7,allow_c8ac2a77,Allow,['s3:CreateBucket'],"['arn:aws:s3:::bucket', 'arn:aws:s3:::bucket/logs/app.log']",allow_8e41fd6f,allow_8e41fd6f_combo_3,s3:PutBucketPolicy,arn:aws:s3:::bucket,arn:aws:iam::${aws:PrincipalOrgID}:root,"{'StringEquals': {'s3:prefix': ['home/${aws:userid}/', 'home/${aws:username}']}}",allow,deny,unsat,False
policy_7_iter_1.json,,/home/bhall2/Documents/fixmypolicy/FL/Experiment-2/temp_validation/val-25-ollama/policy_7_iter_1.json,7,allow_c8ac2a77,Allow,['s3:CreateBucket'],"['arn:aws:s3:::bucket', 'arn:aws:s3:::bucket/logs/app.log']",deny_7882b319,deny_7882b319_combo_1,ec2:DescribeInstances,arn:aws:s3:::bucket,arn:aws:iam::${aws:PrincipalOrgID}:root,"{'StringEquals': {'s3:prefix': ['home/${aws:userid}/', 'home/${aws:username}']}}",deny,deny,unsat,True
policy_7_iter_1.json,,/home/bhall2/Documents/fixmypolicy/FL/Experiment-2/temp_validation/val-25-ollama/policy_7_iter_1.json,7,allow_c8ac2a77,Allow,['s3:CreateBucket'],"['arn:aws:s3:::bucket', 'arn:aws:s3:::bucket/logs/app.log']",deny_90bb3417,deny_90bb3417_combo_1,s3:ListBucket,arn:aws:s3:::different-bucket/file.txt,arn:aws:iam::${aws:PrincipalOrgID}:root,"{'StringEquals': {'s3:prefix': ['home/${aws:userid}/', 'home/${aws:username}']}}",deny,deny,unsat,True
policy_7_iter_1.json,,/home/bhall2/Documents/fixmypolicy/FL/Experiment-2/temp_validation/val-25-ollama/policy_7_iter_1.json,7,allow_c8ac2a77,Allow,['s3:CreateBucket'],"['arn:aws:s3:::bucket', 'arn:aws:s3:::bucket/logs/app.log']",deny_6e715d5d,deny_6e715d5d_combo_1,iam:CreateUser,arn:aws:s3:::bucket/document.txt,arn:aws:iam::123456789012:user/alice,{'DateLessThan': {'aws:CurrentTime': '2025-12-31T23:59:59Z'}},deny,deny,unsat,True
policy_7_iter_1.json,,/home/bhall2/Documents/fixmypolicy/FL/Experiment-2/temp_validation/val-25-ollama/policy_7_iter_1.json,7,allow_c8ac2a77,Allow,['s3:CreateBucket'],"['arn:aws:s3:::bucket', 'arn:aws:s3:::bucket/logs/app.log']",allow_c8ac2a77,allow_c8ac2a77_combo_1,s3:CreateBucket,arn:aws:s3:::bucket,arn:aws:iam::${aws:PrincipalOrgID}:root,"{'StringEquals': {'s3:prefix': ['home/${aws:userid}/', 'home/${aws:username}']}}",allow,allow,sat,True
policy_7_iter_1.json,,/home/bhall2/Documents/fixmypolicy/FL/Experiment-2/temp_validation/val-25-ollama/policy_7_iter_1.json,7,allow_c8ac2a77,Allow,['s3:CreateBucket'],"['arn:aws:s3:::bucket', 'arn:aws:s3:::bucket/logs/app.log']",allow_c8ac2a77,allow_c8ac2a77_combo_2,s3:CreateBucket,arn:aws:s3:::bucket/logs/app.log,arn:aws:iam::${aws:PrincipalOrgID}:root,"{'StringEquals': {'s3:prefix': ['home/${aws:userid}/', 'home/${aws:username}']}}",allow,allow,sat,True
policy_7_iter_1.json,,/home/bhall2/Documents/fixmypolicy/FL/Experiment-2/temp_validation/val-25-ollama/policy_7_iter_1.json,8,deny_fbfc89ab,Deny,['dynamodb:DeleteItem'],"['arn:aws:s3:::bucket/document.txt', 'arn:aws:s3:::bucket', 'arn:aws:s3:::bucket/logs/app.log']",allow_4193f4bf,allow_4193f4bf_combo_1,s3:GetBucketAcl,arn:aws:s3:::bucket,arn:aws:iam::${aws:PrincipalOrgID}:root,"{'StringEquals': {'s3:prefix': ['home/${aws:userid}/', 'home/${aws:username}']}}",allow,deny,unsat,False
policy_7_iter_1.json,,/home/bhall2/Documents/fixmypolicy/FL/Experiment-2/temp_validation/val-25-ollama/policy_7_iter_1.json,8,deny_fbfc89ab,Deny,['dynamodb:DeleteItem'],"['arn:aws:s3:::bucket/document.txt', 'arn:aws:s3:::bucket', 'arn:aws:s3:::bucket/logs/app.log']",allow_4193f4bf,allow_4193f4bf_combo_2,s3:GetBucketAcl,arn:aws:s3:::bucket/temp/upload.tmp,arn:aws:iam::${aws:PrincipalOrgID}:root,"{'StringEquals': {'s3:prefix': ['home/${aws:userid}/', 'home/${aws:username}']}}",allow,deny,unsat,False
policy_7_iter_1.json,,/home/bhall2/Documents/fixmypolicy/FL/Experiment-2/temp_validation/val-25-ollama/policy_7_iter_1.json,8,deny_fbfc89ab,Deny,['dynamodb:DeleteItem'],"['arn:aws:s3:::bucket/document.txt', 'arn:aws:s3:::bucket', 'arn:aws:s3:::bucket/logs/app.log']",allow_4193f4bf,allow_4193f4bf_combo_3,s3:GetBucketAcl,arn:aws:s3:::bucket/data/file.json,arn:aws:iam::${aws:PrincipalOrgID}:root,"{'StringEquals': {'s3:prefix': ['home/${aws:userid}/', 'home/${aws:username}']}}",allow,deny,unsat,False
policy_7_iter_1.json,,/home/bhall2/Documents/fixmypolicy/FL/Experiment-2/temp_validation/val-25-ollama/policy_7_iter_1.json,8,deny_fbfc89ab,Deny,['dynamodb:DeleteItem'],"['arn:aws:s3:::bucket/document.txt', 'arn:aws:s3:::bucket', 'arn:aws:s3:::bucket/logs/app.log']",deny_fbfc89ab,deny_fbfc89ab_combo_1,dynamodb:DeleteItem,arn:aws:s3:::bucket/document.txt,arn:aws:iam::999888777666:PrincipalOrgID}:root,{'StringEquals': {'aws:RequestedRegion': 'us-east-1'}},deny,deny,unsat,True
policy_7_iter_1.json,,/home/bhall2/Documents/fixmypolicy/FL/Experiment-2/temp_validation/val-25-ollama/policy_7_iter_1.json,8,deny_fbfc89ab,Deny,['dynamodb:DeleteItem'],"['arn:aws:s3:::bucket/document.txt', 'arn:aws:s3:::bucket', 'arn:aws:s3:::bucket/logs/app.log']",deny_fbfc89ab,deny_fbfc89ab_combo_2,dynamodb:DeleteItem,arn:aws:s3:::bucket,arn:aws:iam::999888777666:PrincipalOrgID}:root,{'StringEquals': {'aws:RequestedRegion': 'us-east-1'}},deny,deny,unsat,True
policy_7_iter_1.json,,/home/bhall2/Documents/fixmypolicy/FL/Experiment-2/temp_validation/val-25-ollama/policy_7_iter_1.json,8,deny_fbfc89ab,Deny,['dynamodb:DeleteItem'],"['arn:aws:s3:::bucket/document.txt', 'arn:aws:s3:::bucket', 'arn:aws:s3:::bucket/logs/app.log']",deny_fbfc89ab,deny_fbfc89ab_combo_3,dynamodb:DeleteItem,arn:aws:s3:::bucket/logs/app.log,arn:aws:iam::999888777666:PrincipalOrgID}:root,{'StringEquals': {'aws:RequestedRegion': 'us-east-1'}},deny,deny,unsat,True
policy_7_iter_1.json,,/home/bhall2/Documents/fixmypolicy/FL/Experiment-2/temp_validation/val-25-ollama/policy_7_iter_1.json,8,deny_fbfc89ab,Deny,['dynamodb:DeleteItem'],"['arn:aws:s3:::bucket/document.txt', 'arn:aws:s3:::bucket', 'arn:aws:s3:::bucket/logs/app.log']",deny_e6526099,deny_e6526099_combo_1,s3:GetBucketAcl,arn:aws:s3:::completely-different-bucket/file.txt,arn:aws:iam::123456789012:user/alice,{'StringEquals': {'aws:RequestedRegion': 'us-east-1'}},deny,deny,unsat,True
policy_7_iter_1.json,,/home/bhall2/Documents/fixmypolicy/FL/Experiment-2/temp_validation/val-25-ollama/policy_7_iter_1.json,8,deny_fbfc89ab,Deny,['dynamodb:DeleteItem'],"['arn:aws:s3:::bucket/document.txt', 'arn:aws:s3:::bucket', 'arn:aws:s3:::bucket/logs/app.log']",allow_a61e99d7,allow_a61e99d7_combo_1,s3:CreateBucket,arn:aws:s3:::bucket,arn:aws:iam::123456789012:user/bob,{'DateGreaterThan': {'aws:CurrentTime': '2024-01-01T00:00:00Z'}},allow,deny,unsat,False
policy_7_iter_1.json,,/home/bhall2/Documents/fixmypolicy/FL/Experiment-2/temp_validation/val-25-ollama/policy_7_iter_1.json,8,deny_fbfc89ab,Deny,['dynamodb:DeleteItem'],"['arn:aws:s3:::bucket/document.txt', 'arn:aws:s3:::bucket', 'arn:aws:s3:::bucket/logs/app.log']",allow_a61e99d7,allow_a61e99d7_combo_2,s3:CreateBucket,arn:aws:s3:::bucket/temp/upload.tmp,arn:aws:iam::123456789012:user/bob,{'DateGreaterThan': {'aws:CurrentTime': '2024-01-01T00:00:00Z'}},allow,deny,unsat,False
policy_7_iter_1.json,,/home/bhall2/Documents/fixmypolicy/FL/Experiment-2/temp_validation/val-25-ollama/policy_7_iter_1.json,8,deny_fbfc89ab,Deny,['dynamodb:DeleteItem'],"['arn:aws:s3:::bucket/document.txt', 'arn:aws:s3:::bucket', 'arn:aws:s3:::bucket/logs/app.log']",deny_41905fdb,deny_41905fdb_combo_1,s3:GetBucketAcl,arn:aws:s3:::bucket-forbidden/file.txt,arn:aws:iam::999888777666:PrincipalOrgID}:root,{'DateGreaterThan': {'aws:CurrentTime': '2024-01-01T00:00:00Z'}},deny,deny,unsat,True
policy_7_iter_1.json,,/home/bhall2/Documents/fixmypolicy/FL/Experiment-2/temp_validation/val-25-ollama/policy_7_iter_1.json,8,deny_fbfc89ab,Deny,['dynamodb:DeleteItem'],"['arn:aws:s3:::bucket/document.txt', 'arn:aws:s3:::bucket', 'arn:aws:s3:::bucket/logs/app.log']",deny_b3141f4b,deny_b3141f4b_combo_1,iam:CreateUser,arn:aws:s3:::bucket/document.txt,arn:aws:iam::999888777666:PrincipalOrgID}:root,{'DateGreaterThan': {'aws:CurrentTime': '2024-01-01T00:00:00Z'}},deny,deny,unsat,True
policy_7_iter_1.json,,/home/bhall2/Documents/fixmypolicy/FL/Experiment-2/temp_validation/val-25-ollama/policy_7_iter_1.json,8,deny_fbfc89ab,Deny,['dynamodb:DeleteItem'],"['arn:aws:s3:::bucket/document.txt', 'arn:aws:s3:::bucket', 'arn:aws:s3:::bucket/logs/app.log']",allow_94546383,allow_94546383_combo_1,s3:DeleteBucket,arn:aws:s3:::bucket/logs/app.log,arn:aws:iam::${aws:PrincipalOrgID}:root,"{'StringEquals': {'s3:prefix': ['home/${aws:userid}/', 'home/${aws:username}']}}",allow,deny,unsat,False
policy_7_iter_1.json,,/home/bhall2/Documents/fixmypolicy/FL/Experiment-2/temp_validation/val-25-ollama/policy_7_iter_1.json,8,deny_fbfc89ab,Deny,['dynamodb:DeleteItem'],"['arn:aws:s3:::bucket/document.txt', 'arn:aws:s3:::bucket', 'arn:aws:s3:::bucket/logs/app.log']",allow_94546383,allow_94546383_combo_2,s3:DeleteBucket,arn:aws:s3:::bucket/data/file.json,arn:aws:iam::${aws:PrincipalOrgID}:root,"{'StringEquals': {'s3:prefix': ['home/${aws:userid}/', 'home/${aws:username}']}}",allow,deny,unsat,False
policy_7_iter_1.json,,/home/bhall2/Documents/fixmypolicy/FL/Experiment-2/temp_validation/val-25-ollama/policy_7_iter_1.json,8,deny_fbfc89ab,Deny,['dynamodb:DeleteItem'],"['arn:aws:s3:::bucket/document.txt', 'arn:aws:s3:::bucket', 'arn:aws:s3:::bucket/logs/app.log']",allow_94546383,allow_94546383_combo_3,s3:DeleteBucket,arn:aws:s3:::bucket/temp/upload.tmp,arn:aws:iam::${aws:PrincipalOrgID}:root,"{'StringEquals': {'s3:prefix': ['home/${aws:userid}/', 'home/${aws:username}']}}",allow,deny,unsat,False
policy_7_iter_1.json,,/home/bhall2/Documents/fixmypolicy/FL/Experiment-2/temp_validation/val-25-ollama/policy_7_iter_1.json,8,deny_fbfc89ab,Deny,['dynamodb:DeleteItem'],"['arn:aws:s3:::bucket/document.txt', 'arn:aws:s3:::bucket', 'arn:aws:s3:::bucket/logs/app.log']",allow_742d3572,allow_742d3572_combo_1,s3:PutObject,arn:aws:s3:::bucket,arn:aws:iam::${aws:PrincipalOrgID}:root,"{'StringEquals': {'s3:prefix': ['home/${aws:userid}/', 'home/${aws:username}']}}",allow,deny,unsat,False
policy_7_iter_1.json,,/home/bhall2/Documents/fixmypolicy/FL/Experiment-2/temp_validation/val-25-ollama/policy_7_iter_1.json,8,deny_fbfc89ab,Deny,['dynamodb:DeleteItem'],"['arn:aws:s3:::bucket/document.txt', 'arn:aws:s3:::bucket', 'arn:aws:s3:::bucket/logs/app.log']",allow_742d3572,allow_742d3572_combo_2,s3:PutObject,arn:aws:s3:::bucket/document.txt,arn:aws:iam::${aws:PrincipalOrgID}:root,"{'StringEquals': {'s3:prefix': ['home/${aws:userid}/', 'home/${aws:username}']}}",allow,deny,unsat,False
policy_7_iter_1.json,,/home/bhall2/Documents/fixmypolicy/FL/Experiment-2/temp_validation/val-25-ollama/policy_7_iter_1.json,8,deny_fbfc89ab,Deny,['dynamodb:DeleteItem'],"['arn:aws:s3:::bucket/document.txt', 'arn:aws:s3:::bucket', 'arn:aws:s3:::bucket/logs/app.log']",deny_927fb97a,deny_927fb97a_combo_1,s3:PutBucketPolicy,arn:aws:s3:::bucket-forbidden/file.txt,arn:aws:iam::123456789012:user/alice,{'StringEquals': {'aws:RequestedRegion': 'us-west-2'}},deny,deny,unsat,True
policy_7_iter_1.json,,/home/bhall2/Documents/fixmypolicy/FL/Experiment-2/temp_validation/val-25-ollama/policy_7_iter_1.json,8,deny_fbfc89ab,Deny,['dynamodb:DeleteItem'],"['arn:aws:s3:::bucket/document.txt', 'arn:aws:s3:::bucket', 'arn:aws:s3:::bucket/logs/app.log']",allow_8e41fd6f,allow_8e41fd6f_combo_1,s3:PutBucketPolicy,arn:aws:s3:::bucket/logs/app.log,arn:aws:iam::${aws:PrincipalOrgID}:root,"{'StringEquals': {'s3:prefix': ['home/${aws:userid}/', 'home/${aws:username}']}}",allow,deny,unsat,False
policy_7_iter_1.json,,/home/bhall2/Documents/fixmypolicy/FL/Experiment-2/temp_validation/val-25-ollama/policy_7_iter_1.json,8,deny_fbfc89ab,Deny,['dynamodb:DeleteItem'],"['arn:aws:s3:::bucket/document.txt', 'arn:aws:s3:::bucket', 'arn:aws:s3:::bucket/logs/app.log']",allow_8e41fd6f,allow_8e41fd6f_combo_2,s3:PutBucketPolicy,arn:aws:s3:::bucket/document.txt,arn:aws:iam::${aws:PrincipalOrgID}:root,"{'StringEquals': {'s3:prefix': ['home/${aws:userid}/', 'home/${aws:username}']}}",allow,deny,unsat,False
policy_7_iter_1.json,,/home/bhall2/Documents/fixmypolicy/FL/Experiment-2/temp_validation/val-25-ollama/policy_7_iter_1.json,8,deny_fbfc89ab,Deny,['dynamodb:DeleteItem'],"['arn:aws:s3:::bucket/document.txt', 'arn:aws:s3:::bucket', 'arn:aws:s3:::bucket/logs/app.log']",allow_8e41fd6f,allow_8e41fd6f_combo_3,s3:PutBucketPolicy,arn:aws:s3:::bucket,arn:aws:iam::${aws:PrincipalOrgID}:root,"{'StringEquals': {'s3:prefix': ['home/${aws:userid}/', 'home/${aws:username}']}}",allow,deny,unsat,False
policy_7_iter_1.json,,/home/bhall2/Documents/fixmypolicy/FL/Experiment-2/temp_validation/val-25-ollama/policy_7_iter_1.json,8,deny_fbfc89ab,Deny,['dynamodb:DeleteItem'],"['arn:aws:s3:::bucket/document.txt', 'arn:aws:s3:::bucket', 'arn:aws:s3:::bucket/logs/app.log']",deny_7882b319,deny_7882b319_combo_1,ec2:DescribeInstances,arn:aws:s3:::bucket,arn:aws:iam::${aws:PrincipalOrgID}:root,"{'StringEquals': {'s3:prefix': ['home/${aws:userid}/', 'home/${aws:username}']}}",deny,deny,unsat,True
policy_7_iter_1.json,,/home/bhall2/Documents/fixmypolicy/FL/Experiment-2/temp_validation/val-25-ollama/policy_7_iter_1.json,8,deny_fbfc89ab,Deny,['dynamodb:DeleteItem'],"['arn:aws:s3:::bucket/document.txt', 'arn:aws:s3:::bucket', 'arn:aws:s3:::bucket/logs/app.log']",deny_90bb3417,deny_90bb3417_combo_1,s3:ListBucket,arn:aws:s3:::different-bucket/file.txt,arn:aws:iam::${aws:PrincipalOrgID}:root,"{'StringEquals': {'s3:prefix': ['home/${aws:userid}/', 'home/${aws:username}']}}",deny,deny,unsat,True
policy_7_iter_1.json,,/home/bhall2/Documents/fixmypolicy/FL/Experiment-2/temp_validation/val-25-ollama/policy_7_iter_1.json,8,deny_fbfc89ab,Deny,['dynamodb:DeleteItem'],"['arn:aws:s3:::bucket/document.txt', 'arn:aws:s3:::bucket', 'arn:aws:s3:::bucket/logs/app.log']",deny_6e715d5d,deny_6e715d5d_combo_1,iam:CreateUser,arn:aws:s3:::bucket/document.txt,arn:aws:iam::123456789012:user/alice,{'DateLessThan': {'aws:CurrentTime': '2025-12-31T23:59:59Z'}},deny,deny,unsat,True
policy_7_iter_1.json,,/home/bhall2/Documents/fixmypolicy/FL/Experiment-2/temp_validation/val-25-ollama/policy_7_iter_1.json,8,deny_fbfc89ab,Deny,['dynamodb:DeleteItem'],"['arn:aws:s3:::bucket/document.txt', 'arn:aws:s3:::bucket', 'arn:aws:s3:::bucket/logs/app.log']",allow_c8ac2a77,allow_c8ac2a77_combo_1,s3:CreateBucket,arn:aws:s3:::bucket,arn:aws:iam::${aws:PrincipalOrgID}:root,"{'StringEquals': {'s3:prefix': ['home/${aws:userid}/', 'home/${aws:username}']}}",allow,deny,unsat,False
policy_7_iter_1.json,,/home/bhall2/Documents/fixmypolicy/FL/Experiment-2/temp_validation/val-25-ollama/policy_7_iter_1.json,8,deny_fbfc89ab,Deny,['dynamodb:DeleteItem'],"['arn:aws:s3:::bucket/document.txt', 'arn:aws:s3:::bucket', 'arn:aws:s3:::bucket/logs/app.log']",allow_c8ac2a77,allow_c8ac2a77_combo_2,s3:CreateBucket,arn:aws:s3:::bucket/logs/app.log,arn:aws:iam::${aws:PrincipalOrgID}:root,"{'StringEquals': {'s3:prefix': ['home/${aws:userid}/', 'home/${aws:username}']}}",allow,deny,unsat,False
policy_7_iter_1.json,,/home/bhall2/Documents/fixmypolicy/FL/Experiment-2/temp_validation/val-25-ollama/policy_7_iter_1.json,9,deny_e6526099,Deny,['s3:GetBucketAcl'],['arn:aws:s3:::completely-different-bucket/file.txt'],allow_4193f4bf,allow_4193f4bf_combo_1,s3:GetBucketAcl,arn:aws:s3:::bucket,arn:aws:iam::${aws:PrincipalOrgID}:root,"{'StringEquals': {'s3:prefix': ['home/${aws:userid}/', 'home/${aws:username}']}}",allow,deny,unsat,False
policy_7_iter_1.json,,/home/bhall2/Documents/fixmypolicy/FL/Experiment-2/temp_validation/val-25-ollama/policy_7_iter_1.json,9,deny_e6526099,Deny,['s3:GetBucketAcl'],['arn:aws:s3:::completely-different-bucket/file.txt'],allow_4193f4bf,allow_4193f4bf_combo_2,s3:GetBucketAcl,arn:aws:s3:::bucket/temp/upload.tmp,arn:aws:iam::${aws:PrincipalOrgID}:root,"{'StringEquals': {'s3:prefix': ['home/${aws:userid}/', 'home/${aws:username}']}}",allow,deny,unsat,False
policy_7_iter_1.json,,/home/bhall2/Documents/fixmypolicy/FL/Experiment-2/temp_validation/val-25-ollama/policy_7_iter_1.json,9,deny_e6526099,Deny,['s3:GetBucketAcl'],['arn:aws:s3:::completely-different-bucket/file.txt'],allow_4193f4bf,allow_4193f4bf_combo_3,s3:GetBucketAcl,arn:aws:s3:::bucket/data/file.json,arn:aws:iam::${aws:PrincipalOrgID}:root,"{'StringEquals': {'s3:prefix': ['home/${aws:userid}/', 'home/${aws:username}']}}",allow,deny,unsat,False
policy_7_iter_1.json,,/home/bhall2/Documents/fixmypolicy/FL/Experiment-2/temp_validation/val-25-ollama/policy_7_iter_1.json,9,deny_e6526099,Deny,['s3:GetBucketAcl'],['arn:aws:s3:::completely-different-bucket/file.txt'],deny_fbfc89ab,deny_fbfc89ab_combo_1,dynamodb:DeleteItem,arn:aws:s3:::bucket/document.txt,arn:aws:iam::999888777666:PrincipalOrgID}:root,{'StringEquals': {'aws:RequestedRegion': 'us-east-1'}},deny,deny,unsat,True
policy_7_iter_1.json,,/home/bhall2/Documents/fixmypolicy/FL/Experiment-2/temp_validation/val-25-ollama/policy_7_iter_1.json,9,deny_e6526099,Deny,['s3:GetBucketAcl'],['arn:aws:s3:::completely-different-bucket/file.txt'],deny_fbfc89ab,deny_fbfc89ab_combo_2,dynamodb:DeleteItem,arn:aws:s3:::bucket,arn:aws:iam::999888777666:PrincipalOrgID}:root,{'StringEquals': {'aws:RequestedRegion': 'us-east-1'}},deny,deny,unsat,True
policy_7_iter_1.json,,/home/bhall2/Documents/fixmypolicy/FL/Experiment-2/temp_validation/val-25-ollama/policy_7_iter_1.json,9,deny_e6526099,Deny,['s3:GetBucketAcl'],['arn:aws:s3:::completely-different-bucket/file.txt'],deny_fbfc89ab,deny_fbfc89ab_combo_3,dynamodb:DeleteItem,arn:aws:s3:::bucket/logs/app.log,arn:aws:iam::999888777666:PrincipalOrgID}:root,{'StringEquals': {'aws:RequestedRegion': 'us-east-1'}},deny,deny,unsat,True
policy_7_iter_1.json,,/home/bhall2/Documents/fixmypolicy/FL/Experiment-2/temp_validation/val-25-ollama/policy_7_iter_1.json,9,deny_e6526099,Deny,['s3:GetBucketAcl'],['arn:aws:s3:::completely-different-bucket/file.txt'],deny_e6526099,deny_e6526099_combo_1,s3:GetBucketAcl,arn:aws:s3:::completely-different-bucket/file.txt,arn:aws:iam::123456789012:user/alice,{'StringEquals': {'aws:RequestedRegion': 'us-east-1'}},deny,deny,unsat,True
policy_7_iter_1.json,,/home/bhall2/Documents/fixmypolicy/FL/Experiment-2/temp_validation/val-25-ollama/policy_7_iter_1.json,9,deny_e6526099,Deny,['s3:GetBucketAcl'],['arn:aws:s3:::completely-different-bucket/file.txt'],allow_a61e99d7,allow_a61e99d7_combo_1,s3:CreateBucket,arn:aws:s3:::bucket,arn:aws:iam::123456789012:user/bob,{'DateGreaterThan': {'aws:CurrentTime': '2024-01-01T00:00:00Z'}},allow,deny,unsat,False
policy_7_iter_1.json,,/home/bhall2/Documents/fixmypolicy/FL/Experiment-2/temp_validation/val-25-ollama/policy_7_iter_1.json,9,deny_e6526099,Deny,['s3:GetBucketAcl'],['arn:aws:s3:::completely-different-bucket/file.txt'],allow_a61e99d7,allow_a61e99d7_combo_2,s3:CreateBucket,arn:aws:s3:::bucket/temp/upload.tmp,arn:aws:iam::123456789012:user/bob,{'DateGreaterThan': {'aws:CurrentTime': '2024-01-01T00:00:00Z'}},allow,deny,unsat,False
policy_7_iter_1.json,,/home/bhall2/Documents/fixmypolicy/FL/Experiment-2/temp_validation/val-25-ollama/policy_7_iter_1.json,9,deny_e6526099,Deny,['s3:GetBucketAcl'],['arn:aws:s3:::completely-different-bucket/file.txt'],deny_41905fdb,deny_41905fdb_combo_1,s3:GetBucketAcl,arn:aws:s3:::bucket-forbidden/file.txt,arn:aws:iam::999888777666:PrincipalOrgID}:root,{'DateGreaterThan': {'aws:CurrentTime': '2024-01-01T00:00:00Z'}},deny,deny,unsat,True
policy_7_iter_1.json,,/home/bhall2/Documents/fixmypolicy/FL/Experiment-2/temp_validation/val-25-ollama/policy_7_iter_1.json,9,deny_e6526099,Deny,['s3:GetBucketAcl'],['arn:aws:s3:::completely-different-bucket/file.txt'],deny_b3141f4b,deny_b3141f4b_combo_1,iam:CreateUser,arn:aws:s3:::bucket/document.txt,arn:aws:iam::999888777666:PrincipalOrgID}:root,{'DateGreaterThan': {'aws:CurrentTime': '2024-01-01T00:00:00Z'}},deny,deny,unsat,True
policy_7_iter_1.json,,/home/bhall2/Documents/fixmypolicy/FL/Experiment-2/temp_validation/val-25-ollama/policy_7_iter_1.json,9,deny_e6526099,Deny,['s3:GetBucketAcl'],['arn:aws:s3:::completely-different-bucket/file.txt'],allow_94546383,allow_94546383_combo_1,s3:DeleteBucket,arn:aws:s3:::bucket/logs/app.log,arn:aws:iam::${aws:PrincipalOrgID}:root,"{'StringEquals': {'s3:prefix': ['home/${aws:userid}/', 'home/${aws:username}']}}",allow,deny,unsat,False
policy_7_iter_1.json,,/home/bhall2/Documents/fixmypolicy/FL/Experiment-2/temp_validation/val-25-ollama/policy_7_iter_1.json,9,deny_e6526099,Deny,['s3:GetBucketAcl'],['arn:aws:s3:::completely-different-bucket/file.txt'],allow_94546383,allow_94546383_combo_2,s3:DeleteBucket,arn:aws:s3:::bucket/data/file.json,arn:aws:iam::${aws:PrincipalOrgID}:root,"{'StringEquals': {'s3:prefix': ['home/${aws:userid}/', 'home/${aws:username}']}}",allow,deny,unsat,False
policy_7_iter_1.json,,/home/bhall2/Documents/fixmypolicy/FL/Experiment-2/temp_validation/val-25-ollama/policy_7_iter_1.json,9,deny_e6526099,Deny,['s3:GetBucketAcl'],['arn:aws:s3:::completely-different-bucket/file.txt'],allow_94546383,allow_94546383_combo_3,s3:DeleteBucket,arn:aws:s3:::bucket/temp/upload.tmp,arn:aws:iam::${aws:PrincipalOrgID}:root,"{'StringEquals': {'s3:prefix': ['home/${aws:userid}/', 'home/${aws:username}']}}",allow,deny,unsat,False
policy_7_iter_1.json,,/home/bhall2/Documents/fixmypolicy/FL/Experiment-2/temp_validation/val-25-ollama/policy_7_iter_1.json,9,deny_e6526099,Deny,['s3:GetBucketAcl'],['arn:aws:s3:::completely-different-bucket/file.txt'],allow_742d3572,allow_742d3572_combo_1,s3:PutObject,arn:aws:s3:::bucket,arn:aws:iam::${aws:PrincipalOrgID}:root,"{'StringEquals': {'s3:prefix': ['home/${aws:userid}/', 'home/${aws:username}']}}",allow,deny,unsat,False
policy_7_iter_1.json,,/home/bhall2/Documents/fixmypolicy/FL/Experiment-2/temp_validation/val-25-ollama/policy_7_iter_1.json,9,deny_e6526099,Deny,['s3:GetBucketAcl'],['arn:aws:s3:::completely-different-bucket/file.txt'],allow_742d3572,allow_742d3572_combo_2,s3:PutObject,arn:aws:s3:::bucket/document.txt,arn:aws:iam::${aws:PrincipalOrgID}:root,"{'StringEquals': {'s3:prefix': ['home/${aws:userid}/', 'home/${aws:username}']}}",allow,deny,unsat,False
policy_7_iter_1.json,,/home/bhall2/Documents/fixmypolicy/FL/Experiment-2/temp_validation/val-25-ollama/policy_7_iter_1.json,9,deny_e6526099,Deny,['s3:GetBucketAcl'],['arn:aws:s3:::completely-different-bucket/file.txt'],deny_927fb97a,deny_927fb97a_combo_1,s3:PutBucketPolicy,arn:aws:s3:::bucket-forbidden/file.txt,arn:aws:iam::123456789012:user/alice,{'StringEquals': {'aws:RequestedRegion': 'us-west-2'}},deny,deny,unsat,True
policy_7_iter_1.json,,/home/bhall2/Documents/fixmypolicy/FL/Experiment-2/temp_validation/val-25-ollama/policy_7_iter_1.json,9,deny_e6526099,Deny,['s3:GetBucketAcl'],['arn:aws:s3:::completely-different-bucket/file.txt'],allow_8e41fd6f,allow_8e41fd6f_combo_1,s3:PutBucketPolicy,arn:aws:s3:::bucket/logs/app.log,arn:aws:iam::${aws:PrincipalOrgID}:root,"{'StringEquals': {'s3:prefix': ['home/${aws:userid}/', 'home/${aws:username}']}}",allow,deny,unsat,False
policy_7_iter_1.json,,/home/bhall2/Documents/fixmypolicy/FL/Experiment-2/temp_validation/val-25-ollama/policy_7_iter_1.json,9,deny_e6526099,Deny,['s3:GetBucketAcl'],['arn:aws:s3:::completely-different-bucket/file.txt'],allow_8e41fd6f,allow_8e41fd6f_combo_2,s3:PutBucketPolicy,arn:aws:s3:::bucket/document.txt,arn:aws:iam::${aws:PrincipalOrgID}:root,"{'StringEquals': {'s3:prefix': ['home/${aws:userid}/', 'home/${aws:username}']}}",allow,deny,unsat,False
policy_7_iter_1.json,,/home/bhall2/Documents/fixmypolicy/FL/Experiment-2/temp_validation/val-25-ollama/policy_7_iter_1.json,9,deny_e6526099,Deny,['s3:GetBucketAcl'],['arn:aws:s3:::completely-different-bucket/file.txt'],allow_8e41fd6f,allow_8e41fd6f_combo_3,s3:PutBucketPolicy,arn:aws:s3:::bucket,arn:aws:iam::${aws:PrincipalOrgID}:root,"{'StringEquals': {'s3:prefix': ['home/${aws:userid}/', 'home/${aws:username}']}}",allow,deny,unsat,False
policy_7_iter_1.json,,/home/bhall2/Documents/fixmypolicy/FL/Experiment-2/temp_validation/val-25-ollama/policy_7_iter_1.json,9,deny_e6526099,Deny,['s3:GetBucketAcl'],['arn:aws:s3:::completely-different-bucket/file.txt'],deny_7882b319,deny_7882b319_combo_1,ec2:DescribeInstances,arn:aws:s3:::bucket,arn:aws:iam::${aws:PrincipalOrgID}:root,"{'StringEquals': {'s3:prefix': ['home/${aws:userid}/', 'home/${aws:username}']}}",deny,deny,unsat,True
policy_7_iter_1.json,,/home/bhall2/Documents/fixmypolicy/FL/Experiment-2/temp_validation/val-25-ollama/policy_7_iter_1.json,9,deny_e6526099,Deny,['s3:GetBucketAcl'],['arn:aws:s3:::completely-different-bucket/file.txt'],deny_90bb3417,deny_90bb3417_combo_1,s3:ListBucket,arn:aws:s3:::different-bucket/file.txt,arn:aws:iam::${aws:PrincipalOrgID}:root,"{'StringEquals': {'s3:prefix': ['home/${aws:userid}/', 'home/${aws:username}']}}",deny,deny,unsat,True
policy_7_iter_1.json,,/home/bhall2/Documents/fixmypolicy/FL/Experiment-2/temp_validation/val-25-ollama/policy_7_iter_1.json,9,deny_e6526099,Deny,['s3:GetBucketAcl'],['arn:aws:s3:::completely-different-bucket/file.txt'],deny_6e715d5d,deny_6e715d5d_combo_1,iam:CreateUser,arn:aws:s3:::bucket/document.txt,arn:aws:iam::123456789012:user/alice,{'DateLessThan': {'aws:CurrentTime': '2025-12-31T23:59:59Z'}},deny,deny,unsat,True
policy_7_iter_1.json,,/home/bhall2/Documents/fixmypolicy/FL/Experiment-2/temp_validation/val-25-ollama/policy_7_iter_1.json,9,deny_e6526099,Deny,['s3:GetBucketAcl'],['arn:aws:s3:::completely-different-bucket/file.txt'],allow_c8ac2a77,allow_c8ac2a77_combo_1,s3:CreateBucket,arn:aws:s3:::bucket,arn:aws:iam::${aws:PrincipalOrgID}:root,"{'StringEquals': {'s3:prefix': ['home/${aws:userid}/', 'home/${aws:username}']}}",allow,deny,unsat,False
policy_7_iter_1.json,,/home/bhall2/Documents/fixmypolicy/FL/Experiment-2/temp_validation/val-25-ollama/policy_7_iter_1.json,9,deny_e6526099,Deny,['s3:GetBucketAcl'],['arn:aws:s3:::completely-different-bucket/file.txt'],allow_c8ac2a77,allow_c8ac2a77_combo_2,s3:CreateBucket,arn:aws:s3:::bucket/logs/app.log,arn:aws:iam::${aws:PrincipalOrgID}:root,"{'StringEquals': {'s3:prefix': ['home/${aws:userid}/', 'home/${aws:username}']}}",allow,deny,unsat,False
policy_7_iter_1.json,,/home/bhall2/Documents/fixmypolicy/FL/Experiment-2/temp_validation/val-25-ollama/policy_7_iter_1.json,10,deny_41905fdb,Deny,['s3:GetBucketAcl'],['arn:aws:s3:::bucket-forbidden/file.txt'],allow_4193f4bf,allow_4193f4bf_combo_1,s3:GetBucketAcl,arn:aws:s3:::bucket,arn:aws:iam::${aws:PrincipalOrgID}:root,"{'StringEquals': {'s3:prefix': ['home/${aws:userid}/', 'home/${aws:username}']}}",allow,deny,unsat,False
policy_7_iter_1.json,,/home/bhall2/Documents/fixmypolicy/FL/Experiment-2/temp_validation/val-25-ollama/policy_7_iter_1.json,10,deny_41905fdb,Deny,['s3:GetBucketAcl'],['arn:aws:s3:::bucket-forbidden/file.txt'],allow_4193f4bf,allow_4193f4bf_combo_2,s3:GetBucketAcl,arn:aws:s3:::bucket/temp/upload.tmp,arn:aws:iam::${aws:PrincipalOrgID}:root,"{'StringEquals': {'s3:prefix': ['home/${aws:userid}/', 'home/${aws:username}']}}",allow,deny,unsat,False
policy_7_iter_1.json,,/home/bhall2/Documents/fixmypolicy/FL/Experiment-2/temp_validation/val-25-ollama/policy_7_iter_1.json,10,deny_41905fdb,Deny,['s3:GetBucketAcl'],['arn:aws:s3:::bucket-forbidden/file.txt'],allow_4193f4bf,allow_4193f4bf_combo_3,s3:GetBucketAcl,arn:aws:s3:::bucket/data/file.json,arn:aws:iam::${aws:PrincipalOrgID}:root,"{'StringEquals': {'s3:prefix': ['home/${aws:userid}/', 'home/${aws:username}']}}",allow,deny,unsat,False
policy_7_iter_1.json,,/home/bhall2/Documents/fixmypolicy/FL/Experiment-2/temp_validation/val-25-ollama/policy_7_iter_1.json,10,deny_41905fdb,Deny,['s3:GetBucketAcl'],['arn:aws:s3:::bucket-forbidden/file.txt'],deny_fbfc89ab,deny_fbfc89ab_combo_1,dynamodb:DeleteItem,arn:aws:s3:::bucket/document.txt,arn:aws:iam::999888777666:PrincipalOrgID}:root,{'StringEquals': {'aws:RequestedRegion': 'us-east-1'}},deny,deny,unsat,True
policy_7_iter_1.json,,/home/bhall2/Documents/fixmypolicy/FL/Experiment-2/temp_validation/val-25-ollama/policy_7_iter_1.json,10,deny_41905fdb,Deny,['s3:GetBucketAcl'],['arn:aws:s3:::bucket-forbidden/file.txt'],deny_fbfc89ab,deny_fbfc89ab_combo_2,dynamodb:DeleteItem,arn:aws:s3:::bucket,arn:aws:iam::999888777666:PrincipalOrgID}:root,{'StringEquals': {'aws:RequestedRegion': 'us-east-1'}},deny,deny,unsat,True
policy_7_iter_1.json,,/home/bhall2/Documents/fixmypolicy/FL/Experiment-2/temp_validation/val-25-ollama/policy_7_iter_1.json,10,deny_41905fdb,Deny,['s3:GetBucketAcl'],['arn:aws:s3:::bucket-forbidden/file.txt'],deny_fbfc89ab,deny_fbfc89ab_combo_3,dynamodb:DeleteItem,arn:aws:s3:::bucket/logs/app.log,arn:aws:iam::999888777666:PrincipalOrgID}:root,{'StringEquals': {'aws:RequestedRegion': 'us-east-1'}},deny,deny,unsat,True
policy_7_iter_1.json,,/home/bhall2/Documents/fixmypolicy/FL/Experiment-2/temp_validation/val-25-ollama/policy_7_iter_1.json,10,deny_41905fdb,Deny,['s3:GetBucketAcl'],['arn:aws:s3:::bucket-forbidden/file.txt'],deny_e6526099,deny_e6526099_combo_1,s3:GetBucketAcl,arn:aws:s3:::completely-different-bucket/file.txt,arn:aws:iam::123456789012:user/alice,{'StringEquals': {'aws:RequestedRegion': 'us-east-1'}},deny,deny,unsat,True
policy_7_iter_1.json,,/home/bhall2/Documents/fixmypolicy/FL/Experiment-2/temp_validation/val-25-ollama/policy_7_iter_1.json,10,deny_41905fdb,Deny,['s3:GetBucketAcl'],['arn:aws:s3:::bucket-forbidden/file.txt'],allow_a61e99d7,allow_a61e99d7_combo_1,s3:CreateBucket,arn:aws:s3:::bucket,arn:aws:iam::123456789012:user/bob,{'DateGreaterThan': {'aws:CurrentTime': '2024-01-01T00:00:00Z'}},allow,deny,unsat,False
policy_7_iter_1.json,,/home/bhall2/Documents/fixmypolicy/FL/Experiment-2/temp_validation/val-25-ollama/policy_7_iter_1.json,10,deny_41905fdb,Deny,['s3:GetBucketAcl'],['arn:aws:s3:::bucket-forbidden/file.txt'],allow_a61e99d7,allow_a61e99d7_combo_2,s3:CreateBucket,arn:aws:s3:::bucket/temp/upload.tmp,arn:aws:iam::123456789012:user/bob,{'DateGreaterThan': {'aws:CurrentTime': '2024-01-01T00:00:00Z'}},allow,deny,unsat,False
policy_7_iter_1.json,,/home/bhall2/Documents/fixmypolicy/FL/Experiment-2/temp_validation/val-25-ollama/policy_7_iter_1.json,10,deny_41905fdb,Deny,['s3:GetBucketAcl'],['arn:aws:s3:::bucket-forbidden/file.txt'],deny_41905fdb,deny_41905fdb_combo_1,s3:GetBucketAcl,arn:aws:s3:::bucket-forbidden/file.txt,arn:aws:iam::999888777666:PrincipalOrgID}:root,{'DateGreaterThan': {'aws:CurrentTime': '2024-01-01T00:00:00Z'}},deny,deny,unsat,True
policy_7_iter_1.json,,/home/bhall2/Documents/fixmypolicy/FL/Experiment-2/temp_validation/val-25-ollama/policy_7_iter_1.json,10,deny_41905fdb,Deny,['s3:GetBucketAcl'],['arn:aws:s3:::bucket-forbidden/file.txt'],deny_b3141f4b,deny_b3141f4b_combo_1,iam:CreateUser,arn:aws:s3:::bucket/document.txt,arn:aws:iam::999888777666:PrincipalOrgID}:root,{'DateGreaterThan': {'aws:CurrentTime': '2024-01-01T00:00:00Z'}},deny,deny,unsat,True
policy_7_iter_1.json,,/home/bhall2/Documents/fixmypolicy/FL/Experiment-2/temp_validation/val-25-ollama/policy_7_iter_1.json,10,deny_41905fdb,Deny,['s3:GetBucketAcl'],['arn:aws:s3:::bucket-forbidden/file.txt'],allow_94546383,allow_94546383_combo_1,s3:DeleteBucket,arn:aws:s3:::bucket/logs/app.log,arn:aws:iam::${aws:PrincipalOrgID}:root,"{'StringEquals': {'s3:prefix': ['home/${aws:userid}/', 'home/${aws:username}']}}",allow,deny,unsat,False
policy_7_iter_1.json,,/home/bhall2/Documents/fixmypolicy/FL/Experiment-2/temp_validation/val-25-ollama/policy_7_iter_1.json,10,deny_41905fdb,Deny,['s3:GetBucketAcl'],['arn:aws:s3:::bucket-forbidden/file.txt'],allow_94546383,allow_94546383_combo_2,s3:DeleteBucket,arn:aws:s3:::bucket/data/file.json,arn:aws:iam::${aws:PrincipalOrgID}:root,"{'StringEquals': {'s3:prefix': ['home/${aws:userid}/', 'home/${aws:username}']}}",allow,deny,unsat,False
policy_7_iter_1.json,,/home/bhall2/Documents/fixmypolicy/FL/Experiment-2/temp_validation/val-25-ollama/policy_7_iter_1.json,10,deny_41905fdb,Deny,['s3:GetBucketAcl'],['arn:aws:s3:::bucket-forbidden/file.txt'],allow_94546383,allow_94546383_combo_3,s3:DeleteBucket,arn:aws:s3:::bucket/temp/upload.tmp,arn:aws:iam::${aws:PrincipalOrgID}:root,"{'StringEquals': {'s3:prefix': ['home/${aws:userid}/', 'home/${aws:username}']}}",allow,deny,unsat,False
policy_7_iter_1.json,,/home/bhall2/Documents/fixmypolicy/FL/Experiment-2/temp_validation/val-25-ollama/policy_7_iter_1.json,10,deny_41905fdb,Deny,['s3:GetBucketAcl'],['arn:aws:s3:::bucket-forbidden/file.txt'],allow_742d3572,allow_742d3572_combo_1,s3:PutObject,arn:aws:s3:::bucket,arn:aws:iam::${aws:PrincipalOrgID}:root,"{'StringEquals': {'s3:prefix': ['home/${aws:userid}/', 'home/${aws:username}']}}",allow,deny,unsat,False
policy_7_iter_1.json,,/home/bhall2/Documents/fixmypolicy/FL/Experiment-2/temp_validation/val-25-ollama/policy_7_iter_1.json,10,deny_41905fdb,Deny,['s3:GetBucketAcl'],['arn:aws:s3:::bucket-forbidden/file.txt'],allow_742d3572,allow_742d3572_combo_2,s3:PutObject,arn:aws:s3:::bucket/document.txt,arn:aws:iam::${aws:PrincipalOrgID}:root,"{'StringEquals': {'s3:prefix': ['home/${aws:userid}/', 'home/${aws:username}']}}",allow,deny,unsat,False
policy_7_iter_1.json,,/home/bhall2/Documents/fixmypolicy/FL/Experiment-2/temp_validation/val-25-ollama/policy_7_iter_1.json,10,deny_41905fdb,Deny,['s3:GetBucketAcl'],['arn:aws:s3:::bucket-forbidden/file.txt'],deny_927fb97a,deny_927fb97a_combo_1,s3:PutBucketPolicy,arn:aws:s3:::bucket-forbidden/file.txt,arn:aws:iam::123456789012:user/alice,{'StringEquals': {'aws:RequestedRegion': 'us-west-2'}},deny,deny,unsat,True
policy_7_iter_1.json,,/home/bhall2/Documents/fixmypolicy/FL/Experiment-2/temp_validation/val-25-ollama/policy_7_iter_1.json,10,deny_41905fdb,Deny,['s3:GetBucketAcl'],['arn:aws:s3:::bucket-forbidden/file.txt'],allow_8e41fd6f,allow_8e41fd6f_combo_1,s3:PutBucketPolicy,arn:aws:s3:::bucket/logs/app.log,arn:aws:iam::${aws:PrincipalOrgID}:root,"{'StringEquals': {'s3:prefix': ['home/${aws:userid}/', 'home/${aws:username}']}}",allow,deny,unsat,False
policy_7_iter_1.json,,/home/bhall2/Documents/fixmypolicy/FL/Experiment-2/temp_validation/val-25-ollama/policy_7_iter_1.json,10,deny_41905fdb,Deny,['s3:GetBucketAcl'],['arn:aws:s3:::bucket-forbidden/file.txt'],allow_8e41fd6f,allow_8e41fd6f_combo_2,s3:PutBucketPolicy,arn:aws:s3:::bucket/document.txt,arn:aws:iam::${aws:PrincipalOrgID}:root,"{'StringEquals': {'s3:prefix': ['home/${aws:userid}/', 'home/${aws:username}']}}",allow,deny,unsat,False
policy_7_iter_1.json,,/home/bhall2/Documents/fixmypolicy/FL/Experiment-2/temp_validation/val-25-ollama/policy_7_iter_1.json,10,deny_41905fdb,Deny,['s3:GetBucketAcl'],['arn:aws:s3:::bucket-forbidden/file.txt'],allow_8e41fd6f,allow_8e41fd6f_combo_3,s3:PutBucketPolicy,arn:aws:s3:::bucket,arn:aws:iam::${aws:PrincipalOrgID}:root,"{'StringEquals': {'s3:prefix': ['home/${aws:userid}/', 'home/${aws:username}']}}",allow,deny,unsat,False
policy_7_iter_1.json,,/home/bhall2/Documents/fixmypolicy/FL/Experiment-2/temp_validation/val-25-ollama/policy_7_iter_1.json,10,deny_41905fdb,Deny,['s3:GetBucketAcl'],['arn:aws:s3:::bucket-forbidden/file.txt'],deny_7882b319,deny_7882b319_combo_1,ec2:DescribeInstances,arn:aws:s3:::bucket,arn:aws:iam::${aws:PrincipalOrgID}:root,"{'StringEquals': {'s3:prefix': ['home/${aws:userid}/', 'home/${aws:username}']}}",deny,deny,unsat,True
policy_7_iter_1.json,,/home/bhall2/Documents/fixmypolicy/FL/Experiment-2/temp_validation/val-25-ollama/policy_7_iter_1.json,10,deny_41905fdb,Deny,['s3:GetBucketAcl'],['arn:aws:s3:::bucket-forbidden/file.txt'],deny_90bb3417,deny_90bb3417_combo_1,s3:ListBucket,arn:aws:s3:::different-bucket/file.txt,arn:aws:iam::${aws:PrincipalOrgID}:root,"{'StringEquals': {'s3:prefix': ['home/${aws:userid}/', 'home/${aws:username}']}}",deny,deny,unsat,True
policy_7_iter_1.json,,/home/bhall2/Documents/fixmypolicy/FL/Experiment-2/temp_validation/val-25-ollama/policy_7_iter_1.json,10,deny_41905fdb,Deny,['s3:GetBucketAcl'],['arn:aws:s3:::bucket-forbidden/file.txt'],deny_6e715d5d,deny_6e715d5d_combo_1,iam:CreateUser,arn:aws:s3:::bucket/document.txt,arn:aws:iam::123456789012:user/alice,{'DateLessThan': {'aws:CurrentTime': '2025-12-31T23:59:59Z'}},deny,deny,unsat,True
policy_7_iter_1.json,,/home/bhall2/Documents/fixmypolicy/FL/Experiment-2/temp_validation/val-25-ollama/policy_7_iter_1.json,10,deny_41905fdb,Deny,['s3:GetBucketAcl'],['arn:aws:s3:::bucket-forbidden/file.txt'],allow_c8ac2a77,allow_c8ac2a77_combo_1,s3:CreateBucket,arn:aws:s3:::bucket,arn:aws:iam::${aws:PrincipalOrgID}:root,"{'StringEquals': {'s3:prefix': ['home/${aws:userid}/', 'home/${aws:username}']}}",allow,deny,unsat,False
policy_7_iter_1.json,,/home/bhall2/Documents/fixmypolicy/FL/Experiment-2/temp_validation/val-25-ollama/policy_7_iter_1.json,10,deny_41905fdb,Deny,['s3:GetBucketAcl'],['arn:aws:s3:::bucket-forbidden/file.txt'],allow_c8ac2a77,allow_c8ac2a77_combo_2,s3:CreateBucket,arn:aws:s3:::bucket/logs/app.log,arn:aws:iam::${aws:PrincipalOrgID}:root,"{'StringEquals': {'s3:prefix': ['home/${aws:userid}/', 'home/${aws:username}']}}",allow,deny,unsat,False
policy_7_iter_1.json,,/home/bhall2/Documents/fixmypolicy/FL/Experiment-2/temp_validation/val-25-ollama/policy_7_iter_1.json,11,deny_b3141f4b,Deny,['iam:CreateUser'],['arn:aws:s3:::bucket/document.txt'],allow_4193f4bf,allow_4193f4bf_combo_1,s3:GetBucketAcl,arn:aws:s3:::bucket,arn:aws:iam::${aws:PrincipalOrgID}:root,"{'StringEquals': {'s3:prefix': ['home/${aws:userid}/', 'home/${aws:username}']}}",allow,deny,unsat,False
policy_7_iter_1.json,,/home/bhall2/Documents/fixmypolicy/FL/Experiment-2/temp_validation/val-25-ollama/policy_7_iter_1.json,11,deny_b3141f4b,Deny,['iam:CreateUser'],['arn:aws:s3:::bucket/document.txt'],allow_4193f4bf,allow_4193f4bf_combo_2,s3:GetBucketAcl,arn:aws:s3:::bucket/temp/upload.tmp,arn:aws:iam::${aws:PrincipalOrgID}:root,"{'StringEquals': {'s3:prefix': ['home/${aws:userid}/', 'home/${aws:username}']}}",allow,deny,unsat,False
policy_7_iter_1.json,,/home/bhall2/Documents/fixmypolicy/FL/Experiment-2/temp_validation/val-25-ollama/policy_7_iter_1.json,11,deny_b3141f4b,Deny,['iam:CreateUser'],['arn:aws:s3:::bucket/document.txt'],allow_4193f4bf,allow_4193f4bf_combo_3,s3:GetBucketAcl,arn:aws:s3:::bucket/data/file.json,arn:aws:iam::${aws:PrincipalOrgID}:root,"{'StringEquals': {'s3:prefix': ['home/${aws:userid}/', 'home/${aws:username}']}}",allow,deny,unsat,False
policy_7_iter_1.json,,/home/bhall2/Documents/fixmypolicy/FL/Experiment-2/temp_validation/val-25-ollama/policy_7_iter_1.json,11,deny_b3141f4b,Deny,['iam:CreateUser'],['arn:aws:s3:::bucket/document.txt'],deny_fbfc89ab,deny_fbfc89ab_combo_1,dynamodb:DeleteItem,arn:aws:s3:::bucket/document.txt,arn:aws:iam::999888777666:PrincipalOrgID}:root,{'StringEquals': {'aws:RequestedRegion': 'us-east-1'}},deny,deny,unsat,True
policy_7_iter_1.json,,/home/bhall2/Documents/fixmypolicy/FL/Experiment-2/temp_validation/val-25-ollama/policy_7_iter_1.json,11,deny_b3141f4b,Deny,['iam:CreateUser'],['arn:aws:s3:::bucket/document.txt'],deny_fbfc89ab,deny_fbfc89ab_combo_2,dynamodb:DeleteItem,arn:aws:s3:::bucket,arn:aws:iam::999888777666:PrincipalOrgID}:root,{'StringEquals': {'aws:RequestedRegion': 'us-east-1'}},deny,deny,unsat,True
policy_7_iter_1.json,,/home/bhall2/Documents/fixmypolicy/FL/Experiment-2/temp_validation/val-25-ollama/policy_7_iter_1.json,11,deny_b3141f4b,Deny,['iam:CreateUser'],['arn:aws:s3:::bucket/document.txt'],deny_fbfc89ab,deny_fbfc89ab_combo_3,dynamodb:DeleteItem,arn:aws:s3:::bucket/logs/app.log,arn:aws:iam::999888777666:PrincipalOrgID}:root,{'StringEquals': {'aws:RequestedRegion': 'us-east-1'}},deny,deny,unsat,True
policy_7_iter_1.json,,/home/bhall2/Documents/fixmypolicy/FL/Experiment-2/temp_validation/val-25-ollama/policy_7_iter_1.json,11,deny_b3141f4b,Deny,['iam:CreateUser'],['arn:aws:s3:::bucket/document.txt'],deny_e6526099,deny_e6526099_combo_1,s3:GetBucketAcl,arn:aws:s3:::completely-different-bucket/file.txt,arn:aws:iam::123456789012:user/alice,{'StringEquals': {'aws:RequestedRegion': 'us-east-1'}},deny,deny,unsat,True
policy_7_iter_1.json,,/home/bhall2/Documents/fixmypolicy/FL/Experiment-2/temp_validation/val-25-ollama/policy_7_iter_1.json,11,deny_b3141f4b,Deny,['iam:CreateUser'],['arn:aws:s3:::bucket/document.txt'],allow_a61e99d7,allow_a61e99d7_combo_1,s3:CreateBucket,arn:aws:s3:::bucket,arn:aws:iam::123456789012:user/bob,{'DateGreaterThan': {'aws:CurrentTime': '2024-01-01T00:00:00Z'}},allow,deny,unsat,False
policy_7_iter_1.json,,/home/bhall2/Documents/fixmypolicy/FL/Experiment-2/temp_validation/val-25-ollama/policy_7_iter_1.json,11,deny_b3141f4b,Deny,['iam:CreateUser'],['arn:aws:s3:::bucket/document.txt'],allow_a61e99d7,allow_a61e99d7_combo_2,s3:CreateBucket,arn:aws:s3:::bucket/temp/upload.tmp,arn:aws:iam::123456789012:user/bob,{'DateGreaterThan': {'aws:CurrentTime': '2024-01-01T00:00:00Z'}},allow,deny,unsat,False
policy_7_iter_1.json,,/home/bhall2/Documents/fixmypolicy/FL/Experiment-2/temp_validation/val-25-ollama/policy_7_iter_1.json,11,deny_b3141f4b,Deny,['iam:CreateUser'],['arn:aws:s3:::bucket/document.txt'],deny_41905fdb,deny_41905fdb_combo_1,s3:GetBucketAcl,arn:aws:s3:::bucket-forbidden/file.txt,arn:aws:iam::999888777666:PrincipalOrgID}:root,{'DateGreaterThan': {'aws:CurrentTime': '2024-01-01T00:00:00Z'}},deny,deny,unsat,True
policy_7_iter_1.json,,/home/bhall2/Documents/fixmypolicy/FL/Experiment-2/temp_validation/val-25-ollama/policy_7_iter_1.json,11,deny_b3141f4b,Deny,['iam:CreateUser'],['arn:aws:s3:::bucket/document.txt'],deny_b3141f4b,deny_b3141f4b_combo_1,iam:CreateUser,arn:aws:s3:::bucket/document.txt,arn:aws:iam::999888777666:PrincipalOrgID}:root,{'DateGreaterThan': {'aws:CurrentTime': '2024-01-01T00:00:00Z'}},deny,deny,unsat,True
policy_7_iter_1.json,,/home/bhall2/Documents/fixmypolicy/FL/Experiment-2/temp_validation/val-25-ollama/policy_7_iter_1.json,11,deny_b3141f4b,Deny,['iam:CreateUser'],['arn:aws:s3:::bucket/document.txt'],allow_94546383,allow_94546383_combo_1,s3:DeleteBucket,arn:aws:s3:::bucket/logs/app.log,arn:aws:iam::${aws:PrincipalOrgID}:root,"{'StringEquals': {'s3:prefix': ['home/${aws:userid}/', 'home/${aws:username}']}}",allow,deny,unsat,False
policy_7_iter_1.json,,/home/bhall2/Documents/fixmypolicy/FL/Experiment-2/temp_validation/val-25-ollama/policy_7_iter_1.json,11,deny_b3141f4b,Deny,['iam:CreateUser'],['arn:aws:s3:::bucket/document.txt'],allow_94546383,allow_94546383_combo_2,s3:DeleteBucket,arn:aws:s3:::bucket/data/file.json,arn:aws:iam::${aws:PrincipalOrgID}:root,"{'StringEquals': {'s3:prefix': ['home/${aws:userid}/', 'home/${aws:username}']}}",allow,deny,unsat,False
policy_7_iter_1.json,,/home/bhall2/Documents/fixmypolicy/FL/Experiment-2/temp_validation/val-25-ollama/policy_7_iter_1.json,11,deny_b3141f4b,Deny,['iam:CreateUser'],['arn:aws:s3:::bucket/document.txt'],allow_94546383,allow_94546383_combo_3,s3:DeleteBucket,arn:aws:s3:::bucket/temp/upload.tmp,arn:aws:iam::${aws:PrincipalOrgID}:root,"{'StringEquals': {'s3:prefix': ['home/${aws:userid}/', 'home/${aws:username}']}}",allow,deny,unsat,False
policy_7_iter_1.json,,/home/bhall2/Documents/fixmypolicy/FL/Experiment-2/temp_validation/val-25-ollama/policy_7_iter_1.json,11,deny_b3141f4b,Deny,['iam:CreateUser'],['arn:aws:s3:::bucket/document.txt'],allow_742d3572,allow_742d3572_combo_1,s3:PutObject,arn:aws:s3:::bucket,arn:aws:iam::${aws:PrincipalOrgID}:root,"{'StringEquals': {'s3:prefix': ['home/${aws:userid}/', 'home/${aws:username}']}}",allow,deny,unsat,False
policy_7_iter_1.json,,/home/bhall2/Documents/fixmypolicy/FL/Experiment-2/temp_validation/val-25-ollama/policy_7_iter_1.json,11,deny_b3141f4b,Deny,['iam:CreateUser'],['arn:aws:s3:::bucket/document.txt'],allow_742d3572,allow_742d3572_combo_2,s3:PutObject,arn:aws:s3:::bucket/document.txt,arn:aws:iam::${aws:PrincipalOrgID}:root,"{'StringEquals': {'s3:prefix': ['home/${aws:userid}/', 'home/${aws:username}']}}",allow,deny,unsat,False
policy_7_iter_1.json,,/home/bhall2/Documents/fixmypolicy/FL/Experiment-2/temp_validation/val-25-ollama/policy_7_iter_1.json,11,deny_b3141f4b,Deny,['iam:CreateUser'],['arn:aws:s3:::bucket/document.txt'],deny_927fb97a,deny_927fb97a_combo_1,s3:PutBucketPolicy,arn:aws:s3:::bucket-forbidden/file.txt,arn:aws:iam::123456789012:user/alice,{'StringEquals': {'aws:RequestedRegion': 'us-west-2'}},deny,deny,unsat,True
policy_7_iter_1.json,,/home/bhall2/Documents/fixmypolicy/FL/Experiment-2/temp_validation/val-25-ollama/policy_7_iter_1.json,11,deny_b3141f4b,Deny,['iam:CreateUser'],['arn:aws:s3:::bucket/document.txt'],allow_8e41fd6f,allow_8e41fd6f_combo_1,s3:PutBucketPolicy,arn:aws:s3:::bucket/logs/app.log,arn:aws:iam::${aws:PrincipalOrgID}:root,"{'StringEquals': {'s3:prefix': ['home/${aws:userid}/', 'home/${aws:username}']}}",allow,deny,unsat,False
policy_7_iter_1.json,,/home/bhall2/Documents/fixmypolicy/FL/Experiment-2/temp_validation/val-25-ollama/policy_7_iter_1.json,11,deny_b3141f4b,Deny,['iam:CreateUser'],['arn:aws:s3:::bucket/document.txt'],allow_8e41fd6f,allow_8e41fd6f_combo_2,s3:PutBucketPolicy,arn:aws:s3:::bucket/document.txt,arn:aws:iam::${aws:PrincipalOrgID}:root,"{'StringEquals': {'s3:prefix': ['home/${aws:userid}/', 'home/${aws:username}']}}",allow,deny,unsat,False
policy_7_iter_1.json,,/home/bhall2/Documents/fixmypolicy/FL/Experiment-2/temp_validation/val-25-ollama/policy_7_iter_1.json,11,deny_b3141f4b,Deny,['iam:CreateUser'],['arn:aws:s3:::bucket/document.txt'],allow_8e41fd6f,allow_8e41fd6f_combo_3,s3:PutBucketPolicy,arn:aws:s3:::bucket,arn:aws:iam::${aws:PrincipalOrgID}:root,"{'StringEquals': {'s3:prefix': ['home/${aws:userid}/', 'home/${aws:username}']}}",allow,deny,unsat,False
policy_7_iter_1.json,,/home/bhall2/Documents/fixmypolicy/FL/Experiment-2/temp_validation/val-25-ollama/policy_7_iter_1.json,11,deny_b3141f4b,Deny,['iam:CreateUser'],['arn:aws:s3:::bucket/document.txt'],deny_7882b319,deny_7882b319_combo_1,ec2:DescribeInstances,arn:aws:s3:::bucket,arn:aws:iam::${aws:PrincipalOrgID}:root,"{'StringEquals': {'s3:prefix': ['home/${aws:userid}/', 'home/${aws:username}']}}",deny,deny,unsat,True
policy_7_iter_1.json,,/home/bhall2/Documents/fixmypolicy/FL/Experiment-2/temp_validation/val-25-ollama/policy_7_iter_1.json,11,deny_b3141f4b,Deny,['iam:CreateUser'],['arn:aws:s3:::bucket/document.txt'],deny_90bb3417,deny_90bb3417_combo_1,s3:ListBucket,arn:aws:s3:::different-bucket/file.txt,arn:aws:iam::${aws:PrincipalOrgID}:root,"{'StringEquals': {'s3:prefix': ['home/${aws:userid}/', 'home/${aws:username}']}}",deny,deny,unsat,True
policy_7_iter_1.json,,/home/bhall2/Documents/fixmypolicy/FL/Experiment-2/temp_validation/val-25-ollama/policy_7_iter_1.json,11,deny_b3141f4b,Deny,['iam:CreateUser'],['arn:aws:s3:::bucket/document.txt'],deny_6e715d5d,deny_6e715d5d_combo_1,iam:CreateUser,arn:aws:s3:::bucket/document.txt,arn:aws:iam::123456789012:user/alice,{'DateLessThan': {'aws:CurrentTime': '2025-12-31T23:59:59Z'}},deny,deny,unsat,True
policy_7_iter_1.json,,/home/bhall2/Documents/fixmypolicy/FL/Experiment-2/temp_validation/val-25-ollama/policy_7_iter_1.json,11,deny_b3141f4b,Deny,['iam:CreateUser'],['arn:aws:s3:::bucket/document.txt'],allow_c8ac2a77,allow_c8ac2a77_combo_1,s3:CreateBucket,arn:aws:s3:::bucket,arn:aws:iam::${aws:PrincipalOrgID}:root,"{'StringEquals': {'s3:prefix': ['home/${aws:userid}/', 'home/${aws:username}']}}",allow,deny,unsat,False
policy_7_iter_1.json,,/home/bhall2/Documents/fixmypolicy/FL/Experiment-2/temp_validation/val-25-ollama/policy_7_iter_1.json,11,deny_b3141f4b,Deny,['iam:CreateUser'],['arn:aws:s3:::bucket/document.txt'],allow_c8ac2a77,allow_c8ac2a77_combo_2,s3:CreateBucket,arn:aws:s3:::bucket/logs/app.log,arn:aws:iam::${aws:PrincipalOrgID}:root,"{'StringEquals': {'s3:prefix': ['home/${aws:userid}/', 'home/${aws:username}']}}",allow,deny,unsat,False
policy_7_iter_1.json,,/home/bhall2/Documents/fixmypolicy/FL/Experiment-2/temp_validation/val-25-ollama/policy_7_iter_1.json,12,deny_927fb97a,Deny,['s3:PutBucketPolicy'],['arn:aws:s3:::bucket-forbidden/file.txt'],allow_4193f4bf,allow_4193f4bf_combo_1,s3:GetBucketAcl,arn:aws:s3:::bucket,arn:aws:iam::${aws:PrincipalOrgID}:root,"{'StringEquals': {'s3:prefix': ['home/${aws:userid}/', 'home/${aws:username}']}}",allow,deny,unsat,False
policy_7_iter_1.json,,/home/bhall2/Documents/fixmypolicy/FL/Experiment-2/temp_validation/val-25-ollama/policy_7_iter_1.json,12,deny_927fb97a,Deny,['s3:PutBucketPolicy'],['arn:aws:s3:::bucket-forbidden/file.txt'],allow_4193f4bf,allow_4193f4bf_combo_2,s3:GetBucketAcl,arn:aws:s3:::bucket/temp/upload.tmp,arn:aws:iam::${aws:PrincipalOrgID}:root,"{'StringEquals': {'s3:prefix': ['home/${aws:userid}/', 'home/${aws:username}']}}",allow,deny,unsat,False
policy_7_iter_1.json,,/home/bhall2/Documents/fixmypolicy/FL/Experiment-2/temp_validation/val-25-ollama/policy_7_iter_1.json,12,deny_927fb97a,Deny,['s3:PutBucketPolicy'],['arn:aws:s3:::bucket-forbidden/file.txt'],allow_4193f4bf,allow_4193f4bf_combo_3,s3:GetBucketAcl,arn:aws:s3:::bucket/data/file.json,arn:aws:iam::${aws:PrincipalOrgID}:root,"{'StringEquals': {'s3:prefix': ['home/${aws:userid}/', 'home/${aws:username}']}}",allow,deny,unsat,False
policy_7_iter_1.json,,/home/bhall2/Documents/fixmypolicy/FL/Experiment-2/temp_validation/val-25-ollama/policy_7_iter_1.json,12,deny_927fb97a,Deny,['s3:PutBucketPolicy'],['arn:aws:s3:::bucket-forbidden/file.txt'],deny_fbfc89ab,deny_fbfc89ab_combo_1,dynamodb:DeleteItem,arn:aws:s3:::bucket/document.txt,arn:aws:iam::999888777666:PrincipalOrgID}:root,{'StringEquals': {'aws:RequestedRegion': 'us-east-1'}},deny,deny,unsat,True
policy_7_iter_1.json,,/home/bhall2/Documents/fixmypolicy/FL/Experiment-2/temp_validation/val-25-ollama/policy_7_iter_1.json,12,deny_927fb97a,Deny,['s3:PutBucketPolicy'],['arn:aws:s3:::bucket-forbidden/file.txt'],deny_fbfc89ab,deny_fbfc89ab_combo_2,dynamodb:DeleteItem,arn:aws:s3:::bucket,arn:aws:iam::999888777666:PrincipalOrgID}:root,{'StringEquals': {'aws:RequestedRegion': 'us-east-1'}},deny,deny,unsat,True
policy_7_iter_1.json,,/home/bhall2/Documents/fixmypolicy/FL/Experiment-2/temp_validation/val-25-ollama/policy_7_iter_1.json,12,deny_927fb97a,Deny,['s3:PutBucketPolicy'],['arn:aws:s3:::bucket-forbidden/file.txt'],deny_fbfc89ab,deny_fbfc89ab_combo_3,dynamodb:DeleteItem,arn:aws:s3:::bucket/logs/app.log,arn:aws:iam::999888777666:PrincipalOrgID}:root,{'StringEquals': {'aws:RequestedRegion': 'us-east-1'}},deny,deny,unsat,True
policy_7_iter_1.json,,/home/bhall2/Documents/fixmypolicy/FL/Experiment-2/temp_validation/val-25-ollama/policy_7_iter_1.json,12,deny_927fb97a,Deny,['s3:PutBucketPolicy'],['arn:aws:s3:::bucket-forbidden/file.txt'],deny_e6526099,deny_e6526099_combo_1,s3:GetBucketAcl,arn:aws:s3:::completely-different-bucket/file.txt,arn:aws:iam::123456789012:user/alice,{'StringEquals': {'aws:RequestedRegion': 'us-east-1'}},deny,deny,unsat,True
policy_7_iter_1.json,,/home/bhall2/Documents/fixmypolicy/FL/Experiment-2/temp_validation/val-25-ollama/policy_7_iter_1.json,12,deny_927fb97a,Deny,['s3:PutBucketPolicy'],['arn:aws:s3:::bucket-forbidden/file.txt'],allow_a61e99d7,allow_a61e99d7_combo_1,s3:CreateBucket,arn:aws:s3:::bucket,arn:aws:iam::123456789012:user/bob,{'DateGreaterThan': {'aws:CurrentTime': '2024-01-01T00:00:00Z'}},allow,deny,unsat,False
policy_7_iter_1.json,,/home/bhall2/Documents/fixmypolicy/FL/Experiment-2/temp_validation/val-25-ollama/policy_7_iter_1.json,12,deny_927fb97a,Deny,['s3:PutBucketPolicy'],['arn:aws:s3:::bucket-forbidden/file.txt'],allow_a61e99d7,allow_a61e99d7_combo_2,s3:CreateBucket,arn:aws:s3:::bucket/temp/upload.tmp,arn:aws:iam::123456789012:user/bob,{'DateGreaterThan': {'aws:CurrentTime': '2024-01-01T00:00:00Z'}},allow,deny,unsat,False
policy_7_iter_1.json,,/home/bhall2/Documents/fixmypolicy/FL/Experiment-2/temp_validation/val-25-ollama/policy_7_iter_1.json,12,deny_927fb97a,Deny,['s3:PutBucketPolicy'],['arn:aws:s3:::bucket-forbidden/file.txt'],deny_41905fdb,deny_41905fdb_combo_1,s3:GetBucketAcl,arn:aws:s3:::bucket-forbidden/file.txt,arn:aws:iam::999888777666:PrincipalOrgID}:root,{'DateGreaterThan': {'aws:CurrentTime': '2024-01-01T00:00:00Z'}},deny,deny,unsat,True
policy_7_iter_1.json,,/home/bhall2/Documents/fixmypolicy/FL/Experiment-2/temp_validation/val-25-ollama/policy_7_iter_1.json,12,deny_927fb97a,Deny,['s3:PutBucketPolicy'],['arn:aws:s3:::bucket-forbidden/file.txt'],deny_b3141f4b,deny_b3141f4b_combo_1,iam:CreateUser,arn:aws:s3:::bucket/document.txt,arn:aws:iam::999888777666:PrincipalOrgID}:root,{'DateGreaterThan': {'aws:CurrentTime': '2024-01-01T00:00:00Z'}},deny,deny,unsat,True
policy_7_iter_1.json,,/home/bhall2/Documents/fixmypolicy/FL/Experiment-2/temp_validation/val-25-ollama/policy_7_iter_1.json,12,deny_927fb97a,Deny,['s3:PutBucketPolicy'],['arn:aws:s3:::bucket-forbidden/file.txt'],allow_94546383,allow_94546383_combo_1,s3:DeleteBucket,arn:aws:s3:::bucket/logs/app.log,arn:aws:iam::${aws:PrincipalOrgID}:root,"{'StringEquals': {'s3:prefix': ['home/${aws:userid}/', 'home/${aws:username}']}}",allow,deny,unsat,False
policy_7_iter_1.json,,/home/bhall2/Documents/fixmypolicy/FL/Experiment-2/temp_validation/val-25-ollama/policy_7_iter_1.json,12,deny_927fb97a,Deny,['s3:PutBucketPolicy'],['arn:aws:s3:::bucket-forbidden/file.txt'],allow_94546383,allow_94546383_combo_2,s3:DeleteBucket,arn:aws:s3:::bucket/data/file.json,arn:aws:iam::${aws:PrincipalOrgID}:root,"{'StringEquals': {'s3:prefix': ['home/${aws:userid}/', 'home/${aws:username}']}}",allow,deny,unsat,False
policy_7_iter_1.json,,/home/bhall2/Documents/fixmypolicy/FL/Experiment-2/temp_validation/val-25-ollama/policy_7_iter_1.json,12,deny_927fb97a,Deny,['s3:PutBucketPolicy'],['arn:aws:s3:::bucket-forbidden/file.txt'],allow_94546383,allow_94546383_combo_3,s3:DeleteBucket,arn:aws:s3:::bucket/temp/upload.tmp,arn:aws:iam::${aws:PrincipalOrgID}:root,"{'StringEquals': {'s3:prefix': ['home/${aws:userid}/', 'home/${aws:username}']}}",allow,deny,unsat,False
policy_7_iter_1.json,,/home/bhall2/Documents/fixmypolicy/FL/Experiment-2/temp_validation/val-25-ollama/policy_7_iter_1.json,12,deny_927fb97a,Deny,['s3:PutBucketPolicy'],['arn:aws:s3:::bucket-forbidden/file.txt'],allow_742d3572,allow_742d3572_combo_1,s3:PutObject,arn:aws:s3:::bucket,arn:aws:iam::${aws:PrincipalOrgID}:root,"{'StringEquals': {'s3:prefix': ['home/${aws:userid}/', 'home/${aws:username}']}}",allow,deny,unsat,False
policy_7_iter_1.json,,/home/bhall2/Documents/fixmypolicy/FL/Experiment-2/temp_validation/val-25-ollama/policy_7_iter_1.json,12,deny_927fb97a,Deny,['s3:PutBucketPolicy'],['arn:aws:s3:::bucket-forbidden/file.txt'],allow_742d3572,allow_742d3572_combo_2,s3:PutObject,arn:aws:s3:::bucket/document.txt,arn:aws:iam::${aws:PrincipalOrgID}:root,"{'StringEquals': {'s3:prefix': ['home/${aws:userid}/', 'home/${aws:username}']}}",allow,deny,unsat,False
policy_7_iter_1.json,,/home/bhall2/Documents/fixmypolicy/FL/Experiment-2/temp_validation/val-25-ollama/policy_7_iter_1.json,12,deny_927fb97a,Deny,['s3:PutBucketPolicy'],['arn:aws:s3:::bucket-forbidden/file.txt'],deny_927fb97a,deny_927fb97a_combo_1,s3:PutBucketPolicy,arn:aws:s3:::bucket-forbidden/file.txt,arn:aws:iam::123456789012:user/alice,{'StringEquals': {'aws:RequestedRegion': 'us-west-2'}},deny,deny,unsat,True
policy_7_iter_1.json,,/home/bhall2/Documents/fixmypolicy/FL/Experiment-2/temp_validation/val-25-ollama/policy_7_iter_1.json,12,deny_927fb97a,Deny,['s3:PutBucketPolicy'],['arn:aws:s3:::bucket-forbidden/file.txt'],allow_8e41fd6f,allow_8e41fd6f_combo_1,s3:PutBucketPolicy,arn:aws:s3:::bucket/logs/app.log,arn:aws:iam::${aws:PrincipalOrgID}:root,"{'StringEquals': {'s3:prefix': ['home/${aws:userid}/', 'home/${aws:username}']}}",allow,deny,unsat,False
policy_7_iter_1.json,,/home/bhall2/Documents/fixmypolicy/FL/Experiment-2/temp_validation/val-25-ollama/policy_7_iter_1.json,12,deny_927fb97a,Deny,['s3:PutBucketPolicy'],['arn:aws:s3:::bucket-forbidden/file.txt'],allow_8e41fd6f,allow_8e41fd6f_combo_2,s3:PutBucketPolicy,arn:aws:s3:::bucket/document.txt,arn:aws:iam::${aws:PrincipalOrgID}:root,"{'StringEquals': {'s3:prefix': ['home/${aws:userid}/', 'home/${aws:username}']}}",allow,deny,unsat,False
policy_7_iter_1.json,,/home/bhall2/Documents/fixmypolicy/FL/Experiment-2/temp_validation/val-25-ollama/policy_7_iter_1.json,12,deny_927fb97a,Deny,['s3:PutBucketPolicy'],['arn:aws:s3:::bucket-forbidden/file.txt'],allow_8e41fd6f,allow_8e41fd6f_combo_3,s3:PutBucketPolicy,arn:aws:s3:::bucket,arn:aws:iam::${aws:PrincipalOrgID}:root,"{'StringEquals': {'s3:prefix': ['home/${aws:userid}/', 'home/${aws:username}']}}",allow,deny,unsat,False
policy_7_iter_1.json,,/home/bhall2/Documents/fixmypolicy/FL/Experiment-2/temp_validation/val-25-ollama/policy_7_iter_1.json,12,deny_927fb97a,Deny,['s3:PutBucketPolicy'],['arn:aws:s3:::bucket-forbidden/file.txt'],deny_7882b319,deny_7882b319_combo_1,ec2:DescribeInstances,arn:aws:s3:::bucket,arn:aws:iam::${aws:PrincipalOrgID}:root,"{'StringEquals': {'s3:prefix': ['home/${aws:userid}/', 'home/${aws:username}']}}",deny,deny,unsat,True
policy_7_iter_1.json,,/home/bhall2/Documents/fixmypolicy/FL/Experiment-2/temp_validation/val-25-ollama/policy_7_iter_1.json,12,deny_927fb97a,Deny,['s3:PutBucketPolicy'],['arn:aws:s3:::bucket-forbidden/file.txt'],deny_90bb3417,deny_90bb3417_combo_1,s3:ListBucket,arn:aws:s3:::different-bucket/file.txt,arn:aws:iam::${aws:PrincipalOrgID}:root,"{'StringEquals': {'s3:prefix': ['home/${aws:userid}/', 'home/${aws:username}']}}",deny,deny,unsat,True
policy_7_iter_1.json,,/home/bhall2/Documents/fixmypolicy/FL/Experiment-2/temp_validation/val-25-ollama/policy_7_iter_1.json,12,deny_927fb97a,Deny,['s3:PutBucketPolicy'],['arn:aws:s3:::bucket-forbidden/file.txt'],deny_6e715d5d,deny_6e715d5d_combo_1,iam:CreateUser,arn:aws:s3:::bucket/document.txt,arn:aws:iam::123456789012:user/alice,{'DateLessThan': {'aws:CurrentTime': '2025-12-31T23:59:59Z'}},deny,deny,unsat,True
policy_7_iter_1.json,,/home/bhall2/Documents/fixmypolicy/FL/Experiment-2/temp_validation/val-25-ollama/policy_7_iter_1.json,12,deny_927fb97a,Deny,['s3:PutBucketPolicy'],['arn:aws:s3:::bucket-forbidden/file.txt'],allow_c8ac2a77,allow_c8ac2a77_combo_1,s3:CreateBucket,arn:aws:s3:::bucket,arn:aws:iam::${aws:PrincipalOrgID}:root,"{'StringEquals': {'s3:prefix': ['home/${aws:userid}/', 'home/${aws:username}']}}",allow,deny,unsat,False
policy_7_iter_1.json,,/home/bhall2/Documents/fixmypolicy/FL/Experiment-2/temp_validation/val-25-ollama/policy_7_iter_1.json,12,deny_927fb97a,Deny,['s3:PutBucketPolicy'],['arn:aws:s3:::bucket-forbidden/file.txt'],allow_c8ac2a77,allow_c8ac2a77_combo_2,s3:CreateBucket,arn:aws:s3:::bucket/logs/app.log,arn:aws:iam::${aws:PrincipalOrgID}:root,"{'StringEquals': {'s3:prefix': ['home/${aws:userid}/', 'home/${aws:username}']}}",allow,deny,unsat,False
policy_7_iter_1.json,,/home/bhall2/Documents/fixmypolicy/FL/Experiment-2/temp_validation/val-25-ollama/policy_7_iter_1.json,13,deny_7882b319,Deny,['ec2:DescribeInstances'],['arn:aws:s3:::bucket'],allow_4193f4bf,allow_4193f4bf_combo_1,s3:GetBucketAcl,arn:aws:s3:::bucket,arn:aws:iam::${aws:PrincipalOrgID}:root,"{'StringEquals': {'s3:prefix': ['home/${aws:userid}/', 'home/${aws:username}']}}",allow,deny,unsat,False
policy_7_iter_1.json,,/home/bhall2/Documents/fixmypolicy/FL/Experiment-2/temp_validation/val-25-ollama/policy_7_iter_1.json,13,deny_7882b319,Deny,['ec2:DescribeInstances'],['arn:aws:s3:::bucket'],allow_4193f4bf,allow_4193f4bf_combo_2,s3:GetBucketAcl,arn:aws:s3:::bucket/temp/upload.tmp,arn:aws:iam::${aws:PrincipalOrgID}:root,"{'StringEquals': {'s3:prefix': ['home/${aws:userid}/', 'home/${aws:username}']}}",allow,deny,unsat,False
policy_7_iter_1.json,,/home/bhall2/Documents/fixmypolicy/FL/Experiment-2/temp_validation/val-25-ollama/policy_7_iter_1.json,13,deny_7882b319,Deny,['ec2:DescribeInstances'],['arn:aws:s3:::bucket'],allow_4193f4bf,allow_4193f4bf_combo_3,s3:GetBucketAcl,arn:aws:s3:::bucket/data/file.json,arn:aws:iam::${aws:PrincipalOrgID}:root,"{'StringEquals': {'s3:prefix': ['home/${aws:userid}/', 'home/${aws:username}']}}",allow,deny,unsat,False
policy_7_iter_1.json,,/home/bhall2/Documents/fixmypolicy/FL/Experiment-2/temp_validation/val-25-ollama/policy_7_iter_1.json,13,deny_7882b319,Deny,['ec2:DescribeInstances'],['arn:aws:s3:::bucket'],deny_fbfc89ab,deny_fbfc89ab_combo_1,dynamodb:DeleteItem,arn:aws:s3:::bucket/document.txt,arn:aws:iam::999888777666:PrincipalOrgID}:root,{'StringEquals': {'aws:RequestedRegion': 'us-east-1'}},deny,deny,unsat,True
policy_7_iter_1.json,,/home/bhall2/Documents/fixmypolicy/FL/Experiment-2/temp_validation/val-25-ollama/policy_7_iter_1.json,13,deny_7882b319,Deny,['ec2:DescribeInstances'],['arn:aws:s3:::bucket'],deny_fbfc89ab,deny_fbfc89ab_combo_2,dynamodb:DeleteItem,arn:aws:s3:::bucket,arn:aws:iam::999888777666:PrincipalOrgID}:root,{'StringEquals': {'aws:RequestedRegion': 'us-east-1'}},deny,deny,unsat,True
policy_7_iter_1.json,,/home/bhall2/Documents/fixmypolicy/FL/Experiment-2/temp_validation/val-25-ollama/policy_7_iter_1.json,13,deny_7882b319,Deny,['ec2:DescribeInstances'],['arn:aws:s3:::bucket'],deny_fbfc89ab,deny_fbfc89ab_combo_3,dynamodb:DeleteItem,arn:aws:s3:::bucket/logs/app.log,arn:aws:iam::999888777666:PrincipalOrgID}:root,{'StringEquals': {'aws:RequestedRegion': 'us-east-1'}},deny,deny,unsat,True
policy_7_iter_1.json,,/home/bhall2/Documents/fixmypolicy/FL/Experiment-2/temp_validation/val-25-ollama/policy_7_iter_1.json,13,deny_7882b319,Deny,['ec2:DescribeInstances'],['arn:aws:s3:::bucket'],deny_e6526099,deny_e6526099_combo_1,s3:GetBucketAcl,arn:aws:s3:::completely-different-bucket/file.txt,arn:aws:iam::123456789012:user/alice,{'StringEquals': {'aws:RequestedRegion': 'us-east-1'}},deny,deny,unsat,True
policy_7_iter_1.json,,/home/bhall2/Documents/fixmypolicy/FL/Experiment-2/temp_validation/val-25-ollama/policy_7_iter_1.json,13,deny_7882b319,Deny,['ec2:DescribeInstances'],['arn:aws:s3:::bucket'],allow_a61e99d7,allow_a61e99d7_combo_1,s3:CreateBucket,arn:aws:s3:::bucket,arn:aws:iam::123456789012:user/bob,{'DateGreaterThan': {'aws:CurrentTime': '2024-01-01T00:00:00Z'}},allow,deny,unsat,False
policy_7_iter_1.json,,/home/bhall2/Documents/fixmypolicy/FL/Experiment-2/temp_validation/val-25-ollama/policy_7_iter_1.json,13,deny_7882b319,Deny,['ec2:DescribeInstances'],['arn:aws:s3:::bucket'],allow_a61e99d7,allow_a61e99d7_combo_2,s3:CreateBucket,arn:aws:s3:::bucket/temp/upload.tmp,arn:aws:iam::123456789012:user/bob,{'DateGreaterThan': {'aws:CurrentTime': '2024-01-01T00:00:00Z'}},allow,deny,unsat,False
policy_7_iter_1.json,,/home/bhall2/Documents/fixmypolicy/FL/Experiment-2/temp_validation/val-25-ollama/policy_7_iter_1.json,13,deny_7882b319,Deny,['ec2:DescribeInstances'],['arn:aws:s3:::bucket'],deny_41905fdb,deny_41905fdb_combo_1,s3:GetBucketAcl,arn:aws:s3:::bucket-forbidden/file.txt,arn:aws:iam::999888777666:PrincipalOrgID}:root,{'DateGreaterThan': {'aws:CurrentTime': '2024-01-01T00:00:00Z'}},deny,deny,unsat,True
policy_7_iter_1.json,,/home/bhall2/Documents/fixmypolicy/FL/Experiment-2/temp_validation/val-25-ollama/policy_7_iter_1.json,13,deny_7882b319,Deny,['ec2:DescribeInstances'],['arn:aws:s3:::bucket'],deny_b3141f4b,deny_b3141f4b_combo_1,iam:CreateUser,arn:aws:s3:::bucket/document.txt,arn:aws:iam::999888777666:PrincipalOrgID}:root,{'DateGreaterThan': {'aws:CurrentTime': '2024-01-01T00:00:00Z'}},deny,deny,unsat,True
policy_7_iter_1.json,,/home/bhall2/Documents/fixmypolicy/FL/Experiment-2/temp_validation/val-25-ollama/policy_7_iter_1.json,13,deny_7882b319,Deny,['ec2:DescribeInstances'],['arn:aws:s3:::bucket'],allow_94546383,allow_94546383_combo_1,s3:DeleteBucket,arn:aws:s3:::bucket/logs/app.log,arn:aws:iam::${aws:PrincipalOrgID}:root,"{'StringEquals': {'s3:prefix': ['home/${aws:userid}/', 'home/${aws:username}']}}",allow,deny,unsat,False
policy_7_iter_1.json,,/home/bhall2/Documents/fixmypolicy/FL/Experiment-2/temp_validation/val-25-ollama/policy_7_iter_1.json,13,deny_7882b319,Deny,['ec2:DescribeInstances'],['arn:aws:s3:::bucket'],allow_94546383,allow_94546383_combo_2,s3:DeleteBucket,arn:aws:s3:::bucket/data/file.json,arn:aws:iam::${aws:PrincipalOrgID}:root,"{'StringEquals': {'s3:prefix': ['home/${aws:userid}/', 'home/${aws:username}']}}",allow,deny,unsat,False
policy_7_iter_1.json,,/home/bhall2/Documents/fixmypolicy/FL/Experiment-2/temp_validation/val-25-ollama/policy_7_iter_1.json,13,deny_7882b319,Deny,['ec2:DescribeInstances'],['arn:aws:s3:::bucket'],allow_94546383,allow_94546383_combo_3,s3:DeleteBucket,arn:aws:s3:::bucket/temp/upload.tmp,arn:aws:iam::${aws:PrincipalOrgID}:root,"{'StringEquals': {'s3:prefix': ['home/${aws:userid}/', 'home/${aws:username}']}}",allow,deny,unsat,False
policy_7_iter_1.json,,/home/bhall2/Documents/fixmypolicy/FL/Experiment-2/temp_validation/val-25-ollama/policy_7_iter_1.json,13,deny_7882b319,Deny,['ec2:DescribeInstances'],['arn:aws:s3:::bucket'],allow_742d3572,allow_742d3572_combo_1,s3:PutObject,arn:aws:s3:::bucket,arn:aws:iam::${aws:PrincipalOrgID}:root,"{'StringEquals': {'s3:prefix': ['home/${aws:userid}/', 'home/${aws:username}']}}",allow,deny,unsat,False
policy_7_iter_1.json,,/home/bhall2/Documents/fixmypolicy/FL/Experiment-2/temp_validation/val-25-ollama/policy_7_iter_1.json,13,deny_7882b319,Deny,['ec2:DescribeInstances'],['arn:aws:s3:::bucket'],allow_742d3572,allow_742d3572_combo_2,s3:PutObject,arn:aws:s3:::bucket/document.txt,arn:aws:iam::${aws:PrincipalOrgID}:root,"{'StringEquals': {'s3:prefix': ['home/${aws:userid}/', 'home/${aws:username}']}}",allow,deny,unsat,False
policy_7_iter_1.json,,/home/bhall2/Documents/fixmypolicy/FL/Experiment-2/temp_validation/val-25-ollama/policy_7_iter_1.json,13,deny_7882b319,Deny,['ec2:DescribeInstances'],['arn:aws:s3:::bucket'],deny_927fb97a,deny_927fb97a_combo_1,s3:PutBucketPolicy,arn:aws:s3:::bucket-forbidden/file.txt,arn:aws:iam::123456789012:user/alice,{'StringEquals': {'aws:RequestedRegion': 'us-west-2'}},deny,deny,unsat,True
policy_7_iter_1.json,,/home/bhall2/Documents/fixmypolicy/FL/Experiment-2/temp_validation/val-25-ollama/policy_7_iter_1.json,13,deny_7882b319,Deny,['ec2:DescribeInstances'],['arn:aws:s3:::bucket'],allow_8e41fd6f,allow_8e41fd6f_combo_1,s3:PutBucketPolicy,arn:aws:s3:::bucket/logs/app.log,arn:aws:iam::${aws:PrincipalOrgID}:root,"{'StringEquals': {'s3:prefix': ['home/${aws:userid}/', 'home/${aws:username}']}}",allow,deny,unsat,False
policy_7_iter_1.json,,/home/bhall2/Documents/fixmypolicy/FL/Experiment-2/temp_validation/val-25-ollama/policy_7_iter_1.json,13,deny_7882b319,Deny,['ec2:DescribeInstances'],['arn:aws:s3:::bucket'],allow_8e41fd6f,allow_8e41fd6f_combo_2,s3:PutBucketPolicy,arn:aws:s3:::bucket/document.txt,arn:aws:iam::${aws:PrincipalOrgID}:root,"{'StringEquals': {'s3:prefix': ['home/${aws:userid}/', 'home/${aws:username}']}}",allow,deny,unsat,False
policy_7_iter_1.json,,/home/bhall2/Documents/fixmypolicy/FL/Experiment-2/temp_validation/val-25-ollama/policy_7_iter_1.json,13,deny_7882b319,Deny,['ec2:DescribeInstances'],['arn:aws:s3:::bucket'],allow_8e41fd6f,allow_8e41fd6f_combo_3,s3:PutBucketPolicy,arn:aws:s3:::bucket,arn:aws:iam::${aws:PrincipalOrgID}:root,"{'StringEquals': {'s3:prefix': ['home/${aws:userid}/', 'home/${aws:username}']}}",allow,deny,unsat,False
policy_7_iter_1.json,,/home/bhall2/Documents/fixmypolicy/FL/Experiment-2/temp_validation/val-25-ollama/policy_7_iter_1.json,13,deny_7882b319,Deny,['ec2:DescribeInstances'],['arn:aws:s3:::bucket'],deny_7882b319,deny_7882b319_combo_1,ec2:DescribeInstances,arn:aws:s3:::bucket,arn:aws:iam::${aws:PrincipalOrgID}:root,"{'StringEquals': {'s3:prefix': ['home/${aws:userid}/', 'home/${aws:username}']}}",deny,deny,unsat,True
policy_7_iter_1.json,,/home/bhall2/Documents/fixmypolicy/FL/Experiment-2/temp_validation/val-25-ollama/policy_7_iter_1.json,13,deny_7882b319,Deny,['ec2:DescribeInstances'],['arn:aws:s3:::bucket'],deny_90bb3417,deny_90bb3417_combo_1,s3:ListBucket,arn:aws:s3:::different-bucket/file.txt,arn:aws:iam::${aws:PrincipalOrgID}:root,"{'StringEquals': {'s3:prefix': ['home/${aws:userid}/', 'home/${aws:username}']}}",deny,deny,unsat,True
policy_7_iter_1.json,,/home/bhall2/Documents/fixmypolicy/FL/Experiment-2/temp_validation/val-25-ollama/policy_7_iter_1.json,13,deny_7882b319,Deny,['ec2:DescribeInstances'],['arn:aws:s3:::bucket'],deny_6e715d5d,deny_6e715d5d_combo_1,iam:CreateUser,arn:aws:s3:::bucket/document.txt,arn:aws:iam::123456789012:user/alice,{'DateLessThan': {'aws:CurrentTime': '2025-12-31T23:59:59Z'}},deny,deny,unsat,True
policy_7_iter_1.json,,/home/bhall2/Documents/fixmypolicy/FL/Experiment-2/temp_validation/val-25-ollama/policy_7_iter_1.json,13,deny_7882b319,Deny,['ec2:DescribeInstances'],['arn:aws:s3:::bucket'],allow_c8ac2a77,allow_c8ac2a77_combo_1,s3:CreateBucket,arn:aws:s3:::bucket,arn:aws:iam::${aws:PrincipalOrgID}:root,"{'StringEquals': {'s3:prefix': ['home/${aws:userid}/', 'home/${aws:username}']}}",allow,deny,unsat,False
policy_7_iter_1.json,,/home/bhall2/Documents/fixmypolicy/FL/Experiment-2/temp_validation/val-25-ollama/policy_7_iter_1.json,13,deny_7882b319,Deny,['ec2:DescribeInstances'],['arn:aws:s3:::bucket'],allow_c8ac2a77,allow_c8ac2a77_combo_2,s3:CreateBucket,arn:aws:s3:::bucket/logs/app.log,arn:aws:iam::${aws:PrincipalOrgID}:root,"{'StringEquals': {'s3:prefix': ['home/${aws:userid}/', 'home/${aws:username}']}}",allow,deny,unsat,False
policy_7_iter_1.json,,/home/bhall2/Documents/fixmypolicy/FL/Experiment-2/temp_validation/val-25-ollama/policy_7_iter_1.json,14,deny_90bb3417,Deny,['s3:ListBucket'],['arn:aws:s3:::different-bucket/file.txt'],allow_4193f4bf,allow_4193f4bf_combo_1,s3:GetBucketAcl,arn:aws:s3:::bucket,arn:aws:iam::${aws:PrincipalOrgID}:root,"{'StringEquals': {'s3:prefix': ['home/${aws:userid}/', 'home/${aws:username}']}}",allow,deny,unsat,False
policy_7_iter_1.json,,/home/bhall2/Documents/fixmypolicy/FL/Experiment-2/temp_validation/val-25-ollama/policy_7_iter_1.json,14,deny_90bb3417,Deny,['s3:ListBucket'],['arn:aws:s3:::different-bucket/file.txt'],allow_4193f4bf,allow_4193f4bf_combo_2,s3:GetBucketAcl,arn:aws:s3:::bucket/temp/upload.tmp,arn:aws:iam::${aws:PrincipalOrgID}:root,"{'StringEquals': {'s3:prefix': ['home/${aws:userid}/', 'home/${aws:username}']}}",allow,deny,unsat,False
policy_7_iter_1.json,,/home/bhall2/Documents/fixmypolicy/FL/Experiment-2/temp_validation/val-25-ollama/policy_7_iter_1.json,14,deny_90bb3417,Deny,['s3:ListBucket'],['arn:aws:s3:::different-bucket/file.txt'],allow_4193f4bf,allow_4193f4bf_combo_3,s3:GetBucketAcl,arn:aws:s3:::bucket/data/file.json,arn:aws:iam::${aws:PrincipalOrgID}:root,"{'StringEquals': {'s3:prefix': ['home/${aws:userid}/', 'home/${aws:username}']}}",allow,deny,unsat,False
policy_7_iter_1.json,,/home/bhall2/Documents/fixmypolicy/FL/Experiment-2/temp_validation/val-25-ollama/policy_7_iter_1.json,14,deny_90bb3417,Deny,['s3:ListBucket'],['arn:aws:s3:::different-bucket/file.txt'],deny_fbfc89ab,deny_fbfc89ab_combo_1,dynamodb:DeleteItem,arn:aws:s3:::bucket/document.txt,arn:aws:iam::999888777666:PrincipalOrgID}:root,{'StringEquals': {'aws:RequestedRegion': 'us-east-1'}},deny,deny,unsat,True
policy_7_iter_1.json,,/home/bhall2/Documents/fixmypolicy/FL/Experiment-2/temp_validation/val-25-ollama/policy_7_iter_1.json,14,deny_90bb3417,Deny,['s3:ListBucket'],['arn:aws:s3:::different-bucket/file.txt'],deny_fbfc89ab,deny_fbfc89ab_combo_2,dynamodb:DeleteItem,arn:aws:s3:::bucket,arn:aws:iam::999888777666:PrincipalOrgID}:root,{'StringEquals': {'aws:RequestedRegion': 'us-east-1'}},deny,deny,unsat,True
policy_7_iter_1.json,,/home/bhall2/Documents/fixmypolicy/FL/Experiment-2/temp_validation/val-25-ollama/policy_7_iter_1.json,14,deny_90bb3417,Deny,['s3:ListBucket'],['arn:aws:s3:::different-bucket/file.txt'],deny_fbfc89ab,deny_fbfc89ab_combo_3,dynamodb:DeleteItem,arn:aws:s3:::bucket/logs/app.log,arn:aws:iam::999888777666:PrincipalOrgID}:root,{'StringEquals': {'aws:RequestedRegion': 'us-east-1'}},deny,deny,unsat,True
policy_7_iter_1.json,,/home/bhall2/Documents/fixmypolicy/FL/Experiment-2/temp_validation/val-25-ollama/policy_7_iter_1.json,14,deny_90bb3417,Deny,['s3:ListBucket'],['arn:aws:s3:::different-bucket/file.txt'],deny_e6526099,deny_e6526099_combo_1,s3:GetBucketAcl,arn:aws:s3:::completely-different-bucket/file.txt,arn:aws:iam::123456789012:user/alice,{'StringEquals': {'aws:RequestedRegion': 'us-east-1'}},deny,deny,unsat,True
policy_7_iter_1.json,,/home/bhall2/Documents/fixmypolicy/FL/Experiment-2/temp_validation/val-25-ollama/policy_7_iter_1.json,14,deny_90bb3417,Deny,['s3:ListBucket'],['arn:aws:s3:::different-bucket/file.txt'],allow_a61e99d7,allow_a61e99d7_combo_1,s3:CreateBucket,arn:aws:s3:::bucket,arn:aws:iam::123456789012:user/bob,{'DateGreaterThan': {'aws:CurrentTime': '2024-01-01T00:00:00Z'}},allow,deny,unsat,False
policy_7_iter_1.json,,/home/bhall2/Documents/fixmypolicy/FL/Experiment-2/temp_validation/val-25-ollama/policy_7_iter_1.json,14,deny_90bb3417,Deny,['s3:ListBucket'],['arn:aws:s3:::different-bucket/file.txt'],allow_a61e99d7,allow_a61e99d7_combo_2,s3:CreateBucket,arn:aws:s3:::bucket/temp/upload.tmp,arn:aws:iam::123456789012:user/bob,{'DateGreaterThan': {'aws:CurrentTime': '2024-01-01T00:00:00Z'}},allow,deny,unsat,False
policy_7_iter_1.json,,/home/bhall2/Documents/fixmypolicy/FL/Experiment-2/temp_validation/val-25-ollama/policy_7_iter_1.json,14,deny_90bb3417,Deny,['s3:ListBucket'],['arn:aws:s3:::different-bucket/file.txt'],deny_41905fdb,deny_41905fdb_combo_1,s3:GetBucketAcl,arn:aws:s3:::bucket-forbidden/file.txt,arn:aws:iam::999888777666:PrincipalOrgID}:root,{'DateGreaterThan': {'aws:CurrentTime': '2024-01-01T00:00:00Z'}},deny,deny,unsat,True
policy_7_iter_1.json,,/home/bhall2/Documents/fixmypolicy/FL/Experiment-2/temp_validation/val-25-ollama/policy_7_iter_1.json,14,deny_90bb3417,Deny,['s3:ListBucket'],['arn:aws:s3:::different-bucket/file.txt'],deny_b3141f4b,deny_b3141f4b_combo_1,iam:CreateUser,arn:aws:s3:::bucket/document.txt,arn:aws:iam::999888777666:PrincipalOrgID}:root,{'DateGreaterThan': {'aws:CurrentTime': '2024-01-01T00:00:00Z'}},deny,deny,unsat,True
policy_7_iter_1.json,,/home/bhall2/Documents/fixmypolicy/FL/Experiment-2/temp_validation/val-25-ollama/policy_7_iter_1.json,14,deny_90bb3417,Deny,['s3:ListBucket'],['arn:aws:s3:::different-bucket/file.txt'],allow_94546383,allow_94546383_combo_1,s3:DeleteBucket,arn:aws:s3:::bucket/logs/app.log,arn:aws:iam::${aws:PrincipalOrgID}:root,"{'StringEquals': {'s3:prefix': ['home/${aws:userid}/', 'home/${aws:username}']}}",allow,deny,unsat,False
policy_7_iter_1.json,,/home/bhall2/Documents/fixmypolicy/FL/Experiment-2/temp_validation/val-25-ollama/policy_7_iter_1.json,14,deny_90bb3417,Deny,['s3:ListBucket'],['arn:aws:s3:::different-bucket/file.txt'],allow_94546383,allow_94546383_combo_2,s3:DeleteBucket,arn:aws:s3:::bucket/data/file.json,arn:aws:iam::${aws:PrincipalOrgID}:root,"{'StringEquals': {'s3:prefix': ['home/${aws:userid}/', 'home/${aws:username}']}}",allow,deny,unsat,False
policy_7_iter_1.json,,/home/bhall2/Documents/fixmypolicy/FL/Experiment-2/temp_validation/val-25-ollama/policy_7_iter_1.json,14,deny_90bb3417,Deny,['s3:ListBucket'],['arn:aws:s3:::different-bucket/file.txt'],allow_94546383,allow_94546383_combo_3,s3:DeleteBucket,arn:aws:s3:::bucket/temp/upload.tmp,arn:aws:iam::${aws:PrincipalOrgID}:root,"{'StringEquals': {'s3:prefix': ['home/${aws:userid}/', 'home/${aws:username}']}}",allow,deny,unsat,False
policy_7_iter_1.json,,/home/bhall2/Documents/fixmypolicy/FL/Experiment-2/temp_validation/val-25-ollama/policy_7_iter_1.json,14,deny_90bb3417,Deny,['s3:ListBucket'],['arn:aws:s3:::different-bucket/file.txt'],allow_742d3572,allow_742d3572_combo_1,s3:PutObject,arn:aws:s3:::bucket,arn:aws:iam::${aws:PrincipalOrgID}:root,"{'StringEquals': {'s3:prefix': ['home/${aws:userid}/', 'home/${aws:username}']}}",allow,deny,unsat,False
policy_7_iter_1.json,,/home/bhall2/Documents/fixmypolicy/FL/Experiment-2/temp_validation/val-25-ollama/policy_7_iter_1.json,14,deny_90bb3417,Deny,['s3:ListBucket'],['arn:aws:s3:::different-bucket/file.txt'],allow_742d3572,allow_742d3572_combo_2,s3:PutObject,arn:aws:s3:::bucket/document.txt,arn:aws:iam::${aws:PrincipalOrgID}:root,"{'StringEquals': {'s3:prefix': ['home/${aws:userid}/', 'home/${aws:username}']}}",allow,deny,unsat,False
policy_7_iter_1.json,,/home/bhall2/Documents/fixmypolicy/FL/Experiment-2/temp_validation/val-25-ollama/policy_7_iter_1.json,14,deny_90bb3417,Deny,['s3:ListBucket'],['arn:aws:s3:::different-bucket/file.txt'],deny_927fb97a,deny_927fb97a_combo_1,s3:PutBucketPolicy,arn:aws:s3:::bucket-forbidden/file.txt,arn:aws:iam::123456789012:user/alice,{'StringEquals': {'aws:RequestedRegion': 'us-west-2'}},deny,deny,unsat,True
policy_7_iter_1.json,,/home/bhall2/Documents/fixmypolicy/FL/Experiment-2/temp_validation/val-25-ollama/policy_7_iter_1.json,14,deny_90bb3417,Deny,['s3:ListBucket'],['arn:aws:s3:::different-bucket/file.txt'],allow_8e41fd6f,allow_8e41fd6f_combo_1,s3:PutBucketPolicy,arn:aws:s3:::bucket/logs/app.log,arn:aws:iam::${aws:PrincipalOrgID}:root,"{'StringEquals': {'s3:prefix': ['home/${aws:userid}/', 'home/${aws:username}']}}",allow,deny,unsat,False
policy_7_iter_1.json,,/home/bhall2/Documents/fixmypolicy/FL/Experiment-2/temp_validation/val-25-ollama/policy_7_iter_1.json,14,deny_90bb3417,Deny,['s3:ListBucket'],['arn:aws:s3:::different-bucket/file.txt'],allow_8e41fd6f,allow_8e41fd6f_combo_2,s3:PutBucketPolicy,arn:aws:s3:::bucket/document.txt,arn:aws:iam::${aws:PrincipalOrgID}:root,"{'StringEquals': {'s3:prefix': ['home/${aws:userid}/', 'home/${aws:username}']}}",allow,deny,unsat,False
policy_7_iter_1.json,,/home/bhall2/Documents/fixmypolicy/FL/Experiment-2/temp_validation/val-25-ollama/policy_7_iter_1.json,14,deny_90bb3417,Deny,['s3:ListBucket'],['arn:aws:s3:::different-bucket/file.txt'],allow_8e41fd6f,allow_8e41fd6f_combo_3,s3:PutBucketPolicy,arn:aws:s3:::bucket,arn:aws:iam::${aws:PrincipalOrgID}:root,"{'StringEquals': {'s3:prefix': ['home/${aws:userid}/', 'home/${aws:username}']}}",allow,deny,unsat,False
policy_7_iter_1.json,,/home/bhall2/Documents/fixmypolicy/FL/Experiment-2/temp_validation/val-25-ollama/policy_7_iter_1.json,14,deny_90bb3417,Deny,['s3:ListBucket'],['arn:aws:s3:::different-bucket/file.txt'],deny_7882b319,deny_7882b319_combo_1,ec2:DescribeInstances,arn:aws:s3:::bucket,arn:aws:iam::${aws:PrincipalOrgID}:root,"{'StringEquals': {'s3:prefix': ['home/${aws:userid}/', 'home/${aws:username}']}}",deny,deny,unsat,True
policy_7_iter_1.json,,/home/bhall2/Documents/fixmypolicy/FL/Experiment-2/temp_validation/val-25-ollama/policy_7_iter_1.json,14,deny_90bb3417,Deny,['s3:ListBucket'],['arn:aws:s3:::different-bucket/file.txt'],deny_90bb3417,deny_90bb3417_combo_1,s3:ListBucket,arn:aws:s3:::different-bucket/file.txt,arn:aws:iam::${aws:PrincipalOrgID}:root,"{'StringEquals': {'s3:prefix': ['home/${aws:userid}/', 'home/${aws:username}']}}",deny,deny,unsat,True
policy_7_iter_1.json,,/home/bhall2/Documents/fixmypolicy/FL/Experiment-2/temp_validation/val-25-ollama/policy_7_iter_1.json,14,deny_90bb3417,Deny,['s3:ListBucket'],['arn:aws:s3:::different-bucket/file.txt'],deny_6e715d5d,deny_6e715d5d_combo_1,iam:CreateUser,arn:aws:s3:::bucket/document.txt,arn:aws:iam::123456789012:user/alice,{'DateLessThan': {'aws:CurrentTime': '2025-12-31T23:59:59Z'}},deny,deny,unsat,True
policy_7_iter_1.json,,/home/bhall2/Documents/fixmypolicy/FL/Experiment-2/temp_validation/val-25-ollama/policy_7_iter_1.json,14,deny_90bb3417,Deny,['s3:ListBucket'],['arn:aws:s3:::different-bucket/file.txt'],allow_c8ac2a77,allow_c8ac2a77_combo_1,s3:CreateBucket,arn:aws:s3:::bucket,arn:aws:iam::${aws:PrincipalOrgID}:root,"{'StringEquals': {'s3:prefix': ['home/${aws:userid}/', 'home/${aws:username}']}}",allow,deny,unsat,False
policy_7_iter_1.json,,/home/bhall2/Documents/fixmypolicy/FL/Experiment-2/temp_validation/val-25-ollama/policy_7_iter_1.json,14,deny_90bb3417,Deny,['s3:ListBucket'],['arn:aws:s3:::different-bucket/file.txt'],allow_c8ac2a77,allow_c8ac2a77_combo_2,s3:CreateBucket,arn:aws:s3:::bucket/logs/app.log,arn:aws:iam::${aws:PrincipalOrgID}:root,"{'StringEquals': {'s3:prefix': ['home/${aws:userid}/', 'home/${aws:username}']}}",allow,deny,unsat,False
policy_7_iter_1.json,,/home/bhall2/Documents/fixmypolicy/FL/Experiment-2/temp_validation/val-25-ollama/policy_7_iter_1.json,15,deny_6e715d5d,Deny,['iam:CreateUser'],['arn:aws:s3:::bucket/document.txt'],allow_4193f4bf,allow_4193f4bf_combo_1,s3:GetBucketAcl,arn:aws:s3:::bucket,arn:aws:iam::${aws:PrincipalOrgID}:root,"{'StringEquals': {'s3:prefix': ['home/${aws:userid}/', 'home/${aws:username}']}}",allow,deny,unsat,False
policy_7_iter_1.json,,/home/bhall2/Documents/fixmypolicy/FL/Experiment-2/temp_validation/val-25-ollama/policy_7_iter_1.json,15,deny_6e715d5d,Deny,['iam:CreateUser'],['arn:aws:s3:::bucket/document.txt'],allow_4193f4bf,allow_4193f4bf_combo_2,s3:GetBucketAcl,arn:aws:s3:::bucket/temp/upload.tmp,arn:aws:iam::${aws:PrincipalOrgID}:root,"{'StringEquals': {'s3:prefix': ['home/${aws:userid}/', 'home/${aws:username}']}}",allow,deny,unsat,False
policy_7_iter_1.json,,/home/bhall2/Documents/fixmypolicy/FL/Experiment-2/temp_validation/val-25-ollama/policy_7_iter_1.json,15,deny_6e715d5d,Deny,['iam:CreateUser'],['arn:aws:s3:::bucket/document.txt'],allow_4193f4bf,allow_4193f4bf_combo_3,s3:GetBucketAcl,arn:aws:s3:::bucket/data/file.json,arn:aws:iam::${aws:PrincipalOrgID}:root,"{'StringEquals': {'s3:prefix': ['home/${aws:userid}/', 'home/${aws:username}']}}",allow,deny,unsat,False
policy_7_iter_1.json,,/home/bhall2/Documents/fixmypolicy/FL/Experiment-2/temp_validation/val-25-ollama/policy_7_iter_1.json,15,deny_6e715d5d,Deny,['iam:CreateUser'],['arn:aws:s3:::bucket/document.txt'],deny_fbfc89ab,deny_fbfc89ab_combo_1,dynamodb:DeleteItem,arn:aws:s3:::bucket/document.txt,arn:aws:iam::999888777666:PrincipalOrgID}:root,{'StringEquals': {'aws:RequestedRegion': 'us-east-1'}},deny,deny,unsat,True
policy_7_iter_1.json,,/home/bhall2/Documents/fixmypolicy/FL/Experiment-2/temp_validation/val-25-ollama/policy_7_iter_1.json,15,deny_6e715d5d,Deny,['iam:CreateUser'],['arn:aws:s3:::bucket/document.txt'],deny_fbfc89ab,deny_fbfc89ab_combo_2,dynamodb:DeleteItem,arn:aws:s3:::bucket,arn:aws:iam::999888777666:PrincipalOrgID}:root,{'StringEquals': {'aws:RequestedRegion': 'us-east-1'}},deny,deny,unsat,True
policy_7_iter_1.json,,/home/bhall2/Documents/fixmypolicy/FL/Experiment-2/temp_validation/val-25-ollama/policy_7_iter_1.json,15,deny_6e715d5d,Deny,['iam:CreateUser'],['arn:aws:s3:::bucket/document.txt'],deny_fbfc89ab,deny_fbfc89ab_combo_3,dynamodb:DeleteItem,arn:aws:s3:::bucket/logs/app.log,arn:aws:iam::999888777666:PrincipalOrgID}:root,{'StringEquals': {'aws:RequestedRegion': 'us-east-1'}},deny,deny,unsat,True
policy_7_iter_1.json,,/home/bhall2/Documents/fixmypolicy/FL/Experiment-2/temp_validation/val-25-ollama/policy_7_iter_1.json,15,deny_6e715d5d,Deny,['iam:CreateUser'],['arn:aws:s3:::bucket/document.txt'],deny_e6526099,deny_e6526099_combo_1,s3:GetBucketAcl,arn:aws:s3:::completely-different-bucket/file.txt,arn:aws:iam::123456789012:user/alice,{'StringEquals': {'aws:RequestedRegion': 'us-east-1'}},deny,deny,unsat,True
policy_7_iter_1.json,,/home/bhall2/Documents/fixmypolicy/FL/Experiment-2/temp_validation/val-25-ollama/policy_7_iter_1.json,15,deny_6e715d5d,Deny,['iam:CreateUser'],['arn:aws:s3:::bucket/document.txt'],allow_a61e99d7,allow_a61e99d7_combo_1,s3:CreateBucket,arn:aws:s3:::bucket,arn:aws:iam::123456789012:user/bob,{'DateGreaterThan': {'aws:CurrentTime': '2024-01-01T00:00:00Z'}},allow,deny,unsat,False
policy_7_iter_1.json,,/home/bhall2/Documents/fixmypolicy/FL/Experiment-2/temp_validation/val-25-ollama/policy_7_iter_1.json,15,deny_6e715d5d,Deny,['iam:CreateUser'],['arn:aws:s3:::bucket/document.txt'],allow_a61e99d7,allow_a61e99d7_combo_2,s3:CreateBucket,arn:aws:s3:::bucket/temp/upload.tmp,arn:aws:iam::123456789012:user/bob,{'DateGreaterThan': {'aws:CurrentTime': '2024-01-01T00:00:00Z'}},allow,deny,unsat,False
policy_7_iter_1.json,,/home/bhall2/Documents/fixmypolicy/FL/Experiment-2/temp_validation/val-25-ollama/policy_7_iter_1.json,15,deny_6e715d5d,Deny,['iam:CreateUser'],['arn:aws:s3:::bucket/document.txt'],deny_41905fdb,deny_41905fdb_combo_1,s3:GetBucketAcl,arn:aws:s3:::bucket-forbidden/file.txt,arn:aws:iam::999888777666:PrincipalOrgID}:root,{'DateGreaterThan': {'aws:CurrentTime': '2024-01-01T00:00:00Z'}},deny,deny,unsat,True
policy_7_iter_1.json,,/home/bhall2/Documents/fixmypolicy/FL/Experiment-2/temp_validation/val-25-ollama/policy_7_iter_1.json,15,deny_6e715d5d,Deny,['iam:CreateUser'],['arn:aws:s3:::bucket/document.txt'],deny_b3141f4b,deny_b3141f4b_combo_1,iam:CreateUser,arn:aws:s3:::bucket/document.txt,arn:aws:iam::999888777666:PrincipalOrgID}:root,{'DateGreaterThan': {'aws:CurrentTime': '2024-01-01T00:00:00Z'}},deny,deny,unsat,True
policy_7_iter_1.json,,/home/bhall2/Documents/fixmypolicy/FL/Experiment-2/temp_validation/val-25-ollama/policy_7_iter_1.json,15,deny_6e715d5d,Deny,['iam:CreateUser'],['arn:aws:s3:::bucket/document.txt'],allow_94546383,allow_94546383_combo_1,s3:DeleteBucket,arn:aws:s3:::bucket/logs/app.log,arn:aws:iam::${aws:PrincipalOrgID}:root,"{'StringEquals': {'s3:prefix': ['home/${aws:userid}/', 'home/${aws:username}']}}",allow,deny,unsat,False
policy_7_iter_1.json,,/home/bhall2/Documents/fixmypolicy/FL/Experiment-2/temp_validation/val-25-ollama/policy_7_iter_1.json,15,deny_6e715d5d,Deny,['iam:CreateUser'],['arn:aws:s3:::bucket/document.txt'],allow_94546383,allow_94546383_combo_2,s3:DeleteBucket,arn:aws:s3:::bucket/data/file.json,arn:aws:iam::${aws:PrincipalOrgID}:root,"{'StringEquals': {'s3:prefix': ['home/${aws:userid}/', 'home/${aws:username}']}}",allow,deny,unsat,False
policy_7_iter_1.json,,/home/bhall2/Documents/fixmypolicy/FL/Experiment-2/temp_validation/val-25-ollama/policy_7_iter_1.json,15,deny_6e715d5d,Deny,['iam:CreateUser'],['arn:aws:s3:::bucket/document.txt'],allow_94546383,allow_94546383_combo_3,s3:DeleteBucket,arn:aws:s3:::bucket/temp/upload.tmp,arn:aws:iam::${aws:PrincipalOrgID}:root,"{'StringEquals': {'s3:prefix': ['home/${aws:userid}/', 'home/${aws:username}']}}",allow,deny,unsat,False
policy_7_iter_1.json,,/home/bhall2/Documents/fixmypolicy/FL/Experiment-2/temp_validation/val-25-ollama/policy_7_iter_1.json,15,deny_6e715d5d,Deny,['iam:CreateUser'],['arn:aws:s3:::bucket/document.txt'],allow_742d3572,allow_742d3572_combo_1,s3:PutObject,arn:aws:s3:::bucket,arn:aws:iam::${aws:PrincipalOrgID}:root,"{'StringEquals': {'s3:prefix': ['home/${aws:userid}/', 'home/${aws:username}']}}",allow,deny,unsat,False
policy_7_iter_1.json,,/home/bhall2/Documents/fixmypolicy/FL/Experiment-2/temp_validation/val-25-ollama/policy_7_iter_1.json,15,deny_6e715d5d,Deny,['iam:CreateUser'],['arn:aws:s3:::bucket/document.txt'],allow_742d3572,allow_742d3572_combo_2,s3:PutObject,arn:aws:s3:::bucket/document.txt,arn:aws:iam::${aws:PrincipalOrgID}:root,"{'StringEquals': {'s3:prefix': ['home/${aws:userid}/', 'home/${aws:username}']}}",allow,deny,unsat,False
policy_7_iter_1.json,,/home/bhall2/Documents/fixmypolicy/FL/Experiment-2/temp_validation/val-25-ollama/policy_7_iter_1.json,15,deny_6e715d5d,Deny,['iam:CreateUser'],['arn:aws:s3:::bucket/document.txt'],deny_927fb97a,deny_927fb97a_combo_1,s3:PutBucketPolicy,arn:aws:s3:::bucket-forbidden/file.txt,arn:aws:iam::123456789012:user/alice,{'StringEquals': {'aws:RequestedRegion': 'us-west-2'}},deny,deny,unsat,True
policy_7_iter_1.json,,/home/bhall2/Documents/fixmypolicy/FL/Experiment-2/temp_validation/val-25-ollama/policy_7_iter_1.json,15,deny_6e715d5d,Deny,['iam:CreateUser'],['arn:aws:s3:::bucket/document.txt'],allow_8e41fd6f,allow_8e41fd6f_combo_1,s3:PutBucketPolicy,arn:aws:s3:::bucket/logs/app.log,arn:aws:iam::${aws:PrincipalOrgID}:root,"{'StringEquals': {'s3:prefix': ['home/${aws:userid}/', 'home/${aws:username}']}}",allow,deny,unsat,False
policy_7_iter_1.json,,/home/bhall2/Documents/fixmypolicy/FL/Experiment-2/temp_validation/val-25-ollama/policy_7_iter_1.json,15,deny_6e715d5d,Deny,['iam:CreateUser'],['arn:aws:s3:::bucket/document.txt'],allow_8e41fd6f,allow_8e41fd6f_combo_2,s3:PutBucketPolicy,arn:aws:s3:::bucket/document.txt,arn:aws:iam::${aws:PrincipalOrgID}:root,"{'StringEquals': {'s3:prefix': ['home/${aws:userid}/', 'home/${aws:username}']}}",allow,deny,unsat,False
policy_7_iter_1.json,,/home/bhall2/Documents/fixmypolicy/FL/Experiment-2/temp_validation/val-25-ollama/policy_7_iter_1.json,15,deny_6e715d5d,Deny,['iam:CreateUser'],['arn:aws:s3:::bucket/document.txt'],allow_8e41fd6f,allow_8e41fd6f_combo_3,s3:PutBucketPolicy,arn:aws:s3:::bucket,arn:aws:iam::${aws:PrincipalOrgID}:root,"{'StringEquals': {'s3:prefix': ['home/${aws:userid}/', 'home/${aws:username}']}}",allow,deny,unsat,False
policy_7_iter_1.json,,/home/bhall2/Documents/fixmypolicy/FL/Experiment-2/temp_validation/val-25-ollama/policy_7_iter_1.json,15,deny_6e715d5d,Deny,['iam:CreateUser'],['arn:aws:s3:::bucket/document.txt'],deny_7882b319,deny_7882b319_combo_1,ec2:DescribeInstances,arn:aws:s3:::bucket,arn:aws:iam::${aws:PrincipalOrgID}:root,"{'StringEquals': {'s3:prefix': ['home/${aws:userid}/', 'home/${aws:username}']}}",deny,deny,unsat,True
policy_7_iter_1.json,,/home/bhall2/Documents/fixmypolicy/FL/Experiment-2/temp_validation/val-25-ollama/policy_7_iter_1.json,15,deny_6e715d5d,Deny,['iam:CreateUser'],['arn:aws:s3:::bucket/document.txt'],deny_90bb3417,deny_90bb3417_combo_1,s3:ListBucket,arn:aws:s3:::different-bucket/file.txt,arn:aws:iam::${aws:PrincipalOrgID}:root,"{'StringEquals': {'s3:prefix': ['home/${aws:userid}/', 'home/${aws:username}']}}",deny,deny,unsat,True
policy_7_iter_1.json,,/home/bhall2/Documents/fixmypolicy/FL/Experiment-2/temp_validation/val-25-ollama/policy_7_iter_1.json,15,deny_6e715d5d,Deny,['iam:CreateUser'],['arn:aws:s3:::bucket/document.txt'],deny_6e715d5d,deny_6e715d5d_combo_1,iam:CreateUser,arn:aws:s3:::bucket/document.txt,arn:aws:iam::123456789012:user/alice,{'DateLessThan': {'aws:CurrentTime': '2025-12-31T23:59:59Z'}},deny,deny,unsat,True
policy_7_iter_1.json,,/home/bhall2/Documents/fixmypolicy/FL/Experiment-2/temp_validation/val-25-ollama/policy_7_iter_1.json,15,deny_6e715d5d,Deny,['iam:CreateUser'],['arn:aws:s3:::bucket/document.txt'],allow_c8ac2a77,allow_c8ac2a77_combo_1,s3:CreateBucket,arn:aws:s3:::bucket,arn:aws:iam::${aws:PrincipalOrgID}:root,"{'StringEquals': {'s3:prefix': ['home/${aws:userid}/', 'home/${aws:username}']}}",allow,deny,unsat,False
policy_7_iter_1.json,,/home/bhall2/Documents/fixmypolicy/FL/Experiment-2/temp_validation/val-25-ollama/policy_7_iter_1.json,15,deny_6e715d5d,Deny,['iam:CreateUser'],['arn:aws:s3:::bucket/document.txt'],allow_c8ac2a77,allow_c8ac2a77_combo_2,s3:CreateBucket,arn:aws:s3:::bucket/logs/app.log,arn:aws:iam::${aws:PrincipalOrgID}:root,"{'StringEquals': {'s3:prefix': ['home/${aws:userid}/', 'home/${aws:username}']}}",allow,deny,unsat,False
